# Resource object code (Python 3)
# Created by: object code
# Created by: The Resource Compiler for Qt version 6.10.0
# WARNING! All changes made in this file will be lost!

from PySide6 import QtCore

qt_resource_data = b"\
\x00\x01\xcb#\
\x89\
PNG\x0d\x0a\x1a\x0a\x00\x00\x00\x0dIHDR\x00\
\x00\x02_\x00\x00\x02\x09\x08\x06\x00\x00\x00\x9bhX\xf7\
\x00\x00\x00\x01sRGB\x00\xae\xce\x1c\xe9\x00\x00\x00\
\x04gAMA\x00\x00\xb1\x8f\x0b\xfca\x05\x00\x00\x00\
\x09pHYs\x00\x00\x0e\xc3\x00\x00\x0e\xc3\x01\xc7o\
\xa8d\x00\x00\xff\xa5IDATx^\xec\xfdw\x9c\
$Wy\xef\x8f\x7f\xaa:\xf7\xf4\xe4<\xb3Y\x9b\xa5\
\x95VB\xe1\x82\x10\x06a\xc9D\x09\x10\xc6\x06\x87K\
\xbe\xc6d\xfb\x07\xbe_06\xd7/.\xc6\x06.&\
'\x13L\x10\x18\x84@+\x09!\xadr\x96V\xdaU\
\xd8\xa4\xd5\xee\xec\xce\xccN\x8e=\xa1s\xf7\xf9\xfdQ\
U\xa7\xabN\xa8\xaa\x8e3\xbb[\xefU\x8f\xa6\x9f\xe7\
\xf3<\xe7\xd4\xe9\x0a\xcf\x9c\xaa\xaeR\x0a\x85\x02\x81\x87\
\x87\x87\xc7Y\x06!g\xd6\xae\x8d\xf6\xb6\xa2n\x17\x83\
\x85i\x84F\x1e\xa9\x8c\xd0\x1f\x1cb+\xef\xb0\xbe\x95\
;\xed\xf3i^\xa9\x06\x80\xf8\xe37\x8d\x8f\xd0_\xa4\
\xd8\x0c/\x94\x98\x01\x00\xc4pH\xfd\xec\x1bS\x9f8\
\x9f\xec\xad\xe9\x1da}&hW\xa4\x0a\xfbx\xb8\xdf\
\x8ex\x99\xa4\xc7\x9c\xce\x8a\xe6\xa6\x1d\x17\x2213\x0e\
K&1\x8c\xd3V+\xe8\x93\xbd\xde\x0a;>\x8aW\
|yxxx\x14!\xd6\x1f+\x06\xd7:gp\x83\
\xcdaW\xea\xb0\xc2\xc9$\x06\xce\xcc\xc2\x08\x8ao\x05\
\x91\x0e\x05\x01`\xd6\xc8\x95\xec\x01\xcf\x8cSQA\xbd\
\xfc/\xd6\x16\x05ih\xbf\xa4>\x91A\xf0Y\x99\x0c\
\x9c\x0f\xb0\xb4!\xf6k\x14\x17U\xa2\x12w\xd5\x84\xde\
7\x1b\x91\xb8\x09>@\xac\xb3Rt\xd9/\x9c\xd0,\
0j&\x81\x03b\xb3\xc0d\xa2\xd8'{\x1d\x8fy\
\xd9U\xab\xcb\xc3\xc3\xc3\xe3\xdcF\x01\xa0(\x80\xa2\xfd\
\xd0^PXY\xcd\xe1Z\xe4\x0cnP,\xff\x18W\
yp\xc3\xa1\xbd\xe1\xcc,R\xa7c\xa4\x18\x17!\xb6\
\x12[\xa7\xa8W\xc5w\x0e\xa1E\x5c\x0b\x01\xf0\x9f\x90\
\x8bxG\x01\x83D/1\x17q\x14\x14\xb1H\xf9Q\
\xa4H\xccVl\xe2e\x08\xe4\x9aI\xe0\x80\xdc,G\
\xef\x93\xf6_I\x98\xf5^\xf1\xe5\xe1\xe1\xe1!\xc1\xd8\
\xf5k\xf5\x97\xa9\x18\xa3\x05\x99\xe8U=\xb8\x8c\x9c\xa1\
4\xb8\x22\xac\x92|\x5c\xc7\xd8\xdfJ\xc5:\x86n\xba\
\xe6F)\xf3(\xd0?\xc6\x92\xb0o\xcb\xa0\xd8\xafR\
)'F\xc3]\xcfP\x92\xd2\x8c\xa04,\x81\xd2b\
9\xb5\xe4\x0f \xde\x22\xa7\xf8\x99\x08\xa2\x04&g\xb4\
\x5c\xa5\x86*\xfa\x0f\xaf\xf8\xf2\xf0\xf0\xf0p\x81\xb1\xdb\
\xa6\xbbo\xe9^\x97UJ\x85\xae\xa9<\x03\x8b\xfb\x8c\
\xee\x97\xc0\x9d\xca\xa04u\x99\xd8v\xde\xd6Y%\xaa\
\x90\xbfN)\xdch\xca\xa8VM\x08b\x05&)\xa5\
h\x1d\x11$3\x99\x04^1\x0a\xfdQ2\xde5_\
\x1eu\xc7\xe9Z\x8bZ\xa2T\xb4\xf3\xf0(\x87\x95\xfc\
\xbck\x89\x02\x80(\xcc5,\xd2E5\xafwf\x91\
4\x80Ca\x9b\xe0\x0c\xee)\x86\x14\xaf_q\xc2V\
\xc2tJp\xf5\x92\x06c\x96\xa84\x8f\x9b\xaeY\xae\
\xbb\x91\x0f\x88\xdd*\xe8\xb4~\x12\xfa\xc3je\x16\x99\
\xd3X\xde\x9a\xda\x10\xa4b\xde*\x00\x0aV\xa3\xdd2\
0\x1d\x14\xcat\xa3\xd5\xc7+\xc5\xcbZ\xa4\xe8\x97\x8b\
\xa8G\x22\xd1\xcc&\xa7D\x07\x91K\x92\x9c\xd3\x19\x08\
\x1cE\x93x\x9c\x0d\x81 T\x0eQLk\x84\xbbH\
\xaf\xf8\xf2\xf0\xf0X\xf58\x1d W\x13\x96\x9e\x96\xd4\
m\xf7b\xa1Rh\x14\xc3K\x9d\xaf\x1e\xb6u3N\
i\xf1\x05\xabV\xae*\xa7\xf82\x19Y\x0bo\x02\x0c\
e\xf1\x87\x10q\xac`\x09\xb910\xbf)\xbes\x17\
\xc7\xa9$\xfd0Ke\x91E\xa3\xd5\xc7+\xa5m\xe8\
\x10\xeb\x0f!Lw8\xb8^Jt\x10\xb9,\x86\xe2\
\x1bNg p\xf0&\xc6\xe2\xaek\x1c\x8e_j`\
\xf0N;zxx\xacz\x14E\xa1\xaf\xd5\x8e\xa5\x87\
%uW1\xbd\xca\xa0\x840\xa1Th\x5c)j\xdf\
\x19w\x87H\x97\xc8\x8f\xdf\x9co\xa5X%\xddX\x85\
0\xebZ\x99\xab^1\xcc]\x02\xaf\xf8\xf2\xf0\xf08\
\xa38\x13\x0a0\x0beu\xb7\xac\xa0\x0a\xa8\xa0\xe8\xab\
\x05z\xa5\xe0T0\xb8\xf1;i\xecp\x15\xebJ\xe4\
\x0ei*\xa9\xa3\x88\xdd\xb2\x8a\xed\xd6\xcf[\xacY\xcd\
Ts}\xadf.\xb8\xca\xe7\x15_\x1e\x1e\x1eg\x1c\
\x96\x99\xb0UX\x8cU\xa7G\xab\xac \xaa\x06\xa6#\
\xbc\xd3\xc1\xde\xc9\xef\x0a\xbb\x8a\xc4\x01\xbb0;_\xd5\
\xa9ic\xa6\xf5\xcb\xa1\x1d\x07w\x89C}\x96\xad\xd7\
e\xe0\x15_\x1e\x1e\x1eg4\x8a\xa9\x18[MXz\
SQ\x1dUv\xa0\x14\xf7\x07I\x170\xc9\xaa\x9a\xbb\
\x96\x94V-\xb8\xc6\x92\xb2\x06\xf9W\x14\xb7\xcb\xe3V\
Wgj\xd9->\xb7\xfdv\xeb\x15_\x1e\x1e\x1eg\
\x0d\xab\xba\x00\x13\x1a\xdcRv`\xc5\xd8\xd6(R\xc7\
\xcaSn\xd7l\x97\x97\xc5Nh\xe7s\x8b\xcb\x1c.\
e\x02\xb4\xc8\xf2\xe3+\xc4\xa6a\x1bW\x8d\xb0nc\
\xb5n\xdf+\xbe<<<\xce*V\xeb\xa9\xc8UM\
I\x15Ge\xb8i\xca\xc9\x0f\xd8\x8b\x08\xfd\xe1\x06\x1b\
\xa1\x8dK\x84\x93\xdc\xce\xcf\xf98\x83\x18G\x99T`\
rH5\x1a%\x8d\xa7\x8d\xae\xe8\xb2\x11\xc9\xbc\x02#\
\x11\x9b5\xa4\x0e\x1bl\x13\x96\x83|?\xe4\x15_\x1e\
\x1e\x1eg\x1d\xf2]\xde\x99\xcc*[*\xe6 e{\
\xdc\xb2u\x9a\xa0:{1\x11\xdebB\x83\xb8m\xcb\
\x09\xa7\x1c\x82\xe5\x17\xa3y8\xbf\xde\xcf\xeatW\x9e\
A\xee\xd1\xa8\xd4\xbf*)\xab\xd3e\x05\xb9\x80\xdfn\
\x89W|yxx\x9c\xbd\xf0;\xbdzS\x8b\xdd\xb9\
0gu\x8e\xe0g\x06\x15.g%CUIlI\
T\xab\x117y\xdch\xaa\x00\xd7\x0cg\xd0\x90\x98\x05\
\xb8W\x96J\xa9\x99\x9d\xee\x8f&\xc2+\xbe<<<\
\xceN\x14\xfac\xf5P\xc6N\xbaHE\xc1\x80m\xf1\
 \xf6\xf0\x16\x1d\xa9C\x80Ik\x1bf\xeb,\x22\x97\
\x89\x97A\x0e\xaf'b\xb3\x09\xdd)\xf5\xebP\xbf\xf6\
\x8bEn\x9b\x1f\x9cS*\xa7\x0e\xa1\xd7\xb1\x9b\xd2\xbc\
,.\x84\xb4\x1b\x0e\xba\xb2\x11\xe4\x15\x98\xa4\xb8\xea\x9a\
\xa3\xa0\x1c\xe4-{\xc5\x97\x87\x87\xc7Y\x89\x02\xe3\xd2\
\xaf\x95)\xc0\xc4\xbb\xdc\xca\x10\xe6\x14\x1aK\xa0\xd4x\
\x81\xdej\x12\x08J\xc0.\xba\x9c\x19\x06\x03z\x18\x94\
\x1f\x0f\xa5\x94\x11B#J\x8bs9\x92RG\x09\x94\
\xb7P\x5c\x90\x9b\x14\x16\x8d\xcd9c\xa1Y`\x14\x98\
\xa4\xb8\xd3\xbaS\x89(w\x9d\xf4\x8a/\x0f\x0f\x0f\x8f\
*\xc3\xed\x8f\xcb>\xd0\x19T\x14\x0c\x94\x91A\xa8\x17\
\x1amp\xab\xd7u\xda\xff$A\x12s\x15\x06\xd7\x96\
bfy\x1b\x16\x8f\x5cV\x12Nil\x97Z^\xdf\
\x94\x84S\x0e'?8\x8d<B\xee\x11a\xa3\xb6q\
\xb9\xa1\xc2p\xd7x\xc5\x97\x87\x87\xc7YK\xbdv\xa4\
\xf5@\xb8,B#\x8fT&qH\xcc.0E2\
I\xa49u\x87\xf6?\x89\xcae1a;\x0bAl\
\xd3k.\x89\x9f\x22\xc8!\x0b\x11H9\xac\xfe\xe2@\
\xd8\xc6\xd9:m'\x96JB\x9c\xa3h\x15\xfb\xad\xb8\
\xd1\xc0N'p\x08LR\xdci]>GT\x80\xbd\
^\xec5\xac^\xf1\xe5\xe1\xe1qV\x22\xde\xf5\xd5\x16\
\x22j\x973\x94\x8e0\x85\xd0\xc8#\x94Y:*T\
\xf002#E\xd1l\x120\xbfJ[\xd0\x1d\xda\xff\
$*\xdbb\xa2\x18iWxY]\xd2^\xdb \xee\
\x84\xc5d\xbb\xa0V?/59\xec\xe0\xbe\x1d\xe9\x14\
\xc0C\xf4\x7fv\x10\xe3\x07\xb7\x80\xeco\x22\x9d\x0c\x17\
c\xe8\x80\xd6oI\x84\xc9e\xa3b(\xbf\xf0\x02J\
\x0f2\xcb\xbd\xe2\xcb\xc3\xc3\xe3\xec\xa5\xc4\x9dc\xd5\xa9\
\xb8}\xc9aD`\x12\xe1,\xb3*\x84\xad\x09\x8d6\
\x98\xb4\xb6a\xbaS\xfb\x9f\xad\xd2\x16B\x7f\xd8\xe0\xe4\
\xb7E\x1c,\xb6\x1a\xc8\xbd\xbc\xc72\x10\x02\xbf\x0e\xe7\
\xe0\x0c.\xe0\xaa7\x0br\x97\xd8j\x875B\x5cx\
\xad8Nc^6|F\xd6\xe2\x15_\x1e\x1e\x1eg\
'\xec\xde\xae\xc6\xd4\xa29\xe1\xc1\x903\x88q)+\
\x0b>7oq\x83m\x94\xbe\xf0\xb6\x1a8%1c\
\x1dM\xcb;\xe1@\xeb\x08|2\xa9\x86\xd3\xbc\x92\x00\
\x97\x01\xd6\xde\x97J\x09\xfd\xb2\x08\xadQ6.\x8a\xc4\
\xec\x9eR\xc7\xdc\xd6Y}\x04\xdd+\x19\xaf\xf8\xf2\xf0\
\xf08\xcb\xa9t7Y\x06\xd5\xd8;\x8b\x12\x08L\x22\
le\xd4YTU\xad\xbbz\x12\xdb|\x16\xa7\xad\xd2\
\x11\xbbS\x8dp\x9b]\x22p\x15+@\x18#4\xea\
\x98|.eb\x88\xddx\xe8\x85\x97\xd4o\xc2\x8d\x06\
nuz\xa7$Z\xa1Y`\xd4L\x02\x87\x00w*\
\xd0\xc1r\xad7C\xca\x0d\xd4!^\xf1\xe5\xe1\xe1q\
\x16R\xdc/V\xb2\x87tG\xa5\xfba\x1e7W\xe5\
\xc8\x91\xc6Y:*UYad\xe2e\xe5-np\
\x8a\x12\xb7e\xc6\xa5\xd7N&\xf1\x15\xcd\x12\x81\x19\xda\
Q\xc9\xa7&0\x95\x8c%\x87 \xa1\xbc\xbe\x01\xe0\xee\
\xae\xff\xfa\x22\xd8\xe2fL\x9d\xbaj`\xe3\xb2\xa0\xe9\
\xdc\xa9\xdd\xa9PbV+\xf2\x02\x17zF[\x01\xc5\
+\xbe<<<\xce*\x8a\xbb>w;\xc1J\xa8~\
\x0b\xc2\xc3\xb7\xeb}\xba\x0b\x09G91E\xf4h\xb7\
I\x5c\xca\xed\x0fpp\xcc@\x8c\x1fT&\xd0\x0bL\
\xb0\x98%\x023&\x09\xa7\xb6\xb4_4\xc9\x90\xfa,\
\xcb P9\x14^np\x13\xef\xa4\xe1{'\x8e\xe0\
u&\x84\x0e\xa1Q\xc36\x99\x8c*\x0cX\x89\x88\x9a\
S\x0a\x85\x82\xc8\xee\xe1\xe1\xe1qFAwd\xfc/\
5\x81\xcb\xce\x19JERx\xc1}nN\xe6`\xe0\
\xdc\x06\x8cC\xac3Y\xdd\x1e\xcf\xa8\xce^-/\xbe\
\xf4h\xa9_\xe6+\x1a\xe9o\x02\x9d\xa5oR\xbf\xe8\
\x0d\xf8O\xcf\xf4V\x90J\xb3\xda\x8d\x1b\xd7\x0d\xb1R\
\xbc\xbcf\x88\xadF>\x1e\x96\xd1`\xcd\x1cV\xb3|\
\xc1\x84f\xa1\x11\xfc\x98\x9aa\x5c6J\x13\x0ec.\
A>Ff\xe4N\x8bG\x7f\xe3\xcd|yxx\x9c\
\xf1\xb8\xdb9V\x0f\xae\x19\xceP*\x92\xc3\x0cq\x97\
\xdb\x9d\xac\xa8\xb0\xd53\x0e^g\x8a\xb6M\xc4\xe0\xa6\
\xf0rq\xdd\x92\xdc/\xa3\xd8\xaa\xebP\x81\xd0b\xe2\
\xde\x08\x02tx\x8f\xae\xe7\x1dEt\x9f\x9d\xc4\x0d\xa4\
\xc2\xc2\x8bCb\xb6\x22_6\x89\xb9t\x98D\xae\xf3\
\xba\x162\xe8\x1f\x99\x1c\xb1\xd3\x12\xc6\xe4\xf0\x8a/\x0f\
\x0f\x8f3\x1f\xc7\x9dc\xf5\xb04S\x95vm\x0a/\
\x17He\x5cG]\xe0(3\x09\xc4\xbf\x8aq\x14h\
\x1a\xb9L\xf7\xc8\x05\x12\x04\x01\x92\xcfL3\xf1\x9d\x90\
\xc8]!\x8cs\x99\xd0Q\xe2\x98\x87_\x1636.\
1\xae\x02\x5c\x89\xac\x08B*\xbb\xeaQ\x06\xfd\x84\xeb\
\x82S;^\xf1\xe5\xe1\xe1qF\xc3\xef\xe4\x1c\x8fJ\
eS\xfd\xac\x95\x1db\x9cc\xf9\xb1p\x8e)R\x8a\
V\x88\xa9y\xdbC\x9f}\x9d X\x0a\x1e\x02vV\
\xcc)\xa2\x88{%\x8b>\x1b\xc7\x9by\x9b\x00\x99\x86\
\xb7\x8b-\xbc\xd5\xa0\x84\xf5\x8a\x1b3A\xa4\xc0dP\
\x8c\xd0E\x12\xad\xd0,0\xda\xf6\x5c\xd0=\x1b\xb5\x89\
\xf2N7\xba\x83\xcf\xcaY8\x83W|\x9d\x15,-\
-\xe1U\xafz\x15TU\xe5^\xb1X\x0cO?\xfd\
\xb4Es\xeb\xad\xb7\xb2)\x00\x00O?\xfd4b\xb1\
\x18\x97\xa3\xbb\xbb\x1b?\xfc\xe1\x0fA\x98\xf9\xeb\xd3\xa7\
O\xe3\xfd\xef\x7f?\x1a\x1b\x1b\xa1\xaa*\xfc~?\xae\
\xba\xea*<\xf8\xe0\x83T\xfb\xf0\xc3\x0f#\x18\x0c\xe2\
\x9ak\xae\xc1\xf2\xf22\x00 \x97\xcb\xe1O\xff\xf4O\
\xa1\xaa*\xf6\xec\xd9C\xf3\x19\xda7\xbc\xe1\x0dH\xa5\
R\xd4\xee\xe1\xe1\x0e\xc1\x9e\xb9\x96T\xa1)a\x0a\x97\
\x8ba+\x918%fa\x9b\xbc\xd6d\x11\xff*E\
\xd3H\x94\x8e\x07E]`#\x22\xf4\x87\xc5b}'\
\xc9a\x13&\x86j$e\x82\xd0hPt\xda\xca,\
0J\xdbS\xb3\xd0\xfa%YV\x0e\x1b\x0dM\xe1\xa0\
\xb17h\x08\xcdBci\xb8K\xe1\xb8\x82I!.\
\xc6\xba\x5c\xbc\xe2\xeb,\xe3\x9ak\xae\xc1\xfb\xde\xf7>\
\xfaz\xef{\xdf\x8b\xf6\xf6vVfK0\x18\xc4;\
\xde\xf1\x0e\xbc\xef}\xef\xc3\xa5\x97^\x8a\xa9\xa9)\xbc\
\xff\xfd\xef\xc7\x03\x0f<@5O>\xf9$.\xbc\xf0\
B\xfc\xe7\x7f\xfe'\x82\xc1 \xfe\xe4O\xfe\x04k\xd7\
\xae\xc5#\x8f<\x82\xab\xaf\xbe\x1a\xdf\xf9\xcew\x00\x00\
\x1b7nD\x7f\x7f?\x0e\x1d:\x84\x89\x89\x09\x00\xc0\
\xc4\xc4\x04\x9ez\xea)\x00\xc0=\xf7\xdcCs\x1e:\
t\x08\xb9\x5c\x0e\xbbw\xefF8\x1c\xa6v\x0f\x0f\x16\
b\xde1:\x1d!*\xc4h\x82\xb6`yS\x0e\xc6\
I\x15A\x12\x81I\x84T\xc6uT`6#qX\
M&\x91\xf8W1\xb4f\xb2Q\xda\x1e\x17\xf5h\xb9\
\xa0\x98\xd9\xa2)\xbe\x11\xfb\x19\x9f\xc5b}\xc7\xa5\xa5\
\x06\xc1\xa7\xc7\x05\x98\xd1WV\xa7:\x92\x1e\xec\x0d\x95\
I\xa9\xbf\x95\xc6\xea\xd8\x8d\x17\xccY9]\xd1\xc0\xb9\
\x18\x84\xcb\xc0\x19$:\xf0\xc6\xe2\x16!Tk\xf0C\
a\x83\xaep3\xe6\x12\xec\xc7Q\x9c\x91\xb3r\x86\x22\
^\xf1u\x96\xf1\xa1\x0f}\x08\xdf\xfd\xeew\xe9\xeb?\
\xfe\xe3?\xb0a\xc3\x06VfKOO\x0f\xbe\xf8\xc5\
/\xe2\xbb\xdf\xfd.\x9ex\xe2\x09\xbc\xf3\x9d\xefD\xa1\
P\xc0\xc0\xc0\x00\x00 \x1e\x8f\xe3\xa3\x1f\xfd(\xe6\xe7\
\xe7\xf1\xf9\xcf\x7f\x1e\x93\x93\x93\xb8\xe3\x8e;000\
\x80_\xfc\xe2\x17\x00\x80\xcf\x7f\xfe\xf38y\xf2$\xda\
\xdb\xdbq\xfe\xf9\xe7cbb\x82\xc6\x1f9r\x04C\
CC\x00\x80\xc7\x1e{\x0csss \x84\xe0\xa1\x87\
\x1e\x02\x00\x5cy\xe5\x95\xb4/\x1e\x1e,\xfc_\xf5\x92\
\xbd[-\xa8\xb8)\x9b\xc3\x8b\xd4a\xc5\x9dLSq\
C\xe5\x80\xad\xde\xe4\x90jt\xf4c\x9e=\x0e\x1a\xa2\
\xe7q\xc4\x8d\xc6\x96\xe2AZ\x88`PdR\x88\xe5\
\xee\xb0\xe9\x02*\xc9kB\x1e\xafy\xcak\xa3\xc4\xa8\
\x12\xa4\x94rb*\xa0\x1e\xcdy\xc5\x97\x87-\x8b\x8b\
\x8b\x18\x19\x19AGG\x07\xae\xb8\xe2\x0a\x00\xc0\xb1c\
\xc7\xf0\xdcs\xcfa\xfd\xfa\xf5\xf8\xab\xbf\xfa+\xf8|\
>\x00\x80\xa2(\xb8\xee\xba\xebp\xcd5\xd7`dd\
\x04\x8f>\xfa(\xc2\xe10\xae\xbc\xf2J\x10B\xb0o\
\xdf>\x00\xc0\xfd\xf7\xdf\x8f\xbe\xbe>\xbc\xfd\xedo\xc7\
\xe1\xc3\x87100\x80\xf9\xf9y\x1c;v\x0c==\
=\xd8\xb6m\x9b\xa5\x0f\x1e\x1e\x06\xf5\xd8)\x1a\x94x\
Hq\x854\x9f\xd4aE*\xb3tV\xaa\xb2\xe2J\
f\x15\xb9\x1a\x13\x8b@\xae\x96{\xa0y\xed\x05\x12\x8a\
A\xce\xe1\xe2\xa5\x11[+\xc1\xdd\xb2\xb8\x908`?\
sD=\xdc\x02Jb8\x9d\x0d\x02\x9d\xc0T\x1e\xa6\
D\xae\xbbd\x12\xba\xd2\xb3\xd8\x06\xd9:\x8b8\xc8\xbc\
\xe2\xeb,\xe3\xfa\xeb\xaf\xb7\x5c\xaf\xf5\xcew\xbe\x93\x95\
8244\x84\xfe\xfe~\xa8\xaa\x8a\x96\x96\x16\xdc}\
\xf7\xdd\xf8\x97\x7f\xf9\x17l\xdf\xbe\x1d\x000>>\x8e\
d2\x89\x0d\x1b6\xa0\xb9\xb9\xd9\x12\x1b\x89D\xd0\xdd\
\xdd\x0d\xe8\xd7\x84\x01\xc0e\x97]\x06EQ\xb0\x7f\xff\
~\xcc\xcd\xcd\xe1\x91G\x1e\xc1E\x17]\x84\x1bn\xb8\
\x01\x89D\x02O=\xf5\x14\x86\x86\x86\xf0\xc2\x0b/`\
\xdb\xb6m\xe8\xea\xea\xb2\xe4\xf4\xf0\xa0\xfbR\xbaC3\
,\x0e{\xb82\xe1\xb2V\xd8\x94\xf4\x94\x8a\xcb\xbc\xb6\
2\x8b\xa3\xf8F\xaa\x07\xef\x14\xe7\xd7-b'\x8f\xae\
\xd3\xa46A\xf4\xd4\x9a\x1c\x077`h\x04\xcb\xce\xb5\
\xec\x94\xcc\xc9oA\xf09\x9a\x96\xdb\xea19D\xfd\
2\xe0\xc6C\xa8r\xc0\xfe:/j\xe6\xfcE\x83\xdb\
.h.c\xd9\xc4\x85\xa5\xc0\xa4!pp\xe3i\xc6\
\xc6%G\xb2L.\xb1_7\xe5N\xb7\xe3g\xe0\x15\
_g\x19\xec5_W]u\x15+q\xc4|\xcd\xd7\
\xf5\xd7_\x8fh4\x8a\xbf\xfd\xdb\xbf\xc5\x87?\xfca\
d\xb3YV\xee\xc8\xa6M\x9b\xd0\xdd\xdd\x8d\x03\x07\x0e\
\xe0\xc0\x81\x03x\xfe\xf9\xe7q\xe5\x95Wb\xf7\xee\xdd\
\xe8\xe9\xe9\xc1\xddw\xdf\x8d\xa3G\x8fbqq\x11W\
^y%b\xb1\x18\x9b\xc2\xe3\x1c\x85\x18;C\xe3E\
\xad\xb5\x83\xdb\x89V\xd8\x9c\xf4\xe0\x221\xb3\x08e\xc2\
1\xd1\xde8v\xd9\xe4\x14kMV\xd3\xffx\x9d\x09\
a\xf1\xc1#9V\x9b\xd0\xb3\xd8\x88\x88\x9e\xa7\xa8\x11\
\xb4l\x98Lf\xb3\x89\x98\x0d&\xb8fMmpe\
\x97 \xde\x82\xc9\xef$\x93\xbd3Lv\x05\x011\x0a\
/;\x84}-\x1aL\x8b)\xd0iX\x5c\x0e:\x0e\
\x81^0\xa2V8\xbd\x13\xc5bP\xd0\x9c#\xc4v\
\x9c\xe5\x19\xdd\x8e\x0b\x8bW|\x9de\xb0\xd7|\xbd\xe7\
=\xefa%\x8e\x98\xaf\xf9\xfa\xedo\x7f\x8b\xfd\xfb\xf7\
\xa3\xb3\xb3\x13?\xff\xf9\xcfq\xf8\xf0a\xf4\xf5\xf5!\
\x1a\x8d\xe2\xd4\xa9S\x88\xc7\xe3\x96\xd8d2I/\xac\
_\xb3f\x0d\x00\xa0\xaf\xaf\x0f\x97\x5cr\x09\xc6\xc6\xc6\
p\xd3M7ann\x0e\x97]v\x19\xb5?\xf5\xd4\
S\xf8\xe5/\x7f\x09\x00\xb8\xfc\xf2\xcb-\xf9<\xceq\
\x5c\xee\xc8\xaa\x85\xa5\xb9\x8a\xdb\xb6\xd9\x13K\xccfl\
\xa2\x19\x8a*[\xbd\xfb\x84\x16J\x0b)\xb3\x11\x00\xd0\
\x8b\x08\xf9\x01P\xcfl\xf3!\xf1~\x19.D\xba\xc4\
\xa1D\x00\x84\xd9\x8a\x16\xdeg\xc2fY\x0c\x93\xc0j\
\xc5A\xe0\xe0v\xe5\x17\x8c2\x07\xaf\xd3a\x8cR\x9d\
\x19AL-\xb1[\xe7j\x85W|y\xb8&\x9f\xcf\
#\x97\xcba\xf3\xe6\xcd\xd8\xb5k\x17\x06\x07\x07\xf1\xd3\
\x9f\xfe\x14\xf9|\x1e\x00@\x08\xc1\x9e={\xb0w\xef\
^\xf4\xf7\xf7\xe3e/{\x19\x00 \x1c\x0ec\xf7\xee\
\xddH&\x93\xf8\xcew\xbe\x83\xbe\xbe>l\xdf\xbe\x1d\
\xe1p\x18W]u\x15\x06\x07\x07q\xcb-\xb7\xa0\xad\
\xad\x0d[\xb6laZ\xf58\xd70v\xce\xfc\x0e\x9f\
\xb7V\x0b.s\xc5\xcdh\x07l.\x8d\xd0\xc8c+\
\xa1N\x97\xc9\xc0\xcb\xc4\x91&\xab\xfe+\xaf\x11@u\
6j\x87\xa2\x0a\x0e\xb37\xb4g\x0e\x1a\x19\x16\x9f`\
\xfa\x8d\x1b\x0f\xbbd\xb0\xfayi\xd1\xc2\xfbLX\xba\
aU\x1aE\xa8]\xbc\xe3\xcc\x91t\xcc\x8aK\xcb\xb9\
\xaa\x8d\xb4\x01\xa9\x83\x1b[\x1be\x912g\xbc\xdc\xe9\
\xe5\x0a\x8bG.\x13\xe2=\xdb\xf1,`ii\x09o\
|\xe3\x1b\xf1\xc0\x03\x0f\xe0\x9ak\xae\xe1\xbe\xdd\xf8\x81\
\x0f|\x00\x9b7o\xa6\x9a\xd6\xd6V\xcb\xa9\xbd\xf5\xeb\
\xd7\xe3\xa6\x9bn\xc2\xf0\xf00\xfe\xe8\x8f\xfe\x08\xb9\x5c\
\x0eo}\xeb[\xd1\xd0\xd0\x80\xc9\xc9I\xdc}\xf7\xdd\
X^^\xc6\x15W\x5c\x81?\xfc\xe1\x0fhnn\xc6\
\x93O>\x89\xd7\xbc\xe65\x98\x9f\x9fGkk+.\
\xbf\xfcr\x1c=z\x14\x83\x83\x83PU\x15_\xff\xfa\
\xd7\xf1\x81\x0f|\x80\xb6q\xc7\x1dw\xe0\xf5\xaf\x7f=\
\x00\xe0u\xaf{\x1dn\xba\xe9&\x84\xc3a<\xfc\xf0\
\xc3\xb8\xfa\xea\xab\x91\xcb\xe5\xf0\xf2\x97\xbf\x1c\xb7\xdf~\
;\x1a\x1b\x1bi\x9c\xc7\xb9\x05\xdd\x19q{%\xceP\
5\xb8\xcc\x9c\xa1t\xb8\x83\xa2\xcb\x9c\x8e2\xc9\x00I\
\xe3$\x0e\xdel\xb2\x88\x7f\xe5\xb1\xe8l\x94\x0eE\x04\
\x8d\xb6\x11\xc9\xfd\x82\x969\x83\xd9\xc4w\x86\x93s~\
NA5\x02\x0fmC\xec\x13\xc5\xf2J\xbbB\xd4\x80\
\xbd\xef\x22\x0b\xf5Zd\x92VmRY\x22\x5c\xe9L\
\x08\x8c\x9aI\xe0\x00o\x96\xa8x\xf4\xb1p\xad\xd7q\
\x18B\xc7\x8c\xd4k/\x13\xe2\xcd|\x9de\xec\xdd\xbb\
\x17\xdf\xff\xfe\xf7-\xaf\xe1\xe1a\x8bfnn\x0e\xc3\
\xc3\xc3\xf4544Dg\xaf\x00 \x93\xc9\xe0\xc6\x1b\
o\xc4\xf7\xbf\xff}\xdcr\xcb-\xc8d2\xf8\xf3?\
\xffs\xfc\xfa\xd7\xbf\xa6\x17\xd8_~\xf9\xe5x\xee\xb9\
\xe7\xf0\xde\xf7\xbe\x17\x99L\x06w\xdey'\x86\x87\x87\
q\xe5\x95W\xe2\xde{\xef\xc5\xdf\xfc\xcd\xdf\x98Z\x04\
\xb6m\xdb\x86\x9e\x9e\x1e@\xbf\x95\x84q\x1f/\xe3>\
`\x00p\xf1\xc5\x17{\x85\xd7\xb9\x0eawd\x9c\xa1\
\xb6T\xdcT\x8d\xfa[\xa3\xb4\x1c%\xb6\xe1\xa6[\xf6\
~\xddk/\x12\xf8%-\x0bL\x14\xa7\xa9\xa4\x12\xe1\
S\xe9}\xe2\x1dUGX\x10\x9a\xa0^\x8b\xcc>\xc6\
\x9e2b\x05!\x92\xf9`\xe1\xc7)P\x09(N\xa9\
\xba\xd3\x97\x82<\xa3\xa0\xbb%A\xbc\x99/\x0f\x0f\x8f\
\xd5\x02\xa1?8k\xcd\xb0d\xaf\xb8)\x9bC\xa2\xd4\
aE(s\xe8$o1\xc18y\xadX\xc0\xeb\x18\
,:\xb9\xdaif\xc1i\xf6\x06Fv*\xb3\xea\x1d\
\x86\x060\xf7Q\xbc\xa8V\x98\x84\x9c\xc6\xb2\xdc,E\
\xa7\xd8/\xf2\xf1J\xeb\xf2Z\xd1|\x12\xa7\x8e8\xbe\
h`\x16Q\x08\xd7G\x81N`\xd2\x1084\x93\xc0\
a\xc0\xb8l\x94:\xba\xc2\xfa?\xd7\x88\xc7\xc8\x8c\xdc\
\xe9f\xfc\xec0B\xbc\xe2\xcb\xc3\xc3cE\x10\xef\xc4\
j\xbb;\x12f\x17\x1a\xdd\x228@\x1bH\x1dV\xa4\
2f\x80\xb4c.\x81\xa2(\xf2\x18\xb0q\xdc[\x1d\
\x93U\xfc\xab\x18\xcbqX\xae\xb6\xaf\x0f\x9cO3\xc2\
p3c\xc0\xc2kLv\xf3;GM\xd1 \xfcD\
\x19\x93@\x01\x10ad\x11\x9a\xdf\xf4\xc6\x8c\xb8\x9b\x14\
7\x85*\xb4n\x08\x10\xb4*\xd4\x09\xcc\x82\x84\xbcE\
G\xe0p\x18\x15.\xc6Am\x19Hg-\x8f`q\
\x18\xc4\x02\xa1Uh\x94c\x96{\xa7\x1d=<<V\
\x0eR\xfa\x0e\xac\x5c\xb8f*n\xdb\xe6\xb0\x22uX\
\x91\xca\xf4\xbe\x91\x02\x01!\x04>\x9f\x8a@\xc0\x07\xbf\
_\xbb\xa1\xb14\x90\xb1\xcbd\x14\x93\xc0\x8d\xb6\xa8\xb1\
Q\xdb\xb8`\xb8K\xd6X\x03\xf4\xe1a\xcd\xd4'{\
g\xc0\xa5\xa6\x06\x81\xded\xb2H-\xd8\xac\x0b`\x83\
\xc4J\xb1\xd5=v}+\xfe\xb4\xc7\xaa\x91g\x14\x22\
\x90:\x8c\x8a\xcb\xb15\xa3\xaf\x84e\x16^\xce\x88\xb3\
rVw\x9d\xb5\xc0\x8e\xad7\xf3\xe5\xe1\xe1Qw\x08\
\xfda\xb1\xd4\x94\xea6gsX\x91:\xac\x88d\xa4\
`\xec\xd5\x15\x00@&\x93F<\x1e\xc7\x81\x03\x070\
22\x02UU\xf1\xc7\x7f\xfcj\xf4\xf5\xaf\x01!\x04\
\xaa\xca\xfc\xfd\xcc$\x15\xb5\xa1a=z\xc9u:\xba\
\xc0f\xa95\x1c\x0f\x8a\xf6\xdfj4\xe05E\x83\xc5\
\xc5\xe9\x18\xa5\xad\x9f7\x08\x97\xcfv\x9c\x8am\xf0>\
\x1d.\x9eQ:\xc5\xeb8\xcd|Q\xafE&lQ\
`\xd0\xb0\x9a\xc5\xe3\x07N\xa7#0\x0a\xc7\xd3\x80\x1b\
\x17\x17\x98\xc6\xc0u\x8c\x09\xf9\x10J\x1d\x80\xc8\xcb\x19\
\x9ca\xc7\xd6+\xbe<<<\xea\x02\xdd\xd1X\xf68\
\xb5\xdf\xfdT\xbf9\xc9!Eh\x14c\x96\x12BP\
(\x14\xa0(\x0a|\xaa\x8aB\xa1\x80\xe1\xe1a\x9c>\
}\x1a\xbf\xfb\xddoq\xe8\xd0!\x0c\x0f\x0f#\x1a\x8d\
\x22\x95Ja\xeb\xd6\xadx\xf7\xbb\xdf\x83?\xf9\x93k\
\xb5<\x8a\x02\x85h\xc5\x9a\x19qwt\xab\xc9)\xd6\
\x99p9\xe3%?\xb0\x15q* `\xb4 \xf9\xd0\
$f\x0b\xf4\xd3a\xfc\x9c\x9c3\x98b\xadF\xf3\xff\
L\xb8,`\xb9\x1a\x86y'\x0d\xd4\x90-\x8f\x015\
[\xfc\x92\x16%9\xc0\xb9\xb8N\x1bV9\x8cS8\
\x96\xe0u\x12\x13\x83u\x0c\x9c\xf5b\xe4c-u\xf0\
\x1e\xce\xe0\x0c7\xb6\xde5_\x1e\x1e\x1e\xb5\xc6\xb2\x83\
\x91\xbf\xa9:\xc2\xecB\xa3{J9\xa0\xc80\xa4\x84\
\x10\xe4\xf3y\xf8T\x15\x81\x80\x1f333\xb8\xef\xbe\
\xfbq\xf0\xe0A\xfc\xe677add\x04mmm\
X\xb7n\x1dB\xa1\x10r\xb9\x1c\x14E\xc1\xe2\xe2\x22\
\x8e\x1f?\x8e\x7f\xfc\xcc?\xe1#\x1f\xfe\x10\xd2\xe9,\
}\xbe*\xdb\x86\x15\xddjr\x8au&\x5c\x16^V\
\x9d\x08\xcd+?\xf8i\x10\xfa\xc3\xf2\x0b\xc5\xc6e\xf2\
\x09\x9c\xa2\x10\x8bA\xf0\xc9\xea\x06\xce\x0e\x08\x9d\x9c\x8e\
\x97\xe8X-\x92\xeeR\x9c\x0a\xd6\xe2rs\xbf\xf0\xef\
$\xa9\x8afi\xa7\x01\x99Y`\x14\x8cf\x11\xc6e\
\xa34\xa1\xad`\xee\xb4<\xf2!\x94:(n\xc6\xcf\
\x09-\xcc\x1a\xec\x15_\x1e\x1e\x1e5\x83\xd0\x1f\x9c\xb5\
\xa6p-p\x86R\x91\x1cN\x84F\x1eC\xa6(\xda\
\x0cU\xa1P@6\x9b\xc1\xd8\xe8(&&&\xf1\xdf\
\xff\xfd+\xec\xdf\xff\x14\x0e\x1d:\x04UU\xb1v\xed\
Ztuu!\x18\x0c\x22\x95JYbUUE>\
\x9f\xc7\xc1\x83\x07\xf1\xc7\x7f|\x0d>\xfa\xd1\x8f\xe0\x82\
\x0b.\x84\xcf\xe7\x13t\xc7d\x11\xff*\x87\x1e\xec\x1c\
\xd4\xb6\x07E}\xdc\xe4\x02\xc0\xc5zB\x7f\xe34\xac\
I\xdc\x19\xcedJ(\xf7\x09\xdfj\xb88\xfdU\x94\
H\x14\xe2\xae\xea\xb8<=K\x7fpV\xebo\x9c\xa6\
\x88\xc5%iTh\x15\x18\x05\xa3i\x85q;\xa8\x8b\
\x0a\xdb\xb1\x92#Y\x1c\x13r\x81u\x5c\xcco\xdc#\
\xf8$\xe8[\xaf\xf8\xf2\xf0\xf0\xa8:\x84\xfe\xb0Xj\
\x0a\xd7\x02g(\x15\xe9\xaeSCh,B\x88v\xb1\
\xbc\xaa*\xf4\x1b\x8a\xf9|\x1eCCC\xb8u\xcf\xad\
\x18\x1b\x1b\xc5\x9dw\xde\x89\xf1\xf1q\xf8\xfd\x0145\
5\xa2\xb3\xb3\x13\x91H\x04\x8a\xa2\xa0P(\x80\x10\xed\
\xdb\x8dl^EQ\xa0\xaa*FGG\x11kl\xc2\
\xbb\xdf\xfd.\xdcp\xc3[\x11\x8b\xc5P(\x98c\xf4\
N\xf2\xfb~9\x96\x10\xb9\xd2\xf9\xc0\x06\xed`\xec\xa0\
#\xf4\x07g\xb5\x9a9\x0dk\x12\xb7%\xcf!(\x15\
\x18\x03\xe7\x07h;b_1\xa8\xe8\xe7\x95Nc\xe7\
4\xdb\x05sV\xfe\x17\xfe\x9d \x1do\x12/\x94\xc0\
$4\x0aF\xd3\x0a7..\xd0\xc7\xa1\xa4\x18\x1d\xe7\
!\x94\x0b8\x0fg\xb0\x87\x973\x16\xaf\xf8\xf2\xf0\xf0\
\xa86\xfcN\x8f3T\x1da\x0bB\xa3[lv\xfa\
Bc\x11\xe3t\xa2\xdf\xef\x83\xaa\xaaH\xa7\xd3\x98\x98\
\x9c\xc2\x91#\x87\xf1\x1f_\xf9\x0a\x06N\x9e\xc4\xf0\xd0\
\x10\xfc~?\xd6\xae]\x8b\xb6\xb66\x84\xc3am\xe6\
\x8a\x1f<GR\xa9\x14\xc6\xc7\xc7q\xc1\x05\xbb\xf0\xd5\
\xaf}\x0d}\xbd\xbdHg\xb3\xf0\xfb|\x5c_\x1d\xb3\
\xeb\x82\xa2N\x12!>NS\xe8\xe8\xd9\x89\x0c\x9dE\
#iY\x92\xc7\xa2vZV\xce\xcf),\x1a\xde\xab\
[\xf8\xa6\xacP\x99X\xe5\xe6#vZ\x0f\xa8W0\
H\x5c$g\xd0\xb0\x9a\xe5\x0b\xc5\x999\x83\x86py\
\xdd\x99\x04\xd0At\xa9\xb7b?|\xb6N@:\xbe\
\xee)\x86\x09\x12\xe8&\xaf\xf8:\x0b\xf8\xe0\x07?\x88\
\x1f\xff\xf8\xc7\xac\xd9\xc3\xc4\xd5W_\x8d\x1f\xfc\xe0\x07\
\xe8\xea\xeab]\x1eU\xc0\xb2\x13\xe1\xf6(\x9c\xa1\xea\
\xd8\xb7_*\xc2\xc3H\x11\x81\xd3\xb8h>\x97\xcb\xc1\
\xe7\xd3N\x0b\xce\xcd\xc7q\xe7\x9dw\xe2\x99g\x0e\xe0\
'\xff\xf5_X^^F(\x14BSS\x13:;\
;\xd1\xd7\xd7G\xe3*\x81\x10\x82`0\x88\x81\x81\x01\
\xf4\xf6\xf5\xe1\xef\xfe\xee\xefq\xed\xb5\xd7 \x9f/@\
UU(\xfa7'\x05\xdd.brZuL\x94\xfe\
\xd66\x97\xde''\x08\xfd\xc1Y\xad\xbfq\x9a\x22\x9a\
K|\x84\xe6L\xdc2r\x0a\x87\xe5+\xb6#\xf4s\
>\xa1\xca\xa10p\x1e;B\x7fX,\xe2w6\xa9\
,\xfdt\xa5\x93\x194\x84[\x8d;\x13\x83\xb5?\xce\
z\x1e\xfb!\x94;9\x0fg\xb0\x87\x973\x16\xd3[\
\xaf\xf8:\x0b\xf8\xe0\x07?\x88o\x7f\xfb\xdb\xac\xd9\x83\
\xe1\xb2\xcb.\xc3\xad\xb7\xde\xea\x15`U\x84\xd0\x1f\x9c\
\xb5\xe6p\xadp\x86r\x10\x1eB4\xd8\xfd\xa8~Z\
QQ\x14\x10B033\x8d\xc3\x87\x0fcxx\x18\
{\xf7\xde\x8d\xc1\xc1S\xd8\xb7o\x1f\x02\x81\x00\x1a\x1b\
\x1b\xd1\xda\xda\x8a\xe6\xe6f455\xd1\xd8jA\x08\
\x81\xcf\xe7\xc3\xcc\xcc\x0c\xa6\xa6\xa6\xf0\xc1\x0f}\x18\xd7\
_w\x1d\xd6\xad[\xaf}\x1b\x929u\xc9b\xed\x8a\
\xbc_\xf6]\xd6\x9c\xe2u\xa2\x08u\xd9\xb4\xe9>\x07\
/\xe2-V\xa3\xf0\x13\xd6M\x02\x8f\xa5\x0d\xa1_\xc7\
q\x0c\xedk\x1c\xc7S\xb4\xc5e\xb6\xda\xcd\x06\xb9\xa6\
\x88E-\xd1\x09\xcd\x02\xa3p,\xcd\x98\xdc\x0e\xca\xa2\
\xc2\xfa\xbf\x92\x10\xac\x0e&\xe4N\xce\xc3\x19\x9c\xb1\x86\
0\x09\x04\xf9\xbc\xe2\xeb,\xe0\x83\x1f\xfc \xe6\xe6\xe6\
X\xb3\x87\xce\x83\x0f>\x88\xd1\xd1Q\xc0+\xc0\xaa\x06\
\xddi\x08\xf7\x1eBcU\xe1Z\xe0\x0c\xa5bs\x18\
1\x1cDSi\xd7[\x15\x8b\x99g\x9f}\x0e\xbf\xf9\
\xcdM8z\xf4(\x1e\x7f\xfcqd\xb3Y,..\
\xa2\xa1\xa1\x01\x1d\x1d\x1dhllD,\x16\xd3f\xa1\
\xf4B\xcd\xa9\x18*\x17\xe34\xe7\xdc\xdc<\xda\xdb\xdb\
\xf1\xd9\xff\xf3/\xb8\xf2e\xff\x03\xd9\x9cdvM_\
6\xed\x7f\xd2\x11\x00\xe0t`3\x8d\xa0\x8dN\xbc\xde\
X\x03\xc4\x1a\x91I\x5c<p&SB\xb9O\xf8V\
C_p\xa1\xcfDq|\x04JqWu\xf4~\xc9\
\x05\x80%?\x0b\xb3\x5c\x12\x1dg\x16$\xe4-:\xdc\
8I\x95\x1a&\xb7\x83R\xc7aV\xd1\x05\x82\xc5\xd1\
\x91:\x00\x99Wh\xb4G\x0b\x91\x04\x0a\xcc^\xf1\xe5\
qN\xf0\xc67\xbe\x11\xb7\xdf~;\xe0\x15`\x15a\
\xd9Y\xc8\xdf\xd4\x14\xae%\xceP*\x92C\x89n4\
.|\x0f\x04\xfc\xfa7\x0d\x0bH$\x12\xf8\xd9\xcf~\
\x86\x7f\xfd\xd7\xcf#\x97\xcb!\x9dN#\x9dNCQ\
\x14\xc4b1\xacY\xb3\x06\x8d\x8d\x8d\x08\x85B\xc8\xe7\
\xf3\xf4>^\xf5\xa0P( \x14\x0aabb\x02C\
CC\xf8\xc8G>\x86O\xff\xe3\xa7\x90\xcd\xe6\xac\x17\
\xe3[\x0a\x02\xe1\x08h\xd8\x16\x0e\x06\xe5~;\xcf\x1a\
D\xdf\x09rqJG\x8d\xd5\xc0}\xca\x9cXd\xd2\
\xda\xe1\xed&t\xa7\xf6?\xb1\xd2nl\x9cf\xbc\x0c\
\xf8\x1c\x92\x169\x83\xd0$J(\xd1\xb1\x06\xbd\xcf2\
L.\x1b\x95\x89Ut\x9a\x112\xa3=\xc5\x10I\xb0\
\xc0\xec\x15_\x1e\xe7\x0c^\x01V\x19\x84\xfe\xe0\xacu\
\xc3\xd2ZU\x9a\xe6\x0f#\xf4t\xa2\xbeS\xcf\xe7s\
XXX\xc0\xc9\x93'q\xe8\xd0a\xec\xdd{\x17\xee\
\xb8\xe3\x0e\xe4\xf3y\xc4b1,..\x22\x9b\xcd\xa2\
\xb5\xb5\x15[\xb7nE8\x1c\xb6\xdcR\xa2^E\x97\
\x19\xe34d&\x93\xc1\xa1C\x87p\xf5\xab_\x8d\xcf\
|\xe6\x9f\xb0n\xdd:\xf8}\x01@\xbfu\x85\x9b\x83\
\x86\xc4c\xc1\xe9\x14*\xf5r2I\x0f\x18\x9d\xf5\xad\
\xb8S\xf6\xf1\xf6\x01\x02/mG\xec\xd3\xd1\x9d\xda\xff\
\xc4J\x87\xa1q\x1c;\x18\x99%\x0b(1[\xb0\x9a\
\xe5\x0b%43F\xe1X\x82\xd7IL\x02V\xd1\xac\
\x17gpF\xf2IHM\x06^\xf1\xe5qN\xe1\x15\
`\xa5Cw\x10\xdc\x9e\x823T\x1da\x0bB\xa3[\
\xe4\xbb\xca|\xa1\x00\xe8\x8f\xecQ\x00\x0c\x0d\x0dcp\
p\x10O>\xf9\x04\x1ex\xe0A\x0c\x0d\x0da||\
\x0c\xf3\xf3\xf3\x88\xc5b\xf0\xf9|hnnF[[\
\x1bfgg1;;\x8b\xfe\xfe~\xf4\xf4\xf4\xf0\x8f\
\xfdY!\x8c\xd3\x9cSSS\x8856\xe2\x1do\x7f\
;\xde\xfd\xee\xf7\xea\x07|\xc5x\x8a\x91\x14\xf9A\xcd\
@\x13\xd8\xe9,.\xc1\xca$\xf6KL\x92\x86\x9cs\
\x08\x8d\xe6\xff1\xb8(\x088\xbfU)\xe9\xaa\x09\xfb\
\xd3\x8d\xd4\xcc\xf9\x99v\xb8_\xacpjW:\x91A\
C8\x96\xe0\xf5\x12\x95\x09]!\xef\x92#\xf21\x96\
:(\x16\x85\xb3\x5cH1L\x90@`2\xe3\x15_\
\x1e\xe7\x1c^\x01\xe6\x0c\xdd)Tc\x0fU\x06\xc2\x96\
\x84\xc6R\x10\x1f6\xf2\xf9<\x00\xc0\xef\xf7#\x97\xcd\
b\xef\xde\xbb\xf1\xc4\x13\x8f\xe3\xbe\xfb\xee\xc3\x91#G\
\x90\xcb\xe5\xd0\xd8\xd8\x88\x99\x99\x19\x14\x0a\x05tuu\
\xa1\xad\xad\x0d\x1d\x1d\x1dPU\x95\xce\x5c\xc4\xe3q\x9c\
8q\x02~\xbf\x1f;v\xec@0\x18\xac\xe9\xf5]\
\xa5b\xdc\x98\xf5Moz3>\xf6\xf1\x8fc\xc3\xfa\
\x0d\xd2\x8b\xf1\xe5\x075\x03\xfb\xc2\xc1@\xac\x11\x1c\xb2\
8\x8d\xc0$\xe8\x14o\xb1&\xb5\xf3\x0b}pQt\
\xc1\x22\x93*\x05\xdd\xd5\xd1\x1cr\xbf\xae\xe0\xfcV\x83\
i1\xa5\x145b\x91\xd8\xca;$#i\xc5$q\
V\xbb\x1cg\x1b$\x8b\xe4\x98\xd1\xe2\xb5\x97J\x91|\
\x12\xb6&\x16\xaf\xf8\xf28'\xf1\x0a09\x84\xfe`\
\x11\x1a\xab\x8a\xb0\x05\xa1\xb1T\xb4$F*\xa3\xdc(\
\x14\x0a\x98\x9c\x9c\xc4\xf2\xf22~\xf6\xb3\x9f\xe3\xee\xbb\
\xf7\xe2\xc4\x89\x13\x98\x9b\x9b\x83\xaa*\x88F\x1b\x90J\
\xa5\xe0\xf7\xfb\xd1\xd5\xd5\x85\xee\xeen\xc4b1(\x8a\
B\x1f\xf7\x03h\xa7\x8e\xfc~?\xd2\xe94^x\xe1\
\x05$\x93I\x5cx\xe1\x85\xf0\xfb\xb5\xeb\xc4V\x1a\xa3\
\x08\x0c\x04\x028~\xfc8\x9a\x9b\x9b\xf1\xd5\xaf~\x15\
\x17\xec\xba\x08\x81\x80v\x1a\xb2(\xb6\x1br\xd38\xca\
EE\x17\xa7)\x1a,.N\xc7\xfa\x05\x02Nc~\
\x03\xbe`\xb0\x7f\xabajG\xe8\x87\xe6\xb0\xfax\xa5\
\xa4\xbb\x00\xb4\xcf\xc2\x09\xb1D\xd27\x81\x963\x09\x12\
\xf2\x16\xb1\x91\x1bG\x16\x93\xdbA\xa9\xb3J\x0a/\xa1\
\xc1\x19k\x08\x93\xa0\x84|^\xf1\xe5q\xce\xe2\x15`\
V\xe8\x8e\x80\xdb#p\x86\x9a\xc1\xb5\xc4\x19JE\xbf\
\x8f\x96\xa2@U\x14@Q\x10\x9f\x9f\xc7\xc4\xc4\x04\x9e\
}\xf6Y\x0c\x0c\x0c`\xef\xde\xbd8u\xea\x14ff\
f\x90\xcdf\x91\xcb\xe5\xe0\xf7\xfb\x11\x0c\x06\xd1\xdc\xdc\
\x8c\xf6\xf6v\xb4\xb5\xb5\xe9\xdfr\xd4\x1e|\x0d\xd3\xe3\
~hK\xa6\xdbNLLL\xe0\xe4\xc9\x93hoo\
\xc7\x86\x0d\x1b\x10\x0c\x06-\xda\x95\xc4\xe7\xf3abb\
\x02\xc1`\x10\xd7^\xfb'x\xe7\xbb\xde\x895k\xd6\
\x22\x97\xcbCQ\x9c\x0a\xc5r/\xac\xb7\x1a\xe4\xeb\x9a\
\x86E)\xd0p&\x93AZ,X4\x22\xaap\x8d\
\x97S<\x9c\x8b/B\x7f\xb0\x08Z\x15\xe8x\x93\xb8\
S\x02\x93\xd0\xe8f<\x05o%TVx\xd9\x0f\x9d\
\xad\x13`\x15\xcer!\xc50A\x02\x81I\x86W|\
y\x9c\xd3x\x05\x98\xbe\xbf\xe0\xf6\x02\x9c\xa1\xa6Tc\
\xa7h\x86\x10\x82B!\x0f\x02\x05\x01\xbf\x0f\xb9\x5c\x0e\
\xc7^|\x11\xd3SS\xf8\xc9\x7f\xfd\x17\xf6=\xf5\x14\
fgg\x91\xcb\xe5\x10\x8f\xc7\xe9\x0dR\x83\xc1 \x9a\
\x9a\x9a\xb0v\xedZD\xa3Q\x84B!(\xfa\xa99\
\xa7\x83&K\x22\x91\xc0\xd0\xd0\x10\x96\x96\x96\xb0q\xe3\
Ftww#\x97\xcb\xb1\xb2\x15\xa3P(`dd\
\x04\x9b6\x9d\x87O|\xf2\x93\xb8\xea\xe5/G*\x9d\
\xa5\xcb\xcb\xe3\x5cxQ7\xa7\x93\x1c\xb28\x9d\x86f\
vY40\x06a\xb1\xa0\x9b\x04\x1e\x0d}\xc1\xa4~\
\xb09x\xa5\xd3\xd8h\xd8\x8f!uq\x1af\xa98\
\x7f\x91\xa2\xcb~\xa193g\xd0\xb0\x1bO\x07\x13\xc3\
\xca\x15^B\xaf\xd0(\x87\x1bW\x116.\x16\xaf\xf8\
\xf28\xe79\x17\x0b0\xcbF/\x7fSs\xb8\xd68\
Ci\x10B\x90\xcdf\xe0\xf3\xf9\x00\xfd:\xa7\x9b\x7f\
\xfb[\x1c=z\x14?\xff\xf9\xcf1<4\x84\x86\x86\
\x06\x84B!z\x0d\x97\xaa\xaa\x88\xc5bhii\xc1\
\xbau\xeb\xd0\xd0\xd0P\x95\x22\x89\xe8\x17\xef\x0f\x0c\x0c\
`hh\x08[\xb7nEoo\xef\xaa\xb9\x0e\x8c\xe8\
\xdf\x88\x9c\x9a\x9a\xc2\x0b/\xbc\x80o|\xf3;\xf8\xf3\
?{+ry\x02\x9f\xcf\xcf\xaa\xf5\x18\xc6lB\xbe\
\x1a\x09\x0e[\x92<\x16\xa5@\xc3\x99\x18\x83\xb0P\x80\
4\x9dF\x1dN5j\xb8(\xbc,~\x9b\x16\x9d\xf2\
\x18\xbf\x09t\x02\x93\xd0(\x1dK\xc8\xf4vTVx\
\xc1q|\xe5N\xce\xc3\x19\x9c\xb1\xf9$\xa4&'\xbc\
\xe2\xcb\xc3\xe3\x1c*\xc0\xe8\xc6n\xd9\xeaWf\x17P\
\xcd.h\xb3R\xda)\xc6\xe7\x9e{\x0ec\xe3\xe3\xd8\
\xbf\x7f?\x1e\x7f\xec1<\xf9\xe4\x93H&\x93hj\
jB:\x9d\xc6\xe2\xe2\x22\x14EACC\x03b\xb1\
\x18:;;\xd1\xd4\xd4\x84H$\x82|>_\x93\xe2\
hii\x09\xc7\x8f\x1f\x87\xdf\xef\xc7\xc6\x8d\x1b\xd1\xd8\
\xd8X\xf1c\x85\xaa\x81Q\x80%\x93I\x9c<y\x12\
\xaf}\xed\xeb\xf0\xaew\xbd\x0b\xbb.\xbc\x08\x8a\xa2B\
Q\x9c\x0ez\x1a\x84\xfe\xb0X\xc4\xef$\xf9\xac\x1a\x9b\
x3\xa6\x869\x8d\xc9\xc0\xf9`mC\xe8\xd7\xb1v\
E\xa0\x14\xd78\x14\xe2 \xa0.\x9bvl\x5c\x94b\
\x1e\xb1@l\xe5\x1d\xb6E\x17\xacz\x07%78\xce\
z\x1eB\x7f\x88\x90:\xc4\x1e\xa1\xd1\x1e-\xc4&\xd0\
\xc6e\x87W|yx\xe8\x9c\xad\x05\x98e\x03\xa7o\
\xea\xbb\xd9K[\x93:\xec1\x0a$U\xd5N\x07\x12\
B\xf0\xe8\xa3\x8f\xe2\xf7\xbf\xff=\xf6\xec\xd9\x83\xa5\xe5\
e\xa4S),--!\x9f\xcf#\x10\x08 \x91H\
\xc0\xef\xf7\xa3\xbd\xbd\x1d---\xe8\xe8\xe8\x80\xdf\xef\
\xa7\x0f\xb4\xaeE\xd1e\xa0(\x0a\xd2\xe94FFF\
077\x87\xee\xeen\xf4\xf4\xf4\xd0\x19\xba\x95\xc4X\
nEQ0=3\x0d\xbf?\x80\x8f~\xf4cx\xeb\
[\xdf\x8aBA\x9b=\xb4\x1b\x17\xf1\xc1\xb1h\x10\xaf\
\x7f2\x13_\xa8p!\x9c\x9f3p\x08L\xb4H\x11\
\xfaPtH\x96\x84\x9a\x04V\xc0\xe8\x97\xcciB\x5c\
+\x09Z\x15\xea\x04fAB\xde\x226rci\xc6\
\xe4\xb2Q\x99\xa8B\xe1%\x0d\x92:\x00\x99Wh\xb4\
G\xf0)X\x91\x98\x9d ^\xf1\xe5\xe1a\xe5l+\
\xc0\xe8\xc6\xcd\xffR7\xa4-J\x1dr\xb4\xbb\xcd\x03\
\x81\x80V0\xa5R)\xdc|\xf3\xcd\xf8\xfb\xbf\xff{\
(\x8aB\xaf\xdf\x0a\x06\x83\xc8\xe7\xf3hnn\xd6\xbf\
\xb9\xa8b\xcd\x9a5\xe8\xe9\xe9A0\x18\x84\xcf\xe7\xa3\
w\xae\xb7+,\xaa\x8d\xcf\xe7\xc3\xe4\xe4$\x9e{\xee\
9\xb4\xb5\xb5a\xd7\xae]\xb4/\xf5\xec\x87\x88B\xa1\
\x00\x9f\xcf\x87D\x22\x81\x81\x81\x01l\xdf\xbe\x137\xff\
\xf6fD\xa3Q$\x93i\xf8\xfd\xd6S\x91\x96\x8fO\
\xf2Fb\x96\x98\xc4\xc5\x8a}\x0eA\xb9`2p>\
\x80Z\xe5\x07v\x1d\xdd/h\x81b\x97\xc3\xcd5\x82\
\x84\xfe\xe0\xac23\x87\xd5\xecb\x0c\x0d\x04F\xe9\xb2\
2f\x89\x8a\xa1\x96\xa7\x1a\xa5\x0e@\xe4\xe5\x0c\xee\x90\
|\x12El\x5cv\x10\xaf\xf8\xf2\xf0\xe09\x1b\x0a0\
\xbaQ[\xb6\xee\x95\xd9\xd4\xb9V9\x83=\xc6\xac\x94\
vQ|\x16\xcb\xcbK\xd8\xbf\xff\x00\xf6\xed\xdb\x87o\
}\xeb[\x98\x9e\x9e\xa6\xb3W\xe1p\x18\xa9T\x0a\x8d\
\x8d\x8d\xf0\xf9|X^^Fgg'6m\xdaD\
g\x99\xdc\x1c\x14k\x89\xa2\xdf\xa6\xe2\xd8\xb1cH&\
\x93X\xbf~=:::V\xbc_\x06F\x11x\xfc\
\xf8q\x9cw\xdef\xfc\xcd\xdf|\x00\xaf{\xdd\xeb\xb4\
\x9b\xd0\xa2x1>\xbf\x8eY\xfb/1[(\xba\xf8\
\xa2\x81\x0b\xe3\x0c\x10\x17\x0b\xbaI\xe0\xd1\xd1\xda\x92\xfa\
\xb9x\x81\xd2.^\xc7\xe9\xf3\x94\x8f\x8ff\xb0\x989\
M\x11K?\x05:\x81Ih\x14\x8e%x\xadD\xc5\
P\xab\xc2Kh\xa4\x08\xbdB\xa3=\x961\x95a\xe3\
\xb2\xc3\x08\xf3\x8a/\x0f\x0f\x01gb\x01f\xd9\x90\xe9\
\x9b\x95\xd9\xbc\xb9V9\x833\xf9|\x9e>\xc0zf\
f\x06\xc7\x8e\x1d\xc3\xc3\x0f?\x8c\xc7\x1e{\x14\xfb\xf6\
i\xdfV\x0c\x85B\x00\x80\x86\x86\x06\xc4\xe3q\x84B\
!\x10B\x10\x0c\x06\xe1\xf7\xfb\x91J\xa5\x00\x00}}\
}\xe8\xe9\xe9Y\xf1\xd9%3\x85B\x01ccc\x18\
\x1f\x1fG[[\x1b\xfa\xfa\xfah\xffWK?\xe3\xf1\
8\xe6\xe6\xe6\xf0\xde\xf7\xbe\x0f\x7f\xfa\xa7\x7f\x8a\xae\xee\
\x1e\x10\xa3\x00\x13\xafp\xd6w\x92\xcf\xdd\x1a\xca\x8b8\
\x0bg\x80\xb8X\xd0M\x02\x8ff59\x84\x1aa<\
\xaf\x14t\x99B\xfb%\xd1P3\xe7/\x1a\xe4\x9a\x22\
\x9cZ\xa0\x15\x988\xa3p\x1c\xcd\x98\xdc\x0eJMQ\
\x92\x9e\xc7nl\xed2\x0a=B\xa33\xb6cb\xe3\
\xb2\x83\x0d\xf3\x8a/\x0f\x0f\x09gJ\x01F\xe8\x0f\x8b\
\xa5\xeeH[\x95:\xc4h\xdf@T\xa0(*\x96\x97\
\x97\xf0\xa3\x1f\xfd\x08\xf7\xde{\x1f\x1e\x7f\xfc1,/\
/\xc3\xef\xf7#\x1c\x0e#\x1e\x8f#\x1a\x8d\x22\x91H\
 \x10\x08 \x14\x0a!\x12\x89p75\xcdf\xb3\x88\
\xc7\xe3hii\xc1\xd6\xad[\xe9,\xd9j!\x97\xcb\
\xe1\xd0\xa1C\xc8d2\xd8\xb5k\x17\xfd\xb6\xe5j)\
\xc0\x08!8}\xfa4\xba\xba\xba\xf0o\xff\xfeE\xbc\
\xe4\xd2\xcb\x90Ne\x98\xfei\xe3IGU2\xbcV\
\xb3\xfeN\xa0\x95\xaf\xce\x82\xc3\x22c\xe0\xfc\x80\xf3\xf5\
]:\xd6\xd5\x82W\xdb\xad6NE\x97\x01\x9f\xa3h\
\xa0\xbfq\x9a\x22\x9c\x8bI\xc8\xf9!6\x0aF\xd2\x0a\
\xe3vP\xbb\xeb\x87\x04\xe7\xe5\x96:\x00\x91\x973\xb8\
\xa3\x18&I 1;!\x0a\xf3\x8a/\x0f\x0f\x1bV\
s\x01f\xd9p\x09g\xa9+|_J\x85\x00\xd0n\
b:77\x8b\xe1\xe1a|\xf6\xb3\x9f\xc5\xf1\xe3'\
00p\x02\x99L\x06MMMhll\xa4\xa7\x19\
\x0b\x85\x02\xc2\xe10\x22\x91\x08\x02\x81\x00=5\x09\xd3\
\xa93c\x16\x89\x10\x82\xb9\xb99\xe4\xf3y\x5cx\xe1\
\x85\x88F\xa3\xab\xa2\xb81\xf7ott\x14CCC\
X\xb3f\x0d\xd6\xacY\xb3*\xfa\x07\xbd\x8f\xa1P\x08\
\xa7O\x9fF2\x99\xc2\xe7?\xff\x05\xbc\xf1\xba\xeb\x91\
\xc9d`\xee\xa2\x9bu@3\xebN\x81\xc6)\x87\xb0\
`0\x99\x04^\x0d\x22\x8c,b\xe9\x92X\xc9\x17M\
V\xdc\x16\xf4\xbc\xach\xa0\xbfq\x9a\x22\x9c\x9a\xd1\x0a\
C\x05F\xdb\x111\xb9lTVL\x0b\xe6:F\x87\
\x1f\x133\xb6N@\xa4\xe0\x0c\xceh!\x0e\x81\x0en\
\x19\xa20\xaf\xf8\xf2\xf0p`\xb5\x15`t\x83\xb5l\
\xb9+\xb3\x19\x0b[\x15\x1a\xad\x18\x07*\xed\xe0\xad \
\x95J\xe2\xc5\x17\x8fc\xff\xfe\xa7\xf1\xeb_\xff\x1a\xcf\
<\xf3\x0c\x16\x16\x16hQ\x15\x0e\x87\xe9\x0c\x97\xdf\xef\
G(\x14\x82\xcf\xe7\xa3\xb3\x5cn.XW\x14\x05K\
KKH\xa7\xd3\xe8\xea\xea\xc2\xda\xb5kW\xc5\xb7\x0d\
\x0dTU\xc5\xf8\xf88\xc6\xc6\xc6\xe0\xf7\xfb\xb1n\xdd\
:455\xb9>\xa8\xd7\x02cLs\xb9\x1cr\xb9\
\x1cN\x9e<\x89@ \x80o~\xeb\xbbx\xd9\xcb^\
\xa6=\x84\x5cQ\x5c\xad\x8a\xc5\xf5\x96\x17\xf0\x16\xabQ\
Z(X4\x22\x1c\xae\xef2\xb0h\x18\xb5\x9bx\xd3\
:-B>>\xda\x1b.\x923\x88L\xe2\x8e\x09L\
\x02\xa3dD\x05F\x81\x89\xa1\xb2\xeb\xbb\x08\xfd!B\
\xea\x00d^\xa1\xd1\x1e-\xc4&\xd0\xc6\xe5\x84,\xd4\
+\xbe<<\x5c\xb0\x1a\x0a0\xba\xa1\xda\xef\xad\xea\x82\
\xb0u\xa1\xd1\x8aq\x1f-\xa3\xa8\x1a\x1a\x1a\xc2\xc1\x83\
\x07\xf1\xab_\xfd7\x9ey\xe6\x19\x0c\x0d\x0d!\x9f\xcf\
#\x14\x0a!\x99L\x22\x18\x0cBUUD\x22\x11Z\
l\x89\x8a,\xa2\xdf\xd0\x14z\xc1@\xf4\x8b\xf4Ed\
\xb3Y,--\xc1\xef\xf7c\xd3\xa6Mhiiq\
U\xbc\xd5\x8b\x5c.\x87\xa1\xa1!LMM\xd1Y0\
\xd9\xb2\xd4\x02\xe3[\x8f\xaa\xaa\x22\x95Jaaa\x01\
\xa7O\x9f\xa63\x8dMMM\x08\x06C\xf8\xc1\x0f\x7f\
\x88-[\xb6BQ\xf5\x02V\xd2E\xab\x99/\x18\x84\
a\x9cF\xa0\xd2M\x02\x0f\xe7\x14jL\xc6\xe2\xaf\xbc\
\xd2i\xe8\xdd\x9cn$\xf4\x87\xc5\xc2\xfc&3hX\
\xc3\xc5\x22\xa1\x953\x0aGS\x83qHu\x94\xca\x0a\
/\xc8\x17\xc5UFN\xc1\x19\xec\xb1\xf9\x14\xac8\xb8\
E8\x85x\xc5\x97\x87\x87K\xeaY\x80\xd1\x8d\x92\xdb\
:9C\xdd\x10\xb6,4\xf2\x10B\x90\xcdf\x11\x08\
h\xb7+\xb8\xe7\x9e{\xf1\xf0\xc3\x0f\xe1\xc6\x1bo\xc4\
\xc9\x93'\xd1\xd0\xd0\x80@ \x80`0\x88x<\x0e\
\xbf\xdf\x8f\xa6\xa6&D\xa3QZ\xb0\xc90\x8a\xa6d\
2\x09\x00H\xa7\xd3\xf4\xd1@\xb2\x1b\x99\xaa\xaa\x8a\xc5\
\xc5E\xc4\xe3ql\xde\xbc\x19k\xd6\xacA.\x97\xe3\
\xae\x17[\x09\x8cS\x913338z\xf4(Z[\
[\xb1e\xcb\x16\xf8\xfd\xfe\x9a\x16\x88F\xbb\x81@\x00\
\x8b\x8b\x8bt\x16NQ\x14\xb4\xb5\xb5\xa1\xb7\xb7\x17\x00\
\x10\x0c\x06122\x82\xef}\xef\xfb\xb8\xf4\xb2+\xa0\
\xfa|\xc2\xf5\xc0j\xd2\xdf1:.\xccd\x90\x96\x08\
\x16\x8d\x00\x97\xa7\xbf\xac\xab\x94D\xc9\xd7\x8a\x14b\xe7\
4g\xe44\x92\xfeq:\x8db\x1e\x89@\x16\xca\x18\
\xb5\xb7B%g\x96\xa8L\xf0\xcb\xee\x1ccE\xbe8\
R\x07\x85Sp\x06gl\xc7\xc3\x8c\x0b\x09\x8b\x9b\x10\
\xaf\xf8\xf2\xf0(\x81z\x14`\x96\x0d\x92p\x96\x15\x81\
\xeb\x01g\x90S(\x14\x90H,\xe3\xe8\xd1\xa3x\xec\
\xb1\xc7p\xe7\x9dw\xe1\x99g\x0e`~~\x9e~\xbb\
\xcf\xef\xf7\xa3P( \x10\x08 \x12\x89\xd0\xf7FA\
`G.\x97\xc3\xec\xec,==\xb9\xb8\xb8\x88X,\
\x06\x00\x88\xc5b\xdc\xfd\xa9\x0c\x14EA&\x93\xc1\xc2\
\xc2\x02}\xb4P4\x1a\xb5-\xf4\xea\x851&\xa9T\
\x0aG\x8f\x1eE\xa1P\xc0y\xe7\x9dGg\x00\xab\x0d\
\xd1\xef\x99\xb6\xb4\xb4\x84\xe9\xe9i:\xeb\xd8\xda\xda\x8a\
X,\x06\x9f\xcfG\x8b`\xbf\xdf\x8f\xb9\xb99\xbc\xea\
\xeaW\xe3\x0b_\xf8\x02\x08Q\xb9>YG\x90?P\
\xebV\xa9\xc1M\xe1%x\xeb\xba\xf0\xb2vI\xa0\xd4\
M\x02\x0f\xc5i=\xa1^N\xa6\x19\xe4~\x0d\xce,\
i\x8f\xb3r\x06\x00\xf2\x11\xe5\xf4R\x9d\x19\xb7\xe3,\
@\xb2\x18\xae2I\x15R\x87\x1c\xe6S\x10\xe3\xe0f\
q-'^\xf1\xe5\xe1Q2\xb5*\xc0\x08\xfda\xb1\
\xac\x18\x5c\xeb\x9c\x81E{v\x9dbz0\xf3\xe4\xe4\
\x04~\xfe\xf3\x9f\xe3\xe8\xd1\xa3\xb8\xf7\xde{\x11\x8f\xc7\
\xb1\xbc\xbc\x8c`0\x00U\xf5\xc1\xef\xf7\xc3\xef\xf7#\
\x10\x08\xc0\xe7\xf3\xd1S\x86n!\x84\xd0\xc2+\x1a\x8d\
\x02\x00\xe6\xe7\xe7\xd1\xdb\xdb\x8bD\x22\x81\xe5\xe5e4\
55!\x1c\x0e\xb3\xa1\x94|>\x8fD\x22\x81\x5c.\
\x87u\xeb\xd6\xa1\xab\xab\xcb\xb1\xe0\xab\x07D?\x95\x9a\
\xcf\xe71==\x8d\x81\x81\x01\xb4\xb4\xb4\xe0\xbc\xf3\xce\
C0\x18,\xebT\xa9Q\xcc\x1aq\x84\x10LOO\
cvv\x16\x8b\x8b\x8b\x88D\x22\x88F\xa3\xb4hU\
U\x95\xfb<\x88~J\xb7\xab\xab\x1b\xdf\xfd\xde\xf7\xd1\
\xd4\xdc\x0a\xd5\xd4\x8f\xa2Z\x5ctA\xb4*1\x06\xae\
T\xb0\x7f\xab\xa1\xf7S\xe8309\xa5jy\xb7)\
\xec\x98\xb0\x10\xfa\x83\xb32\xbf\xb1o\xa4&i\xd5\xc2\
Y9\x03\xf8\xf14`\xcc\x12\x15Ce\xa7\x1a\xc5\x8b\
!4rHUR\x87\x18M\xee\x10\xe4\xe0\x16\xe1:\
\xc4+\xbe<<\xca\xa3\x9a\x05\x18\xdd\x00\xf9_V\x0c\
a\x0f\x84F\xed@T(\xe4\xf5b\xca\x87T*\x85\
\xe9\xe9\x19|\xf9\xcb_\xc2M7\xdd\x84x<\x0eE\
Q\x90L&\x11\x08\x04\x10\x8dF\x11\x0e\x87i\xb1U\
\x09\x99L\x06\xf3\xf3\xf3hoo\x07\x00$\x12\x09$\
\x12\x09\xf4\xf4\xf4`qq\x11\xb9\x5c\x0e\xc9d\x12\xdd\
\xdd\xdd\xb6\xa7\x14\x8dY\xb0\xd9\xd9Yttt`\xc7\
\x8e\x1d\xb4\xc8Xi\x8c\x22,\x91H\xe0\xc8\x91#\xc8\
\xe7\xf3\xd8\xbe};ZZZJ\xbe%\x85\xf1-\xd1\
t:\x8d\xe1\xe1aLOOCQ\x14tuu\xa1\
\xb1\xb1\x11\x81@\x00\xd0\xdb\x94a\x14p\xa3\xa3\xa3\xf8\
\xf7\x7f\xff2\xfe\xec\xcf\xff\x14\xcb\xcbi\xe3\xdb\x13\x86\
\xca\xf2?3\x16\x93\xc0\x0f\x80/\x16Lo\xf9\x10k\
[\xbc_\x87\xf3\x0b\x94.\x0a/8\x8d\x0f\xf7\x8b\xd5\
 1\xdb\x98\xb8\x8e\x8b\xde\x16\xe1t\x12%\xa7s\x83\
6@\xee\xb4<\xf2a\x93:(B\x85\xd0(G\xf2\
\x09\xf0\xb8\x90\x88p\x15\xa6\x8b\xbc\xe2\xcb\xc3\xa3L\xd8\
\x02\xec\xb6\xdbnCgg'+\x93B7<\xcb\x16\
\xb8\xb2\x9b\xa3\xb0u\x81\xd18\xf8\x14\x0a\x05\x14\x0ay\
\xa4RiLOO\xe1\xfe\xfb\xef\xc7\x03\x0f<\x88\x9b\
o\xfe\x0dr\xb9\x1c\x82\xc1 \x88\xfe\xf0\xe6X,\x86\
`0h\x99u\xa9\x94x<\x0eB\x08Z[[\xa1\
(\x0a\x16\x16\x16\xb0\xbc\xbc\x8c\xee\xeen\xcc\xcd\xcd\xa1\
\xbd\xbd\x1dKKK \x84\xa0\xa1\xa1\x81\x0d\xe7 \xfa\
LZ0\x18\xc4\xa6M\x9b\xd0\xd4\xd4\x04\x98\xae+[\
i\x14E\xc1\x8b/\xbe\x88\xb1\xb11l\xdd\xba\x15\xdd\
\xdd\xdd\x80\xdeo\xa7>\xe6r9\xcc\xcd\xcdann\
\x8e\x9e\xf2\xed\xe8\xe8\xb0|\xa3\xd2\xedg\xa2(\x0a&\
''\xf1W\x7f\xfdN|\xfa\xd3\x9fB&\x9d\x031\
\xb7/\xc9\xc3Y\x19\x83\xb0P0\x99\x04^K[B\
\xbf\x0e\xdf%\xce \xd0X\xb1\xbb\xb8\xdeb\x92\xbf)\
\xbe\x13\xe40\xd0\x5c\xf2\xb6 33F\xe1x\x1ap\
Z;\xac}\xb1\xd7\x8a!\xf4\x07\x8b\xd0hA\xa8\x10\
\x1a\xed\xb1\x1d\x0f3.ef\x5c\x87\xe8B\xaf\xf8\xf2\
\xf0\xa8\x00\xb7\x05\x18\xb7\x919\xed\xe5\xeb\x84\xb4\x17\x12\
\x871\x1b\xa4\x1dg\x15\x1c9r\x04G\x8e\x1c\xc1\xbd\
\xf7\xde\x83C\x87\x0e\xe1\xe9\xa7\x9f\x86\xa2(\xf4\x0e\xf3\
\x81@\x80\x9eRt{`/\x85x<\x8eH$\x82\
\x86\x86\x06:;455\x85\x9e\x9e\x1e\xc4\xe3q\xf4\
\xf6\xf6\x22\x18\x0cb||\x9c~s\xd2\x0d\x89D\x02\
\xe9t\x1a\xdd\xdd\xdd4G9\xa7\xf9jA\xa1P\xc0\
\xe2\xe2\x22N\x9d:\x85`0\x885k\xd6\xa0\xb9\xb9\
\x99\xfbr\x81\xaa\xaaH\xa7\xd3XZZ\xc2\xcc\xcc\x0c\
\xd2\xe94r\xb9\x1cZZZ\x10\x89D\x10\x89D\xb8\
\x98RH\xa5RX\x5cZ\xc2c\x8f\xedCcS#\
\xf2\xf9\xbcp\xbd\x11\x988#wP\xb4\x7f\xab\xe3\xf2\
\xf4\x177S\xc3\xab\xedWM\xedt\xba\x13bM\xd1\
H\x7f\x13\xea\x18\xb38\x998T`\xe4\xc6\xd3\x8c\xc9\
e\xa32\xe1r\x9c\x05\x10\xfaC\x84\xd4A\x11*\x84\
F{\xb4\x10\x17\x81.$,\xaeC\x18\xa1W|y\
xT\x88S\x01f\xdd\x01\xad\x8e\xcd\x8d\xeb\x05g\x10\
\xa3(\xda\xc1\xff\xfe\xfb\xef\xc7\xbd\xf7\xde\x87\x07\x1ex\
\x00/\xbex\x0c\xe9\xb4\xf6\xe0e\x9f\xcf\x87P($\
\xbd\xc8\xbd\xda\xc4\xe3q\xc4b1455\xd1\xeb\xa3\
\x8e\x1f?\x8e\xbe\xbe>\xcc\xce\xce\xa2\xbf\xbf\x1f\xed\xed\
\xed8y\xf2$\x88\xfe\xd8!\xb7\xe4\xf3y\xc4\xe3q\
\xf8|>l\xdf\xbe\x1d\x8d\x8d\x8d\x15\x15+\xd5&\x97\
\xcbapp\x10\xf3\xf3\xf3\xe8\xef\xef\xa7\x8fO\xf2\xfb\
\xfdXZZ\xc2\xe8\xe8(\xe6\xe6\xe6\xa0(\x0a\x9a\x9a\
\x9a\xd0\xd4\xd4\x84@ P\xb5\x02RQ\x14\x9c8q\
\x02\xdf\xf8\xd6w\xf1\xc67\xbe\x11\xf9\x5c\x9e\x95\xf0\xab\
\x15g\x80\xb8P0\x99\x04\xde\xa2\x95+\xacLp9\
\x04J\xbbx\x1d7\x7f4\x10\xfa\x83\xb3\xca\xcc\xb2\xb7\
\x1a\x826y\x8b\x0e\x97O\xaa\x14\x8c\x89\x0b\x8cYQ\
\xd6\xee\x02\xc1b\xe8H\x1d\x14\xa1Bh\xb4\xc7v<\
\xcc\xb8\x94\x99q\x1d\x22\x10z\xc5\x97\x87G\x15\x90\x15\
`\xd6\x9d\xcf\xcaoj\xc2\x1e\x08\x8d\xc5\x83\x8e\xf1\xff\
\x5c.\x8b={\xf6\xe0\xdf\xff\xfd\xdf111\x81\xf1\
\xf1q\x84\xc3a\xb4\xb4\xb4@\xd1oQ\xa0(\x8a\xeb\
o)V\x03\xe3y\x8e}}}\xf4\xf4\xe6\x91#G\
\xe87&\x97\x96\x96\xb0{\xf7n\xcc\xcf\xcf\xd3\xd3\x89\
\xa5\xa0\xe87f]XX\xc0\x96-[\xd0\xdd\xdd]\
\x97\xe5rC\xa1P\x80\xdf\xef\xc7\xd8\xd8\x18\x8e\x1e=\
\x8a\xce\xceN\xf4\xf6\xf6bpp\x10\xc9d\x12\xb1X\
\x0c\x1d\x1d\x1dtV\xd0\xf8\xb6b5\xfb???\x8f\
H$\x82G\x1f\xdb\xa7\xcd|\xe9HV)\xce!=\
0\xeaf\xb1\xd7\xe5L\x0cWX1\xefl\x83\x8b\xd8\
\x15_\x16\x8f\xe4\x8d\xc4lc\xe2:nX\xc50\x0e\
\xe1\x98\xba31h\x0a\x9b\xc5\xb7\x85\xd0\x1f,B\xa3\
\x05\xa9B\xea\x90#\x1c\x0f\x16\x17\x12\x11\xae\xc3\x04B\
\xaf\xf8\xf2\xf0\xa8\x12l\x01v\xeb\xad\xb7\xa1\xb3\xb3\x83\
\x95\xad(\xdc\xc6\xce\x18\xd8\x03\xcd\xd2\xd2\x12r\xb9,\
\xee\xb9\xe7\x1e<\xf0\xc0\x83\xf8\xc5/n\xa4\xb7\x840\
\x0e\xea\xd0\x8b\x146\xb6\x1e$\x12\x09d\xb3Yl\xdf\
\xbe\x1d\xf9|\x9e\xde\x9e\xe1\xc5\x17_Dkk+\x96\
\x97\x97\xe9\x8cW.\x97Cccc\xc9\xfd4n6\
\xba\xb4\xb4\x84\xd6\xd6V\xac]\xbb\xd6\xf6\xdb\x93\xb5\xc4\
\xe8\xbb\xaa\xaa(\x14\x0a\xc8\xe7\xf3X\x5c\x5c\xc4\xd4\xd4\
\x14fgg\x11\x08\x04\xd0\xd4\xd4\x84\xd6\xd6Vz}\
]-\x8ba\xa2?\xb6\xe9\xa6\xdf\xfc\x0e\xe7\x9dw\x1e\
=PKG\xd8\xe4\x10\x1e\x14\x9d\xe2a-L\x84:\
a\x0e^\xe9\xb4\x1a\x10\xa6-\x16\xea\xe24\x9aAb\
\xe6(\x9a\x85\x1d\x97\x99\x84F\xe1\x98B\xa6\xb5\xa3\xd8\
\x17{\x9d\x18\xfb\xb1\xb5u\x022\x85\xd0h\x87t4\
x\x5c\x0b\x8b\x94\x14\x22\x10{\xc5\x97\x87G\x1506\
\xa2\xeb\xb8\x02\xecV\xe15`\xf5\x82\xdb\xb89\x83F\
.\x97\xa33G\xaa\xaa\xe2\xd4\xa9\x93\x18\x1d\x1d\xc3\xaf\
~\xf5\xdf8x\xf0 \x86\x86\x86\x91\xc9\xa4\xe1\xf3\xf9\
\xe8E\xf4\xb9\x5c\x8eMSw\xf2\xf9<fgg\xb1\
y\xf3fzq\xbc\xcf\xe7\xc3\xd0\xd0\x10fgg\xd1\
\xda\xda\x8aT*\x85\xe5\xe5e\x84B!\xc4b\xb1\x92\
\x8b/\x83B\xa1\xa0\x17\xa3\xda-)zzz\x00h\
\x05H-\x0a\x1b\x16\xe3\xf3\x01@\x0b\xaex<\x8eB\
\xa1\x80\x96\x96\x16\xf8|>\x8c\x8f\x8fc\xcb\x96-\xae\
\xafm\xab\x14UU111\x81\x0f}\xf8\xc3x\xff\
\xfb?\x00\x22:X3\x06\xe1!\x91\xd3\x88p1\xe3\
%j\x9f\xb58\xe50\xfah#\xa0.NS4\xc8\
5\x1aV\xb3\xbc=\xa1Y\xb8HB%g\x96\xa8t\
\xf8\xc1\xb1\xd7\xf3\x10\xfaC\x84\xd4A\x11*\x84F9\
\xc2uL\x84K\x19\x8b\xeb0\x1b\xa1W|yx\x94\
\x81e\xa3\xa1o\xb4_\xae\xbb\xee\xba\x15-\xc0\x84\x1b\
\xb4\xd0X|\xdcO0\x18\x80\xa2\x00\xf3\xf3\x0b\xf8\xc1\
\x0f\xfe\x13\xdf\xfe\xf6\xb7188\x08\xe8\x85\x19\xf4\xd9\
-\xa3\xc8hllD[[\x1b\x02\x81\x00\xb2\xd9\xec\
\x8a]\x8c\xae\xe8\xdfp,\x14\x0a\xb8\xf0\xc2\x0b\xe9\x0c\
\x9c\xcf\xe7\xc3\xa1C\x87\x90J\xa5\xd0\xde\xde\x8e\x85\x85\
\x05\x84\xc3\xe1\x8a\xafES\x14\x05\xd9l\x16\xd3\xd3\xd3\
\xe8\xee\xee\xc6\xe6\xcd\x9bi\x9b\xb5X~\xa3P4\xee\
\xb95::\x8a\xa9\xa9)\xcc\xcc\xcc\xa0\xa9\xa9\x09\x9d\
\x9d\x9dhjjB>\x9fG.\x97\xc3\xf0\xf00:\
;;\xe9Mfk\x8d\xaa\xaaXZZ\xc2\x85\x17\xed\
\xc6\x17\xbf\xf4\x15D#\x11\xe9\x1d\xef!:(\xda\xbf\
\xd5qQt\xc1\x22\x13+\xdd\xe40\x8d\xb9\x0cB\x7f\
\xb0hF\xea\x12j\x04fA{\xbcEf\x04?\xa6\
fL.\x1bU\x11\xbd/\xae\xb4\x0c\xf2q\x81\x9d\x03\
\xb0\xf3J\x1drl\xc7\x83\xa5\x04\xa9\x81\xeb\x10\x07\xa1\
W|yx\x94\x80ec\xa1o\xf8Mh%\x0a0\
\xae\x17\x9cACQ\xb4}\xac\xa2\x00\x93\x93S\x18\x1a\
\x1a\xc4/~\xf1K\x0c\x0e\x9eB>_\xc0\xd0\xd0 \
v\xef\xde\x8d\xcb.\xbb\x0c\xa9T\x0a\x80v@*\x14\
\x0a\x98\x99\x99A[[\x1b\x9ex\xe2\x09\x1c>|\x18\
sss\xc8\xe7\xf3\xf4\x9b\x84\x95\x167\xe5b\xf4k\
\xc3\x86\x0d\xb4\x0f\x99L\x06\x03\x03\x03\x98\x9d\x9d\x85\xcf\
\xe7C[[[\xc53B\xc4t\xe3\xd3\xf9\xf9y\xf8\
\xfd~l\xdd\xba\xb5f\xc5N>\x9fG*\x95\xc2\xd4\
\xd4\x14\x16\x16\x16\x90\xcdf\xd1\xdc\xdc\x8c\xa6\xa6&4\
44 \x9f\xcf[\x0a\xdf\x91\x91\x11$\x93Il\xdf\
\xbe\x1d\xd9l\xb6&\x05\xa1\x88\xa5\xa5e\xfc\xe8G?\
\xc2\xa6\xcd\xdb\xb4\xeb\xea\x04\xeb\x1ewP\xb4\x7f\xab\xa3\
UTb\x9f\x8e\xc9\xa9\xfd*V\x0bj\x1c\x0e\xbb\x19\
/\xf1\xb6o5\xd8k48\xb3\xa0c\xbcEf\xd4\
\xfb,\x82\x1b\x17;t\x85|\xf1\x1d\x11,\x86\x8e\xd4\
A\x91*\xa4\x0e1\xd2\xb1\x10Q\x82\x14\xa5\xca]\x88\
\xbd\xe2\xcb\xc3\xc3\x05t#\xe1\x7f\x91R\xaf\x02L\xd8\
\x13\xc6h\x9e\x99\xc9\xe7s\x98\x9c\x9c\x84\xdf\xef\xc7\xff\
\xfd\xbf\x9f\xc7\xad\xb7\xee\x81\xaa\xaa\xd8\xb6m\x1b\xc2\xe1\
0\x1a\x1a\x1a\xd0\xdc\xdc\x8c\xae\xae.\xac[\xb7\x0e\x9b\
6m\xa2\xdf`4.\xaaN&\x93H$\x128z\
\xf4(\x8e\x1e=\x8a\xc1\xc1A\xf8\xfd~<\xf2\xc8#\
\xf4~^N3\x08\xd5\xc4\xb8\xfdB4\x1a\xc5\x9a5\
k\xe8\xe9\xc5\xb9\xb99zK\x86H$\xc2\x86UL\
\x22\x91@*\x95Bww7\xd6\xacY\xc3=f\xa7\
\x14\x8c\xcf\x87\x10\x82\xe5\xe5e\xcc\xcd\xcdaaa\x01\
\x99L\x06\xd1h\x14\x0d\x0d\x0d\x88F\xa3\xb4\x0d\xd1\xf8\
.--app\x10[\xb7n\xa57L\xad5\xaa\
\xaabff\x06\xefy\xef\xfb\xf1\xb1\x8f}\x0c\xc9d\
\x86\x16\xb9\xd2\x83\xa1\xc9,V\xb8\xb8\xb6\x0bE\x87\xd5\
\xcf\xab\x05C\xc5`\x7f;\x09\xf9f_4\xc85E\
,j\x89Nb\xe6\x1cn\xc6\xd6\xc6dB\xf7\xca\xbb\
\xe4\x0a\xf1\xf8\x09\x8d\x16\x84\x0a\xa1\xd1\x1e\xe9x\xc8(\
A^\x82\xd4\xb5\xd8+\xbe<<l\xa0\x1b\x07\xff\x8b\
+jU\x80\x09{!0\x1a\x17[\x07\x02~,/\
'p\xf4\xe8\x11|\xf3\x9b\xdf\xc4\xfe\xfd\xfb\xe9E\xe8\
\xeb\xd6\xad\xc3\xb5\xd7^\x8b|>\x8f\xe1\xe1a\x9c>\
}\x1a\xf3\xf3\xf3\xf49\x8b\xcf<\xf3\x0c6l\xd8\x80\
7\xbf\xf9\xcdX\xbf~=\xba\xba\xba\xa0\xaa*\x92\xc9\
$=\x1d\x96L&\xe1\xf3\xf9\xf0\x93\x9f\xfc\x04\xbf\xfe\
\xf5\xaf\x91\xcdf\xd1\xd6\xd6f)\xd8\xea\xc1\xf2\xf22\
\x12\x89\x04\x22\x91\x08\xb2\xd9,2\x99\x0c\xda\xda\xdaj\
V\x0c*\x8a\x82\x5c.\x87\xf9\xf9y\x04\x83Al\xdf\
\xbe\x1d\xd1h\xd4\xf5iXc&\xcd\xe7\xf3\xd1\xe7L\
\x0e\x0d\x0d!\x91H \x16\x8b\xa1\xb3\xb3\x93\xde'\xcd\
\x0d\xf9|\x1e\x87\x0e\x1dBoo/zzzJ\xbe\
\x03~9(\x8a\x82x<\x8e\xf3\xcf\xdf\x85\x9bn\xfa\
\x15ff\x17\xe9\x03\xd4\x85#n2\x0a\xfd\x80\xfb\xd3\
_U8\xd5h7\xdb\x05\xdbM\xdfjpZ\xbd\x8a\
y\xe4B\xa1G`\xb4-4L.\x1b\x95Ph\xaf\
\x17#_\x1c\xa9\xc3\x82P%4\xdaa;\x22<%\
\x89K\x90\xbb\x16z\xc5\x97\x87\x87\x10\xbaQ\xf0\xbf\x94\
L5\x0b0i/\x18\x87q\x9a0\x97\xcbbbb\
\x12\x8f<\xf20n\xbd\xf5V<\xf7\xdcsx\xd7\xbb\
\xde\x85\x8d\x1b7\xd2{c\x99\xafY2\x0e\xf4\xc6\xc1\
^UU\x0c\x0e\x0e\xe2\x0f\x7f\xf8\x03\x06\x06\x0605\
5\x85\xdd\xbbw\xe3\xa5/}).\xb9\xe4\x12\xf8\xfd\
~Z@\x10\xfd[\x85G\x8e\x1c\xc1\x7f\xff\xf7\x7f\xe3\
\xd1G\x1f\x85\xa2(\xf4\x99\x8b\xf5@\xd1\xafK3\xbe\
@`\xf4\xaf\xd6(\x8a\x82\xf9\xf9y$\x93IzK\
\x0a;\xcc3\x91KKK\x88\xc7\xe3\x98\x9a\x9aB.\
\x97C,\x16CWWWY}W\x14\x05\xe3\xe3\xe3\
XZZ\xc2\xa6M\x9bj^x\x19h\x85n\x16?\
\xfe\xaf\x9fc\xe7\xce\x1d\xc8\xc8Ny\x9a\x16\xc7v\xc9\
\x88\xbb\x83\xa9ux\xf8\x08\xbb\xe1\xa3-\xd8jd\xfe\
\xa2\x91\xfe&\xd4\x09\xcc\x92NqV\xce\xa0a;2\
&\x97\x8dJ\xc7\xba\xfc\xcez+\xf6\xcb-4Z\x90\
*\xa4\x0e1\xb6\xe3!\xa2\x96\xf2\x12\xc4^\xf1\xe5\xe1\
\xa1C\xe8\x0f\xcb/U\xa1\x92\x02L\xda\x13\x89\x83\xe8\
w\xa1\x1f\x1a\x1a\xc2\xddw\xdf\x85'\x9f\xdc\x87t:\
\x8d\xcd\x9b7\xe3\xfc\xf3\xcfG \x10\xa0\x05\x93_\xbf\
1\xaa\xaa\xaa\xb4\x103\xff\xae\xe87\xed\x0c\x85B\xc8\
f\xb3\xf4\xd16\xfb\xf6\xedC*\x95\xc2\x15W\x5c\x81\
\x97\xbd\xece\xf49\x83\xd0/\x0e\xcf\xe7\xf3x\xfe\xf9\
\xe7q\xd7]w\xe1\xe1\x87\x1fF.\x97C$\x12)\
\xb9\x988\xd3\xc8f\xb3XZZBKK\x0b\xd6\xac\
Y\x83\x86\x86\x06\xcb\xad\x1e\x8cBwyy\x19KK\
K\x98\x9b\x9bC&\x93A \x10@cc#b\xb1\
\x18|\xfa\xf3\x17\xcbAQ\x14\xa4R)\xbc\xf0\xc2\x0b\
\xd8\xb2e\x0b\xa2\xd1h]\xc6\xdc\xe7\xf3a``\x00\
\x7f\xff\xff\xfb\x07|\xf4\xa3\x1f\xc1r\x22e\xbd\xbe\xce\
\xd4\x05qo\xdc_To\xfa\x9fXm?\x91Eq\
\x1a\x17\xf1\xae@{#\x8c\x14\x18y\x13\xdf9^#\
6J\x8b\x0c7\xf98\x5c\x5cKg\x83|\xe8\xa4\x0e\
\x8aP!4:#\x1d\x13\x19\xb5\x94\x97$\xf6\x8a/\
\x8fs\x18\xcb\x8aO\xdf\xd4ns(\xb5\x00\x13\xf6D\
h,\xa2\x15U\x0a\xee\xbb\xef>|\xeb[\xdf\xc6\xe6\
\xcd\x9b\xb1y\xf3y\x08\x87\xc3\x96\x8b\xe2\x8d\xd9-\x9f\
\xfepk\xa3\x003\x17_\xe6\x02\xccx\x191\x99L\
\x06\xcf=\xf7\x1c\xee\xba\xeb.\x8c\x8e\x8e\xe2\x0dox\
\x03^\xff\xfa\xd7#\x97\xcb\xd1SnF!p\xe0\xc0\
\x01|\xe3\x1b\xdf\xc0\xd8\xd8\x18\xda\xda\xda\x1c\x0fzg\
:\xc6-)\x8c\x82\xb7\xb3\xb3\x93\x16]\xc67\x15\xe7\
\xe7\xe7\xd1\xdc\xdc\x8cX,\x86X,F\xc7\xab\x1a\xf8\
|>\x9c8q\x02\xe1p\x98\xde\x0e\xa3\xd6(\x8a\x82\
\xc5\x85\x05\x10(\xb8\xf5\xf7w\xa0\xbb\xab\x1b\xf9|\x81\
[_\x85\x9f\xbci}\x10\xfa\x0d\x84\xc5\x82\xc0\xc2\x9b\
,8\x9df\x84\x91\x95\xd3H\xfa\xc9\xe94\xacfy\
\x9b\x9c\x993hH\x0b\x0d\xc6,Q\xe9\x98\x96\xc1^\
(E\x1e'uX\x10\xaa\x84F'\xa4#\x22\xc7e\
\x80KY\x91\x92\x03\xbc\xe2\xcb\xe3\x1c\xc4\xb2\xc2\x13\xce\
RS\x9c\x0a0aO\x84F\x1eB\x08\xf2\xf9<\xee\
\xb9\xe7n|\xf0\x83\x1f\xc4\xdb\xde\xf66\x5cx\xe1\x85\
H\xa7\xd3\x08\x85B\x96S\x8a\xe6\xc2\xcb(\xb4\xfc~\
?}o\xb6\x1b\x85\x81\xaa_\x9bd\xcch\x18\x0f\xaa\
~\xfc\xf1\xc7\xf1\xa5/}\x09\x8d\x8d\x8d\xf8\xd4\xa7>\
\x85\xde\xde^\xe4r9\xa8\xfa\x8d@\x83\xc1 \xf2\xf9\
<>\xfc\xe1\x0f\xe3\xb9\xe7\x9eC{{;T\xfd4\
\xe5\xd9\x08\xd1ou\x91J\xa50==\x8d\xfe\xfe~\
\x84\xc3a\x0c\x0f\x0f\x83\x10\x82\xce\xceN\xb4\xb6\xb6\x22\
\x14\x0a\xa1P(\xd0Y\xaej\x14_D?\xd5:6\
6\x86\xc5\xc5El\xda\xb4\x09\xa8Rn'B\xa1\x10\
\x1ey\xe4\x11<\xf4\xd0\xa3\xb8\xe8\xe2\xdd\xc8e\xad\xb3\
w\xc2O\xbb\xec\xc2K\xacvZ\xa5\x9c\x0a/\xea\xe2\
4\x82\xd69M\x11N-\xd1rf\xce\x00\xa3\xd7r\
LN[\x1dPT\xc8\xbbd\x8b\xfdrK\x1d\x14\xa9\
B\xea\x10\xa1\x89\xcb\x08qMI\xf2\x92\xc4E|\xff\
\xfc\xcf\xff\xfcY\xd6\xe8\xe1q6b\xd9F\xe8\x9b2\
\xb7\x9c2y\xfb\xdb\xdf\x8e\xa7\x9f~\x1a/\xbe\xf8\x22\
FGG\xf1\xc0\x03\x0f\xe0\xfa\xeb\xafGCC\x83\xb8\
'B\xa3\x15\xe34\xe3\xe9\xd3\xc3\xf8\xa7\x7f\xfa'\xdc\
r\xcb-\xb8\xee\xba\xeb\xb0i\xd3&\x14\x0a\x05D\xa3\
Q\x04\x02\x01\xae\xe01_\x08o\xccj\x05\x83A\xf8\
\xf4\xeb\xbdD\x85\x98Q\xa4\xf9\xfd~:\xc3\xb5i\xd3\
&\xdcp\xc3\x0dXXX\xc0\xcf~\xf63\xa8\xaaj\
\xb9\xde\xa8P(@UU\x5cy\xe5\x95\xf0\xf9|8\
|\xf8\xb0>CW\xd9m\x1fV+\xc6,\x97\xdf\xef\
G4\x1a\xc5\xf2\xf22\x16\x17\x17\xd1\xd7\xd7\x87\xfe\xfe\
~\xee\xd4b5g\xbd\x14\xfd\x8e\xf6\xb1X\x0c\xb3\xb3\
\xb3\x88D\x22\x08\x85B\xac\xac&\x18\xcb\x9d/\x10\x5c\
u\xd5+\xe92\xc9W\xe1\xa2G\xae\xd1\x9cV\xbf@\
\xcdi\xac\xb8\xb9\xbe\x0b\x90\xf9\x05\xfd\x14\xea485\
\xa3\x95\x86r:\xa9\xb2\x88I\xe2\xa8v\xaaL\x1d \
\xf4\x07\x8b\xd0\xc8!UI\x1d\x224qI!\xab\x14\
o\xe6\xcb\xe3\xac\xc6\xb2r\xd37+\xbf\xca\xb33`\
{\xcc3`%v/\x9f\xcfcyy\x09\x9f\xfa\xd4\
\xa7099\x89W\xbe\xf2\x95\x08\x04\x02\x88\xc5b\xc8\
\xe7\xf3\x18\x19\x19\xc1\xec\xec,FFF099\x89\
h4\x8aX,\x86\xe3\xc7\x8f#\x10\x08\xc0\xef\xf7#\
\x1c\x0ec\xfd\xfa\xf5\xd8\xb5k\x17\xd6\xacY\x83u\xeb\
\xd6!\x10\x08\xd0\xfb|\x99\xaf\x0dc\xffo\x14n\x00\
p\xe8\xd0!\xfc\xe0\x07?@[[\x1b\xfe\xf2/\xff\
\xd2r-\x98\xa2\xdf\xa0t``\x00?\xfa\xd1\x8f\xf0\
\xec\xb3\xcfVt\xc7\xf93\x85D\x22\x81L&\x83\xcd\
\x9b7s\x05p- \xfa\xf5e'O\x9eD,\x16\
Cwww\xd9\xd7\x90\x95\x8aV\xa0\xfb\xf0\xb3\x9f\xff\
\x12mm\x1d\xf2\x02B\x1f\x03\x89\xb7\x08WT\x09\x22\
8\x0d\x8f\x9b1'\xf4\x07\x8b\xa0\xaf\x02\x1dg\x92\xb4\
\xc9Y9\x03\xe4\xe3f`r;(5\xdc\xce0J\
\x90,\x8a\xeblR\x95\xd4!\xc2qT\xc4\x94\x10T\
\x82T\xa3\xe4\x80\x22^\xf1\xe5qVB\xe8\x0f\x8be\
\xd5@\x00\x5c\xcf\x16`{\xec\xaf\x01\x13\xa1\x9d\xe2R\
\xf1\xbd\xef}\x1fw\xdcq\x07\xae\xba\xea\xe5\xf4\x9eP\
\xcf>\xfb,\x1ex\xe0\x01\x9c8q\x02\x9d\x9d\x9d\x08\
\x87\xc3hnnFkk+\x1a\x1b\x1b\xa1\xaa*\x16\
\x17\x17\xb1\xb4\xb4D\x9f]899\x09EQp\xc5\
\x15W\xe0\xc2\x0b/\xc45\xd7\x5c\x83\x96\x96\x16$\x93\
I:+f\xcc\x80\x99\x8b/\xc3F\x08A*\x95\xc2\
g>\xf3\x19<\xfd\xf4\xd3\xf8\xe2\x17\xbf\x88u\xeb\xd6\
\xd1\xbe\x1a\xb3`\x03\x03\x03\xf8\xf4\xa7?\x8d\xe5\xe5e\
\x84\xc3aW\x07\xc73\x95B\xa1\x80\xf1\xf1q\xec\xdc\
\xb9\xb3f\xb7\xbc`!\x84`qq\x11###\xd8\
\xb1c\x07\xeb\xae\x09\xda\xba\xa8=\xe2\xe83\xff\xf4\x7f\
\xf0\x96\xb7\xfe)\xbf\xd9\xb9-\x02\xb8\x82J\xacv\x1a\
J73^\xfc\xbe\xc2jp\xbb\x1b\xb1D\x08t\x02\
\x93\x06\xe3\x90\x96\x18\xa5\x99u*\xbb\xb0\x1e\xd21\x16\
\x1a9\x84*\xa1\xd1\x09-\xa8\xe4\xd0\x12\x02J\x90j\
\x94\x1cP\x84x\xc5\x97\xc7\xd9\x04]\x91-k\xf4\xea\
Y\xbd\xb9\x9e\x10\xe0\xfa\xeb++\xc0\xf2\xf9<n\xbd\
\xf5V|\xf6\xb3\x9f\xc5\xdb\xde\xf6\xa7\x08\x04\x028~\
\xfc8\x9ex\xe2\x09,--a\xcd\x9a5X\xbf~\
=\x9a\x9a\x9a\xe8\xf5E\xc6\xcb8\xf5g\x9e\xbd\xcaf\
\xb3\x98\x9a\x9a\xc2\xf4\xf44&''\xd1\xd2\xd2\x82\xab\
\xae\xba\x0a\xd7]w\x1d\xbdN\xc9\x88a\x0b/\xe3\xf4\
\x99\xaa\x9fN\xbc\xf9\xe6\x9b\xf1\x9b\xdf\xfc\x06\xef\x7f\xff\
\xfb\xb1y\xf3fz\x9a2\x9f\xcf#\x10\x08`\xdf\xbe\
}\xf8\xc2\x17\xbe\x80L&sV\x17`\xaa\xaabz\
z\x1a\xb1X\x0c\xfd\xfd\xfd\xac\xbbf$\x12\x09\x9c8\
q\x02;w\xee\xa43\x93\xf5`qq\x11\x7f\xfa\xb6\
\xb7\xe3\xa3\x1f\xfb;\xba.h\xb8,\x048\x8d8\xc2\
iuqZ\x9f\xc4\xfb\x0b\xde \xd7ipjW:\
\x1d\x81\xd1m\xf1%Q\x99\xd0\x15\xf2.9\x22\x1fB\
\xa9\xc3\x82P%4\xda!\x1d\x119%\x06\x94(/\
#\xc0\x0a\xf1\x8a/\x8f3\x1dB\x7fp\xd6U\x81\xb0\
'\x8c\xb1\xdc\x02\x8c\x10\x82\xdbn\xbb\x0d\x9f\xfb\xdc\xe7\
p\xf5\xd5\xafB:\x9d\xc6\x03\x0f<\x80\xa6\xa6&\xfa\
\xecE\xf6\xa2n\x08.\xbe6\x1f\xa4\x8c\x22\xcc8E\
8;;\x8b\xd1\xd1Q\xa8\xaa\x8a\x97\xbd\xecex\xe3\
\x1b\xdf\x88M\x9b6\xd1S[f\xbd\xb9\xf0RU\x15\
\x81@\x00{\xf7\xee\xc5\xf7\xbf\xff}\xbc\xe7=\xef\xc1\
\x8e\x1d;\x90Ji\xb7 0\x0a\xb1}\xfb\xf6\xe1_\
\xff\xf5_\x91\xcdf\xe9\x05\xfcg\x1b\x8a\xa2 \x93\xc9\
`~~\x1e\xdb\xb7og\x0a\x92\xda200\x00U\
\xbf\x06\xaf^\xa7\x1e\xd3\xe94|~?n\xbb\xed\xf7\
\x08\x86\xa2\xf0\xf9Ts\x1d \x87\xd3\x08\xd4.\x0b\x09\
\xa7\xc2\x0b.\xf6\x1d\xf47N\xa3\xc1\x99%m\x0a\xad\
\x8cQ{+Tj\x98\x5c6\xaa\x22ng\x18m\x90\
,\x8e\xab\x8c\xb6\x0a['K\x19\x85\x17Jk\xa3\x04\
\xa9F\xc9\x01E\xcc\x9f\x8aw\xc1\xbd\xc7\x19\x87e\xdd\
\x97\xbfY1\x84\xbd\x10\x1a5\xd8\x8b\xf0\x1f|\xb0x\
\x11\xbe\x8c|>\x8f\x81\x81\x01\xfc\xecg?\xc5\x85\x17\
^\x88\x17_|\x11{\xf7\xee\xc5\xda\xb5k\xb1i\xd3\
&444@5]_d\x14Gl\xe1%\xf2\x19\
\xa7\x07\x15EACC\x03\xba\xba\xba\x10\x8dFq\xe0\
\xc0\x01\xfc\xfa\xd7\xbf\x86\xdf\xef\xc7\x05\x17\x5c \x9c\x01\
3\xff?\x9f\xcfc\xd3\xa6M\xe8\xe9\xe9\xc1\x87?\xfc\
a\x5ct\xd1E\xf4\x9b\x90\x06k\xd6\xac\xc1K^\xf2\
\x12<\xf5\xd4Su}\x16a\xbd\x09\x04\x02XZZ\
B(\x14B8\x1cf\xdd5A\xd1/\xbe\x9f\x9a\x9a\
r\xbc\xe9k5QU\x15\xb3\xb3s\xf8\xa3W^\x8d\
\xde\x9e^\x9b\x83\xb8\x15\xabL\x10T\xf3\xc2\xab\x88\x8d\
\x0bp\xe1\x87\x9d\x86q8\x96\x17\xba\xdbAU\xa4\xc2\
\xc2K>6B#\x87T%u\xac\x1c\xf5\xec\x12\xdb\
V\xfd\xfe\x04\xf3\xf0\xa8\x02t\x05&\xd27+\x8a\xb0\
\x17B\xa3\x95[n\xd9\x83\xd7\xbf\xfe\xf5\x00\x80}\xfb\
\xf6\xe1\xba\xeb\xde\x88\xa9\xa9)V\x06\x00(\x14\xf2\x08\
\x06\x03\xb8\xf7\xde{\x10\x8f\xc7\xf1\xe8\xa3\x8f\xe2\x81\x07\
\x1e\xc0\xff\xf8\x1f\xff\x03\x1b6l\xa8\xea\x0c\x87q \
\x8b\xc5b\xb8\xf4\xd2K\xf1\xf2\x97\xbf\x1c\xdf\xfe\xf6\xb7\
\xf1\xcf\xff\xfc\xcf\xf4.\xf2`\x0a8E\xff\xd6\x1b\xf4\
\x9b\x8e\xbe\xeaU\xaf\xc2\x8f~\xf4#|\xf9\xcb_\xc6\
\xd1\xa3Gi^B\x08r\xb9\x1c6n\xdc\x88\xaf~\
\xf5\xabhmm=k\x8b/B\x08\xa2\xd1(\x12\x89\
\x04\xeb\xaa\x19\x84\x10ttt \x97\xcbazz\xba\
nc\xab\x9d\xe2$\xf8\xd2\xbf}\x01\xb1\x86\x90\xf3\xe3\
\xa5\x88\xdd,\x8bN\x95\x0a/\xba\xa7\xe0d\xc5}\x88\
\xc5\xc5\xe9d\xb8\x16\xba\xa7\xd8\xa5\xb2('\x94T\xd0\
f\x05\xa1\x02\x88\xfe\xaf\x0c\xca\x0arI\x15s{\xc5\
\x97\xc7\xaa\xc6\xd8\xa0\x89y\xc7P\xfc\xa5\xba[C\x19\
H{\x224\xda#/\xc0\x8a\xc9\x08)\xa0@\x08\x8e\
\x1c9\x82={\xf6\xe0\xf4\xe9\xd38}\xfa4^\xf3\
\x9a\xd7\xd0\xeb\xbaju\x90\xcdf\xb3\xf0\xf9|\xb8\xfa\
\xea\xabq\xec\xd81|\xf4\xa3\x1f\xc5c\x8f=f\xb9\
\xf0\x1e(\x16VF_\x96\x96\x96p\xc5\x15W\xe0\x13\
\x9f\xf8\x04n\xbc\xf1F\x8c\x8f\x8f\xd3Y\x19\xa2\xdf\x9b\
,\x1c\x0e\xe3\xb5\xaf}-&''\xd9f\xcf\x0a\x08\
!\x08\x87\xc3H$\x12\x96\xa2\xb5\xd6\x18\x05X\x22\x91\
\xa8[\x9b\x00\xd0\xd4\xd4\x88\xe3'\x8ec\xe0\xe4)\xf8\
\xfd\x92\xeb\xcd\xf4\xa2\xab\xd8+\xf1Fc\xd5\xf0\x18\xeb\
\x9b\xdd\xf2\x11=\x8f5\xbd\xd5@\x7f\xe3t\x1251\
\xbfx\x9d\x05AN\xed-\xa7\xd4\xe0tv\xe8\x0a\xbd\
/\xcez\x1e\x02}|\x84\x94\x93QG\xb0\xdc\xceH\
G\xc5\x19\x97\x81et\xa9\xc4\x00+Z\xa8u0\xbc\
\xd3\x8e\x1e\xab\x0a\xba~s+:gX1\xa4=\x91\
:\xdc#;\x05\x19\xd5OA\x12}f\xe13\x9f\xf9\
\x0c\x9ez\xea)\xe4\xf3y\x5cz\xe9\xa5\xf0\xfb\xb5\x07\
\x19\xd7\x12\xa3\xb8RU\x15\x1d\x1d\x1d\x98\x9d\x9d\xc5\xef\
~\xf7;d\xb3Y\xbc\xe4%/\xa1\x1a\xf6`\xa8(\
\x0a\xd2\xe946l\xd8\x80\xd6\xd6V\xdcx\xe3\x8d\xe8\
\xed\xedE[[\x9beVd\xdd\xbau8y\xf2$\
\x8e\x1f?n{\xca\xf5LE\xd1\xef\xf8_\xef{o\
\x85B!\x8c\x8f\x8f\xa3\xb9\xb9\x99^\x9fWk\x82\xc1\
 N\x9d<\x89\xee\x9e^\x5cq\xf9\xe5\xc8\xe6L\x7f\
\x14\xe8\xdb\x89us\xe17\x1ey1P\xc4\xcda\xda\
Ya\xb7\xdf\x91 \xd0\x09L\x1a\x02\x87m\xbfm\x5c\
R\xca\x891Sa|\x85\xe1\x96\x0ce\xe7*;\xb0\
\xb6\xc8\xba\xe5\xcd|y\xac\x0a\x88\xed\x0e\x903\xac\x08\
\x96>\x9a\x91:\xca\x83\x9f\x01\xbb\x0eSSS\xb4\xa0\
\xb9{\xef^\xfc\xd7\x8f\x7f\x8cL&\x83\x8b.\xba\xa8\
.\x85\x17\x8b\xaa\xaa\xd8\xb0a\x03\xae\xba\xea*\xfc\xfc\
\xe7?\xc7\x8d7\xde\x88H$\x82|>o)\xbc\xcc\
3`\x85B\x01\xafz\xd5\xabp\xd1E\x17\xe1\xab_\
\xfd*R\xa9\x14\x9d\xfd\x22\xfaMI?\xf7\xb9\xcf\xa1\
\xbf\xbf\x1f\x0b\x0b\x0bl\x93g<\x8a~=\xdc\xec\xec\
,}\xbef=\x08\x85B\x08\x85\xb4\xd3\x7f\xf5(\xbc\
\xa0\xaf\x1f-\xad\xad8p\xe0\x00\x16\x97\x1207k\
\xdd\x5c$\x1b\x8f\xc0\xc4B\xe8\x0f9\xf2}\x8a\x86\xa4\
u\x0bn4R\x04\x81n\x0b/\xd7\xed21\xa5@\
 +r\x8d\xd6\x85N\x8a\xadB\xea\x90SF\x88F\
\x09\x81%H+\xa6\xd8\x16\xdf\xaaW|y\xac8\x96\
\xd5\x92\x18?\xdcm\xfc\xf5B\xd8\x8b\x9atOKz\
\xcb-\xb7X\x0a\xb0\xeb\xaf\xbb\x0e\x93\x93\x93X\x88/\
\xe0\x07?\xfc!Z\xdb\xdap\xc9%\x97 \x18\x0c\xb2\
\x09\xea\x86Qh]r\xc9%\xf8\xf6\xb7\xbf\x8d\x1f\xff\
\xf8\xc7\xf0\x99\xee\xdc\xce\x16a\xc6\x0c\xd8;\xdf\xf9N\
l\xda\xb4\x09\xb7\xddv\x1b-\xce\x0cm*\x95\xc2\xa7\
?\xfdi\xc4b\xb1\xaa^\xbb\xb6Z\x08\x87\xc3H&\
\x93u\xfbrA\xa1P\x80\xdf\xefG,\x16\xc3\xe4\xe4\
\xa4\xe5K\x18\xb5$\x97\xcb\xa1\xaf\xaf\x0f\xf7\xddw\x0f\
\x8e\x1e~\x9e\x16_\xd6\xa6\xe5\xfd\x90{4\xb4\xdd\x84\
\xbd\x8az9\x99\xb6\x8d\x09\xcdn\x10\xb4\xcb[\xc4F\
A\xabEL.\x1b\x95\x89\xe2\xc5r\xda\x12\x95\x866\
\x86\xac\x152#\x87\xad\xca\xd6\xc9R\x5c\x86ZSV\
\x1be\x059\x84\x11\xef\xb4\xa3G\x1d\xe0VB\xce\x00\
\x99qE\x10\xf6Dh\xac\x06\xf2\x1d\xcf\x9f\xbf\xfd\xed\
\xd8o:\x05\xf9\xd0C\x0fa\xfd\xfa\xf5\xf8\xc9O~\
\x82m\xdb\xb6\xa1\xb7\xb7wE\x0b\x14\xa3x\x08\x06\x83\
hkk\xa3\xa7 /\xb9\xe4\x12K\x01\xc6\xfe_Q\
\x14\xec\xde\xbd\x1b7\xddt\x13\xc2\xe1\xb0e9\x88~\
az\xa1P\xc0\x91#G\xeaz\x7f\xaaz\xa0\xaa*\
\x96\x96\x96\xe8\x13\x08j]\x08\x19\xa7\x81\xa1\xdf\x7f\xab\
\xb5\xb5\x95\xdak\x09!\x04\x81@\x00\x89\xe5el\xdc\
\xb8\x09\xbb.\xdc\x0dB`\x99\x013\xe3f\x18\x08\x1c\
.\xfe\xd2\x11\xe7\xb2\x1a\xe9;\xa1\x965\xcb\xdb\x15\x9a\
\x19c\xf1\xadP\xcd\x99%*\x13\xba\xc2\xfa?\xd7\xd8\
/\xbb\xd0h\xc1Va\xebdq\x1c\x19g\xca\x0et\
I\x99\xf9m\xc3t\xa77\xf3\xe5QS,+!\x91\
\x19lW\xd5\xba \xed\x89\xd0X\x0d\x8a\xdf\xe6\xb1K\
\xff\xbb\xdfYg\xc0>\xf2\x91\x8f \x93\xc9`\xe3\xc6\
\x8d\xc8f\xb3\xac|E \x84 \x16\x8b\xe1\x95\xaf|\
%n\xbc\xf1F\xfc\xf0\x87?\x84\xdf\xef\xa7\xb7\x94`\
\x0b\xb0B\xa1\x80\xd6\xd6V\x5cw\xddu\xb8\xf1\xc6\x1b\
\xe9iSc\x06LUU\xbc\xeeu\xafCGG\x07\
\x96\x97\x97\xa1\xd6\xf1\xbeX\xb5FUUD\x22\x11\xc4\
\xe3\xf1\xba\x15\xceD\xbf\xd8?\x97\xcba~~\xbe.\
\xa7\xa9\x8dY\xce\x96\x96\x16<\xf8\xd0C(\x142\xc2\
\xe5%n\xbe\xe9h\xac;\x0e:\xa7m\x89\xdb\xc6%\
b\xce\xcc\x1948\xb3\xb4\x03R\x87\x05g\x95\xae\xb0\
\xfe\xaft\xa4\x81B\xa3{J\x0a/\x8aK\x0a+\x13\
\xe9\x22\xdbQr\x80\xa8\x1d\xdebp\xf6\xec\xd5<V\
\x1dt\x95\xb3\xac\x7f\xc6\x1b\xf1\x0a\xb9\x12\x08{R\xb3\
.j\x89\x1dS\x9b\xda\xd7\x0a\xb07\x00\x00\x86\x87\x87\
\x11\x8f\xc7\x11\x8f\xc7W]QR(\x14p\xf9\xe5\x97\
c\xef\xde\xbd\xb8\xe3\x8e;\xe8\x0d^\x8dS\x8a@\xb1\
\x00S\x14\x05\xd7\x5cs\x0d.\xbd\xf4R\xcbm+\x88\
\xfe\xed\xc7`0\x88\xb7\xbf\xfd\xedX^^\xb6\xdc\x17\
\xecl \x12\x89`~~\x1e\xc9d\xb2\xe63P\xd0\
\xc7\xda\xef\xf7\xa3\xb5\xb5\x15\x0b\x0b\x0b\xc2\x22\xa8\x16\x10\
B\x10\x0c\x0612r\x1a'O\x0e#\x10\x08\xb0\x12\
W8m+\xdc\xee\xc5\x0d\x12\x1do\xe6-\x90Z\xad\
8\xde,\xc1\xd4q\x1bU\x91R\xf5\x0c\x04v\x85\xae\
\xd4a\xc1\x9d\xca\x89b\x96\x8a\xf2\xb9\x0cv)\xb3R\
V\x90\x03\xa6\xcf\x0f^\xf1\xe5QM\x8cu\x8bn\xe4\
\x96\x95\x8dY\xf3V\x10K?e\x8e\xaa\xa2%u\x9c\
\xe9\x92\xb4O\x08\xc1\x9e={\xb0{\xf7\xc5\x00\x80x\
<\x8e{\xee\xb9\x87>\xf4z5\x11\x08\x04\xd0\xd9\xd9\
\x89/}\xe9Kx\xfa\xe9\xa7\xe1\xf7\xfbiQe\x14\
^f>\xf1\x89O \x9dN\xe3\x9e{\xee\xa1\x85\x17\
\xd1\xef\xff\xb5k\xd7.\x5cu\xd5UXZZb\xc3\
\xceX\x8c\x82$\x14\x0aaiiI8&\xb5\x22\x1a\
\x8dbzz\x1a\xe9t\xbanE\x1f!\x04\xa3#\xa7\
\xb1\xef\xc9\xc7\x11\x0c\x9a\xbedP\xd2\x8c\x97\x1b!\xbb\
\xdd\x987&\xa6\x04\x92\xa4\xb3\x9a\xf9[H\x98<\x95\
\xc1\xf4\xd59_1\x80[L\x97\xd0\xfd1\x87\xd4a\
\xc1Ve\xebd)\x0a]\x87T@=\xda\x90c\xdf\
\xbaW|y\x94\x85\xb1\xbd\xd1\x17k\xe0T+\x8bm\
O\xa4\x8eJ\xd1\x12;\xa6w\x14h7VUU\x05\
]]]\x00\x80\xe9\xe9i\xdc}\xf7\xdd\xab\xae\x00#\
\x84\xa0\xb9\xb9\x19\xed\xed\xed\xf8\xc7\x7f\xfcG\xcc\xcf\xcf\
[f\xe8\xccEX\xa1P\x80\xcf\xe7\xc3?\xfc\xc3?\
\xe0\xfe\xfb\xef\xc7\xfc\xfc<r\xb9\x1c\x0a\xfa\xe3\x90\xf2\
\xf9<\xde\xfb\xde\xf7\xa2\xa3\xa3c\xd5\x9cb\xad\x06\x84\
\x10444 \x1e\x8f\xd7\xad\xf8\x22\x84\xa0\xb1\xb1\x11\
\x8d\x8d\x8d\x98\x99\x99\xa9[\xbb\xd0\x8b\xbe\xdf\xfe\xf67\
X^^\xd2/\xf8w\x5c\xdd\x01\xbd\xcfN\x10\xfa\x83\
\xb3\x8a\xdfqZ\x0d.\xc2\x95NG\xb0\xfd\xda\xcex\
\x99pV\xe9\x0ay\x97*\xc0]F[\x95\xadSN\
\x99aE\x5c$p!\xa9*\xdc:\xe4\x80W|y\
\x94\x84e?c\xbc\x11\xaegBc\xdd\x91v\x0fN\
\xcer\xd1\x92\x96;\xcb\xc5B\xf4\x0b\xd4\xbf\xf9\xcdo\
add\x04\xaf\x7f\xfd\xeb\xb1v\xedZ`\x95\x17`\
;w\xee\x04\x00|\xees\x9fC*\x95\xa23Z\x86\
?\x97\xcb!\x97\xcb!\x95Ja\xcb\x96-\xd8\xbe}\
;\x9e~\xfai(\xfac\x89\x8c\x02,\x18\x0c\xe2\xb2\
\xcb.C&\x93Yu\xa7Y\xcb\xa5P( \x16\x8b\
!\x9f\xcf\xd7\xed\xb33ns\x11\x0e\x87177\xc7\
\xbakJ,\x16\xc3\xfe\xa7\x9fB*\x95v}\xc8\xa9\
z\xe1%\xd9\xd68\xb3\xa42\xe4t\x12\xa3\xabS\x8d\
\xfc\xaf\x12t\x85\xb3P\x0a\xd1\x17\xa9&\x94\x94\xb78\
X%\x85\x89p\x91\xc0\x85\xa4\xaaX\xdb\x13\xb4.0\
\xb9\xdb\x12<\xceY\x8cM\x86n\xc4\xe6\x97X\xc5:\
\xeb\x8a\xb4\x17\xac\xa3\xaa],&\xb5M]F\xdb\x84\
\x10LNM\xe2\xf6\xdf\xdf\x8e]\xbbvAQ\x14\xbc\
\xfa\xd5\xaf^\xf5\x05X&\x93\xc1\xc5\x17_\x8c\xa3G\
\x8f\xe2\xd9g\x9f\x85\xaa?L;\x9f\xcf\xd3\xd9-\xf3\
\xef\xd7^{-\x9e|\xf2I\xba\x1c\xc6uI\xb9\x5c\
\x0eW]u\x15Z[[\xcf\x9ak\xbf\x14\xfd\x9eg\
\x8a\xa2 \x91H\xd4\xe5\x14 \xf4[\x83\xf4\xf5\xf5\x81\
\x10\x82\xe5\xe5e\xd6]3|>\x1fb\xb1\x18\xfe\xed\
\x0b\xff\x0aU-~\xfb\xd2\x8c\xb1\xf5\x98gFE\xd0\
MH\xb8\x1di\x06\xcbf&\xd4iX\xcdr\xa1\xd0\
*0J\x8b.K\x87\xecZ2a\x14\x81\x15\x5cX\
/\x1e#\xb8\xed\x81\x5c%u\x88\xb0\x8a]\x87\xc9p\
\x91\xc0\x85DNI\xcb\xa6a\x95\xbb\x0f\xf6\x8a/\x0f\
\x0b\xc6\xbaG\xd7A\xcb\x1b\x99re\x91\xf6D\xea\xa8\
\x94bb\xf3\x0c\x17\xd7\x8c\xd9\xc19\x9d!\x00\x0a\x84\
`\xdf\x93O\xe2\xf4\xf00\xd6\xaf_O\x0fLgB\
\x01\x06\x00\x9b6m\xc2\xed\xb7\xdf\x8e\xc1\xc1A\xa8\xaa\
Jg\xbc\x8c\x971\xfb\xb3m\xdb6l\xdf\xbe\x1d\xb7\
\xdcr\x0b\xfc~?\x9d\xf9\x02\x80\xce\xceN\x5cz\xe9\
\xa5\x98\x9b\x9b\xab[\xa1Rk\x0a\x85\x02\xc2\xe1p\xdd\
\xaf\xfb\x0a\x06\x83\x08\x06\x83X^^\xae\xebX\xb6\xb4\
\xb4\xe0\xae;\x7f\x8fL&\xc3\xba\xb4MC2\xe3d\
@7!\xe1\xb6T4Z\x5c\x9cN\x83Ka*t\
,f\xde\xa4\xc1\xe9$\xb3]\xd2\x04vh\xd7\x9a\x19\
\xa1%\x87\x1b\x8b\xc3\x05\xba\xcb\xe8\xa8\x92:D\x14\xc5\
\xb69\xdd\xe2\x22\x81\x0b\x89\x9c2\x82\xad!\x82\x046\
\x0b\xee\x15_\xe78\xe6\x8d\x8d\x08\x0d,RG\xdd\xb1\
\xed\x89\xd4Q\x09\xc5\x16m\xdb\x86\x93S\x8ey\xe8\xb3\
\xd9,\xe6\xe7f\xf1\xdd\xef|\x07\xfd\xfd\xfdt\xc6\xc4\
`\xb5\x17`D\xbf\xfe\xeb\x91G\x1e\xc1m\xb7\xdd\x06\
\x9f\xcf\x87l6Kg\xbc\xcc3_\xc6\x8c\xde\xfd\xf7\
\xdf\x8f\xe1\xe1a:Sf\xbc^\xfe\xf2\x97#\x9dN\
\xd7\xb5P\xa9%\x8a\xa2 \x10\x08`yy\xd9\xf2\x99\
\xd6\x9a|>\x8f\xde\xde^\xc4\xe3q\xfa\x0d\xd3ZC\
\x08A$\x12\xc1\xc2B\x1c\xb7\xee\xf9-|>\xeb5\
\x80\x82J\xa1\x04\x8a\xb1\xf47\xc9\xc6\xc9\x99%ms\
:\x03\xc6\xa1\xbd\x15*\x85H\xf3\x02\x8e\xdeUAI\
\xdd\xd3\xc4U[\xaa\xaa$\xb1\xa1\xd6\xf9\x05x\xc5\xd7\
9\x8ap\xa3\xe0\x0cf\x84\x11u\xc7\xe8\x85\xb0'\xb6\
\xceJq\xf9\xd7\xa8\xa3@\x0c\x1bF\x08A \xe0\xc7\
\xd0\xd0\x10f\xe7\xe6\xd1\xd3\xd3#\xbc+\xfaj.\xc0\
\x8c\xbe^z\xe9\xa5\xf8\xeew\xbf\x8b\xfb\xee\xbb\x0f\x8a\
\xa2\xd0\xc2\xcb\xfc\xcad2X\xb7n\x1d\xfe\xe5_\xfe\
\x05\xf7\xde{/\x92\xc9$-\xbc\xf2\xf9<Z[[\
\xb1q\xe3F\xc4\xe3q\xb6\x993\x16\x9f\xcf\x07\xbf\xdf\
\x8f\x99\x99\x19\xees\xad%\x81@\x80\x16\xbd\xf5\xc2\xe7\
\xf3\xa11\x16\xc3\xc1\xe7\x9fE.\x97-\xa9\xe8#\xc6\
\x0f.D3X\x5c\x9cF\x86k\xa1\x90b\xcb\x12L\
.a\xd7-\xe8^g\xa1-\x04\xc2Z\xb2\xb2\xa4\x06\
UHQk\xea\xddEk{L\xeb.>K\xaf\xf8\
:\xcb1\xd6\x01\xcb\x8b3\xb0+\x0a\xebpX\x8bj\
\x04\xdb\x83\xfau\xb1\x98\xb4\xf8OB\x05}p\x0a\xf3\
\xfb\xfd\xd8\xb3g\x0f\xb2\xd9\x8c\xed=\x92Vs\x01V\
(\x14\xd0\xd0\xd0\x80K.\xb9\x04\xbf\xfc\xe5/1?\
?Og\xbc\xd8\x22,\x99Lb\xd3\xa6Mx\xf1\xc5\
\x17199i)\xbe\x14E\xc1\xdb\xdf\xfev\xa4R\
\xa9\x92\x0e\xdc\xab\x9dp8\x8c\xe9\xe9i\xd6\x5cSB\
\xa1\x10\x1a\x1a\x1a0==]\xb7'\x08\x14\x0a\x054\
57\xe3\xb1\xc7\x1f\xc7\xe8\xc8\xb0\xabY7\x02\xd9u\
KE#u\x09uE\x8a.](\xd1\x0a\xcd\xc2\xdc\
\x9cA\xc3\xa4\x15\x86\x89('\xc6\x04\x81l\x9c 3\
Z0B\xa5J\xa9CD1SIav\xb8H\xe4\
B\x22\xc6v\xc1\xe5\x94\x11\xc2\xe1\x15_g\x19\xe6\x0d\
\xc9\xb9\xc8\xe2\x22D\x82\xbaa\xdb\x0b[g5\xd0\x12\
\xdb^\xc3\x85\xca\xfa\xe1*Tw\xfaT\x15\xa3##\
\xb8\xf1\xc6\x1b\xe9\xb5^v\xb3#\xab\xb5\x00S\x14\x05\
\xd9l\x16\xe7\x9f\x7f>N\x9d:\x85}\xfb\xf6\xd1\x82\
\xca(\xc2\xb2\xd9,r\xb9\x1c2\x99\x0c\xfc~?:\
;;q\xf8\xf0a\xcbi\xc7\x5c.\x875k\xd6`\
\xfd\xfa\xf5g\xd5m'\xc2\xe10\xd2\xe94\x16\x16\x16\
l?\xdfj\x13\x8dF\x91H$\xea\xf6\x80\xefB\xa1\
\x80H$\x82\xa5\xa5ELLNC5=\xf6\xc8\x0c\
\xdd>\x84\x1bI\xd1hqs:\x0dn[#\xf6\xd7\
vY\xcc\x02\xa3\xf6\xd6\xe6O1F\xeb\x8c\x91\x91k\
\xaa4\xb8@w\x19\x1d\x15\x8e\x02\x16M\x5cr\x98\x1d\
\x0e\x89\xaa\xda\x96\x0b\xf8\xf6\x18\x0b/\x90\xe2\x15_g\
0\xc6\xe7l~Y\xdf\xd8\xe1JT7\xa4=\xa9y\
7\xb5\x06\x1c\x9bq\x14\x88\xa9\xe4\xe3\xb8\xe5\x96[\xe0\
\xf3\xf9\xe8\xf3\xf8\x9cX\xad\x05\x98\xaa\xaaH$\x12\xd8\
\xb8q#\xfe\xf0\x87?`ii\x89\x16\x5c\xc6+\x9b\
\xcd\xa2P( \x1e\x8f\xe35\xafy\x0dN\x9d:\x85\
T*EO\x8fe\xb3Y\xc4b1\xec\xde\xbd\xbbn\
7\x09\xad\x07\xaa\xaa\x22\x1a\x8dbaa\x81u\xd5\x0c\
EQ\xd0\xd2\xd2\x82D\x22Q\xb7\xd9/\xe3ts2\
\x91\xc0O\xfe\xebGhn\x89\x22\x9f\xcf[4\xf6\xdb\
H\xd1k\xd1\x09\x82\x04\x9b\x92\xd4\xc2[ycQ'\
Tk\x98\x5c6*\x1d=\xa3\xb4\x03\xee\x90\x5c\xb2V\
9%\xf7K\x0b(9\xcc\x09\x87d\x0eng*N\
P\x19^\xf1u\x86\x22\x5co\x84F\x96\xaao\x22e\
c\xf4D\xd8\x1b\xa9\xa3ZXg\xb9\xa48\x0a\xaa\x80\
%?\x81\xa2\x00\xe3\xe3\xe3\xf8\xfc\xe7?\x8f\x0b.\xb8\
@8C c\xb5\x16`\x00\xd0\xd1\xd1\x81\x99\x99\x19\
\x1c;v\x0c\xf9|\x1e\xd9l\x96\x16a\xe6b\xac\xb3\
\xb3\x93\xce\x06\xe5\xf5{~\x11B\x90H$\xb0c\xc7\
\x0e\xb4\xb6\xb6\x964&\xab\x9dX,\x86\xc5\xc5E\xa4\
\xd3i\xd6U\x13\x08!\xf0\xf9|\x88F\xa3X\x5c\x5c\
\xac[!K\x08A,\xd6\x80\xc9\x89\x09\xcc\xce\xcc\xc3\
\xe7\xf3Y\xf7\x01\xc2\x1dB\xd1 t1\x08L\x9aU\
\xec\xe0\x11\xea\xb8\x96\x8b0.\x89\xca\x8a)\xc6\x95\xde\
\x84\x11*^\xfdm\xfai\xc2V%u\xc8(9\xc0\
\x1d\x0ei\x1d\xdc\xce\x94\x98\xc0v\xcc\xca\xc4+\xbe\xce\
\x00\xe8\x06\xc7\xae\x04B\xa3\x08W\xa2\x9a#\xed.\xeb\
\xa8Y7\xb5\xe46'\x0e4*\xe8\x87\xab\xc5\x90\x8a\
\xb47\x84\x10\xfc\xe8G?D0\x18DGGG\xc9\
\x17F\xaf\xc6\x02LQ\x14\xf8|>\x04\x83A\xdct\
\xd3M\x88D\x22H\xa7\xd3\x96\x02\xccxE\x22\x11\xf4\
\xf6\xf6b\xef\xde\xbd\x08\x85Bt\xf6+\x93\xc9\xa0\xbd\
\xbd\x1d\x91H\x04\x99L\xa6nEC-!\xfa\xe3\x86\
\xa0\xdf\x1b\xad^\xf8|>Z\x0c\xd7s\xdd\x08\x85\xc2\
8z\xf40\xee\xbb\xef~\xc4ba\x10c\xdd\x16n\
,E#\xb7\x99\x08\xf5,\xfa\xd4\x90+\xad\xdb\x9c:\
\x82>8\x87[\x83\x9c\xf5V\x88\xf1C\x18(4\xd6\
\x90\xca\x96\xc5\x96\xaa&\xab%%\xaf\x00\x16\xbc\xe2k\
\x95a\xac\xd2\xe6\x17g\xb0\xae\xf7\x0c\xacH*\xac)\
l\x0fJ_\x8ej\xa05P\xfc'i\xae\xc2\xfe8\
\x86\x0a\xf3\xb3F\xad\x7f\xf9B\x01\xa7O\x0f\xe3\xde{\
\xef\xc3\xc5\x17_L/6/\x95\xd5Z\x80\xad[\xb7\
\x0e\xc7\x8f\x1f\xc7\x89\x13'@Lw\xbag_\x97]\
v\x19\x9a\x9b\x9bi\xe1\x95\xd7\xef\x90\xaf(\x0a\xfa\xfb\
\xfb\x91J\xa5\xf4G\xd5HG\xfd\x8c\x80\x10\x02UU\
\x11\x0c\x061;;Km\xb5\xa6\xa0\xdfe\xdf\xe7\xf3\
!\x95J\x95\xb5\x8e\x95\x83\xcf\xe7\x83\xa2\x00\x07\x9f\x7f\
\x0e\xe9l\x01P\x14\xc1\x86S\xdc\x1e\xe8&\xc3m?\
\xac\xda\xbci\x89\x8b.\xb3\xce\xe2b\x0c\xda[\xf3^\
C\x8e0\x9f\x08\xd3\xf5f\xae\xf4\x22\xa4AR\x07\xc5\
\xb1\x9f\xb6N\x96\xa2\xb0\xa40'\x5c$s!\xb1\xa7\
\xe2\x04\x10')#\xa7W|\xad0\xc6\xc7h\xf98\
\x85F\x11\xac\xd0V\x5cs\xa4\xbd\x10\x1akA\xb1\x07\
\xb6\xc5\x96\x81\xa3@LI#n\x11\xc8\xa3\x08\xf4\x83\
.!\xd8\xb7\xef)LL\x8c\xa3\xa9\xa9\xa9\xa2\x03\xf1\
j+\xc0\x08!\x88F\xa3\x08\x06\x83\xd8\xb3g\x0f\xa0\
\xcf\xf6\x98O=\x1a\xaf\xf6\xf6v\xa4R)<\xf1\xc4\
\x13\xf0\xf9|\x96\xe2k\xfd\xfa\xf5\xf4\x14]\xbd\x8a\x86\
Z\xa1\xe8\x8fS\x0a\x87\xc3\xf4\xba\xb7z,\x13!\x04\
\xe1p\x18---\x98\x9e\x9e.yv\xb5\x5c\xf2\xf9\
<\xda\xdb;\xf0\xdd\xef~\x0b\x83\x03\xa7\x10\xf0\x9b\xbf\
\xc5[\xdc6\xb8\xcdF\x02\xe7\x92l/b+\xefp\
\xdck\x98\xdc6*\x1d]l\xea\x93s\x0c\x0f\x91/\
V\x99\x19\x19JJQ\xd9\xb2Hq\x91\xcc\x85\xa4&\
8\xb6\xeb(\x10\xe3\x15_u\xc0\xd8^E/\xce`\
\xfbA\xba\x16\xd6\x1c\xb6'\xb47\xac\xb1\xe6\xdd\xe4g\
\xb6\xa4MV\xd0/\xd7a\xc26\xf8H\x91,\x9f\xcf\
\xc3\xe7S\xf1\xbb[~\x87\xce\xce\xce\xaa\x1c\x84\xdd\x16\
`D\x7f\xac\x8b\xf9U\x0bTU\xc5\xb6m\xdb\xf0\xd4\
SOadd\x84\xbb\xf6\xcbx)\x8a\x82P(\x84\
\x13'N@UU\xcb-)\x1a\x1b\x1b\xe1\xf3\xf9\xce\
\x9aS\x8f0\xdd{kyy\xb9.\xcf\xb0T\xf4o\
\xa1\xb6\xb5\xb5\xd1\xcf\xa0^D\x22\x11\x14\xf2y<\xfc\
\xc8\x83\xfaE\xf7\xc5\xad\xc0a\xb3\xa1p.c\xb6K\
\x80\xd8j\xe7``7T\xb7\xa1\xa6\x18\xae\xbf\x0e\xd0\
&\x85\x81\x82\x0eI\xb0U\xd9:Y\x8a\xe2\x92\xc2\xdc\
\xe0\x90\xac\xea\xed\x95\x00\xdf.c\xe1\x05\xae\xa9\xfdV\
~\x0e#\x5ci\x0c\xa3\xd0)\xa3$q\xcd\xb0\xed\xb6\
\xd4Q\x0b\xb4\xc6\x9cO\x0a8u\xda\x19\xd7\xa1\x9cP\
\xdc0o\xd1\xed\x84 \x14\x0a\xe2\x85c\xc7p\xe8\xd0\
!\xf4\xf6\xf6V\xad\x00rS\x80\x05\x02\x01\x84B!\
\x84B!\x04\x83A(\x92[\x01TJ>\x9fGw\
w7TU\xc5\xe8\xe8\xa8\xe5\xb6\x13\xe6\x17\x00\xac[\
\xb7\x0eG\x8f\x1e\xc5\xcc\xcc\x0c\x08!\xc8\xeb\xb7\xa6\xe8\
\xea\xeaB__\xdfY\xf5\xadG\xe8\xf7\xdfZZZ\
b\xcd5\xa3P( \x1a\x8d\x22\x9b\xcdbii\xa9\
nc\x99\xcf\xe7\xb1v\xdd:\xfc\xf2\xc6\x9f\x22\xaf\x17\
\xda`\xb7\x0b\x9bU\x8fsI\xd6S\xd9\xb6&r\xb8\
\xdc\x9b\x94@1WYY\x05},\x95\x0a\xc3MT\
\xb8,vT=\xa1\x842\xc6\xd3*/#\x81\x0d\xc4\
+\xbe\xaa\x8b\xf1\xf1p\x1f\x93\xd0h\x874S\xddq\
\xec\x85\xad\xb3\x9a\x14{\xe2\xaaIW\x229\xae\xc3\x85\
B\xce\x00H\xad\x1a\x84\x10d\xd2i|\xed\xab\xff\x01\
\xe8\xa7\xe7\xaa\x89]\x01\x96\xc9dp\xfc\xf8q\x1c8\
p\x00\xcf=\xf7\x1c\x0e\x1f>\x5c\xb3g\xff\x11B\xe0\
\xf7\xfb\xd1\xdb\xdb\x8b\xfd\xfb\xf7#\x9dN#\xc7<j\
(\xaf\xdf\xf1\xbe\xad\xad\x0d\x99L\x06\x93\x93\x93 \x84\
\xd0\xfb}E\x22\x11tuu!\x99L\xd6\xa4@\x5c\
)\x8c\xbb\xddg\x05O2\xa8\x05\x8a\xfe\xb8\xaa\x96\x96\
\x16\xae\x18\xaf%\x85B\x01\x8d\x8d\x8d\x98\x9f\x9f\xc7\xd1\
\x17\x8e\x887!\x09\xbc\x8e\xb7H\x914TJ\xd1%\
I\xc1\xa0]\xd8\xe5N[\x0a\xee2:\xaa\x1c\x05\xab\
\x833\xa4\x9be\xe3\x15_.0V\x02\xeee\x5c\xd7\
i\xccx\xcb^\x1c\xac\x80}\xd5\x1f\xb6\x07\x96\x9e\xb0\
FNPM\x8a\xc9\xad\xffl\x9ad\xfb$\x14\xc9a\
C\xa5\xe1\xac\x88\x88\x8d\xbc\xc5>'!\x04>U\xc5\
\xe1\xc3G\xf0\xbb\xdf\xdd\x82\xed\xdb\xb7\xd7\xa4\xa8\x10\x15\
`sss8x\xf0 \x86\x87\x87\xb1\xbc\xbc\x8c\x81\
\x81\x01<\xff\xfc\xf3x\xf0\xc1\x07100@g\xa1\
\xaa\x85\xa2(\xc8d2\xe8\xe8\xe8\xc0\xd4\xd4\x94\xe5\x9a\
/\xa3\x00\xcb\xe7\xf3H\xa7\xd3\xe8\xea\xea\xc2\x96-[\
033Cg\xc4\x0a\x85\x02\xd2\xe946l\xd8\xa0\
\x9d\xbe\xaa\xd3\xb5J\xf5 \x14\x0aAQ\x14,//\
\xb3\xae\x9a`\x14x\x8d\x8d\x8d\x98\x9b\x9bc\xdd5\xc3\
(\xfa\x92\x89e\xec\xdb\xf7\x04\xbf\xa10\xab\xbe\xd5\xac\
\xffFw\xbcvZ\xc6\xc8\x99lf\xbbL\x89\x849\
E\x98\xfa\xe4\xa8e\xa0m\x08\xcf\x9e\xbaj\x1d\xb0S\
\xb9^\x080b\x87}o\xb9\xd8$\xb4q\x95N\x99\
\xc9\x1cC\xca\xcc\x0bS\x98W|1XW;}\xa0\
X\x83\xeb\x81g\x03\x5c\x07\xd6\x14\xb67\x96\x1e\xb1\x8e\
\x9aw\xb7\xd8\x90c\x91eP\x85\xfe\xb9\x0e\xe7\x84\xf2\
\xc6y\x8b\x0d&\xb1\x02\x05\xa9T\x0a\xdf\xfa\xd6\xb7\xd0\
\xd3\xd3\x83\xe6\xe6\xe6\x9a\x15\x15l\x01v\xcf=\xf7 \
\x99Lb\xcb\x96-X\xbbv-\x02\x81\x00\x9a\x9b\x9b\
\x11\x08\x04\xf0\xec\xb3\xcfbpp\xb0\xea\xb30\xf9|\
\x9e\xce\xb6LNN\x02\x00-\xba\xcc\xafB\xa1\x80\xd6\
\xd6V\xbc\xf0\xc2\x0b\xc8d2tf,\x93\xc9`\xcb\
\x96-\x80>\x8br\xb6\xa0(\x0a\x22\x91\x08\xc6\xc7\xc7\
YWM\x09\x87\xc3\x08\x06\x83\x88\xc7\xe3U\xff\xace\
\x18\xa7<\xef\xbf\xf7\x1e\xe9\xc3\xc5\xf9\xedI>\x9d$\
1s\xc6\xa2N\xa8\xb6I$\xc3\x08(f-)\x1c\
\xcc\x1f\xee\x1cB#\x874\xbcd\xacY\xaa\x93\x93\xc1\
&\xa9\x8d\xabt\xcaL\xc6\x871\x16^\xe0\x1as\xe8\
9[|\x99\xd7w\xf3K\xe8t\x05\x1b\xe4:\xb0n\
8\xf6\xca\xd6YM\x8ac\xe4z\xb4\x5c\x0b\xe5\xb8N\
!\x14r\x06\x8a\xdc\xc3 \xcc\x0b\x10\x10\x8c\x8d\x8d\xe1\
\xe9\xa7\x9f\xc2\xf9\xe7\x9fO/8\xaf\x15\xe6\x02li\
i\x09\x93\x93\x93XXX\xc0\x91#G099\x89\
\xb1\xb11\xcc\xce\xce\x22\x93\xc9`bb\xa2&\xf7\x9f\
\x22\x84 \x95Jahh\x88\xbb\xa0\xdex%\x12\x09\
l\xda\xb4\x09\xc9d\x12\x99L\x86\xda\xb3\xd9,\xc2\xe1\
0\x9dA9[ \x84 \x16\x8b!\x93\xc9\xd4\xed\x86\
\xab0]\xef7<<\x5c\xd3\xf5\x8e%\x18\x0a\xe1\xd8\
\x8b/ \x99\x9c\xe7>G~{\x92O'I\xcc\x9c\
C{+\xd8\x00m\xb0W\x9a\xbc\xf2\xeeU\x80\xbb\x8c\
\xb6\xaa\xd2\x16\xd7B\x99a\xf6\xd8$\xb5q\x95N\x99\
\xc9\xf80\xe1JT\x16l\xe89U|\x19\xeb!;\
\x08\x80\x93\x93\xc5,v\x1d\xb4bH{X\xd7E\xb0\
6\xe4\xbaI\xd7B9%\xa5p)t=l\x0eB\
\x02@QT\xfc\xfe\x8e;\xa0\xaa*\x9a\x9a\x9a\xb8\x03\
Q-\xb8\xe6\x9ak\xd0\xd3\xd3\x03\x00\x88\xc7\xe3x\xf4\
\xd1G144DO\x01&\x12\x09d2\x19\x8c\x8c\
\x8c\xe0\x91G\x1e\xa9\xea7\xf0\x14\xfdb\xfe\x8e\x8e\x0e\
\xcc\xcd\xcdqEW^\xbf\xadD2\x99\xc4\xfa\xf5\xeb\
\x11\x89D\x90H$\xe8lXA\x7f\xdc\x90\xcf\xe7C\
.\x97c\xd3\x9f\xd1\xa8\xaa\x8a@ \x80x<\xce\xba\
jJGG\x07\xb2\xd9,\x92\xc9$\xeb\xaa\x19>\x9f\
\x0f\x85|\x1e\xbf\xbdy\x0f\x1acQ\xba\xde\xf3\x9b\x8a\
\xbc\xb2\x11\x9a\x05\xdb[\xf1\xcf<\x01\xcc6\xea\xb0\xc9\
\xea\x14g\xe1\x04g?]a\xdf\x86\xdcc\xc6Ve\
\xeb\x14\xe3n\xd9\xcb\xc0!\xa9\x8d\xabt\xcaLVf\
X\xd9To\x8f\xbaJ0\xaf<\xf4e\x9cG\xb7{\
\xc9\xa3\x05\xaf\xd5\x0b\xdbSKo\xa5\x8eZ\xa15\xc4\
\x9eN\x946\xcd\x8a\xa4Bg\x5c\xa7\x10\xb6\xc7\x1a\x8b\
Y\x5c\xe5\x84\xb3\xd0\xec\x9e\x9b\x9b\xc5\xde\xbb\xee\xc2\xda\
\xb5k\xeb\xfa\x0d\xbe\xdd\xbbw#\x12\x89Xl>\x9f\
\x0f~\xbf\x1f\xd0O\x0f\x1a\xb3_cccU\xeb\x97\
\x91\xa7\xb5\xb5\x15\xa3\xa3\xa3H$\x12(0\xdfz4\
n9\x91\xcf\xe7\x91J\xa5\x10\x8f\xc7\xe97\x1e\x8d\xd9\
\xafH$\x82|\x95\xafI[\x0d444`qq\
\x91\x16\xa1\xb5\x86\xe8_\xf0PU\x15\xf3\xf3\xf3U-\
\xb4\xedP\x14\x05\x81@\x00w\xdd\xf5\x07\x84\x22A\x14\
\x08s\x05\x96\xe4\xba.\xd8m^B\xa3\x04A\x92R\
\xc2Q\x86\xde\x80\x18?\xb8\x04B#\x87\xad\xca\xd6)\
\xc2\x08()\xc8\x1d.\xd2:\xb8\xeb\x82\xb8\x0f&\xab\
\x8b\xe5\xb0C\x14Z\x9f\xad\xacJ\x98W\x11\xcb\xcb\xd8\
F9\x87\xb1\xd4\xacA\xf6:\xb3`{oY\x02\xd6\
Q\xd3\xc5\xb36T\xfc\xe7\xd0l\x15\xfa\xc7\xa6pL\
%\x14\x0a\x8d\x9c\xb5\xf4\xbc\xbcY\x94glt\x0c'\
O\x0e \x16\x8bU\xad\xc0q\xc28\xf0\x99g:\xde\
\xf5\xaewa\xdb\xb6m\xe8\xea\xeaBcc#\xa0\x7f\
\x13RUU\x84\xc3aSt\xe5(\x8a\x82X,\x86\
\xa5\xa5%a\xf1e\xccr\x19\xd7y-,,\xd0\xf7\
Fq\xd6\xd8\xd8X\x97Y\xc2zb|\x1b\xd48\xcd\
Z\x8f\xe2\x0b\xfa\x8c\xdb\xc6\x8d\x1b\xb1\xb0\xb0\x80l6\
[\xb7v\x1b\x1a\xa28t\xf09\xfc\xf6\xe6[\x10\x89\
D\xf4v\x85W\x9d\x03\x92\xedG\xb6aY\xf7D\xf6\
\x08\xc2\x05\x14\xfb&\xa9\x09]A\x8fSV\xab\xc8\xc8\
\xe1\xa8\xb2u\xb2\x14\xb39\xe6\xad\x015i\xb3\xc4\x84\
\xf2>\x88\xad\xe5 \xccDVq\xf1e\x0c\x8a\xf9%\
uJ\x1d\x9c\xe0\x8c\xc6\xd5R\xd9:\xab\x89\xb5'\x8e\
\xfd2p-t\xa6\xa4\x14\xc26yc\xc9\xdd\xb3\x11\
K\xcc:\x04\x85B\x1e\xc1\x80\x0f\x9f\xfc\xe4'\xd0\xd5\
\xd5\x85P(\xc4\x8aj\xca\xfc\xfc<\xfd\xfd\xf5\xaf\x7f\
=^\xfe\xf2\x97c\xe7\xce\x9d\xf4\x9b\x86\xc6\x0cX6\
\x9b\xc5\xc4\xc4D\xd5\x0bC\x9f\xcfG\xaf-\xb3+\xbe\
\xc2\xe10\x12\x89\x04\x88\xfe8\x22c\xe6\xab\xab\xab\x8b\
MyV\xe0\xf7\xfb\x11\x08\x04\xb0\xb0\xb0\x00\x9f\xcf\xc7\
\xbak\x02!\x84>33S\xa7\x9b\xd7\x12B\x10\x0a\
\x85\xa1\xaa\x0a\xf6\xef\xdf\x07\x90\x5cUf\xba\x5c\x15\x5c\
&\xb7\x83\xb2\xd8\xba\xb4\x13\xee\x11\xd7\x94B#\x87\xad\
\xaa\xe4\xbei\xe2\x92\xc3\xdc\xe2\x90\xd8\xc6U\x1e\x0e\xed\
\xad\x14v]Z\xd1\xe2\xcb\x18/\xcb\x8b\xce`\x99\xa6\
\xb3\xd8\x17\x1f\xe5\xb0\x98g\x16\xecRqK\xc7:\x84\
\xa2jam\x80\x9d\xd5\xb2m\x96\x15I\x85\xce\xb0i\
\xa4\xa9X\x11\x15\xb3\x06-\x03oq\xc0&\xc0\xc6\xc5\
yI\x81@U\x14\xdct\xd3M8x\xf0 \xfa\xfa\
\xfa\xd8\x80\x9aR(\x14,\xc5\xde\xee\xdd\xbb\xd1\xdc\xdc\
\x8cW\xbc\xe2\x15\x08\x85B\xc8f\xb3hjj\x02\xf4\
\xd9\xaf\xa9\xa9\xa9\xaa\xcf2\x85B!D\x22\x11,-\
-\xd1\xd3\x8c\xe6o=\x1a\xc5Wss3\xb2\xfa\xa3\
w\x0c{6\x9bEgg'\x02\x01\xf3\xe3i\xce\x0e\
\x8c\xd9\xaf\xc5\xc5E\xf8\xfd\xfe\xba\xccBi\x85P\x08\
MMMX\x5c\x5c\xa4\xb6ZS(\x14\xd0\xd3\xd3\x8b\
\xbb\xee\xfc\x03N\x0d\x0eB\xf5Y\x0fI\xe2mIG\
\xe0\x10\x98\x8a0\x1b\xa7mn3\xba\x90\x09w\x0d\x8d\
\x13\x06\x0a\x8d\x16\x1c\xdb\xb4u\x8a\xd0\x02J\x0es\x83\
Cg\x1d\xdc\xab\x00\xa6\x87\x15t\xd8)\xac\xae\xc5\x97\
\xb1\x1c\x96\xe5\xe1\x8c\x15,\xed\x19\x0a7\x04\x22\x1c\x05\
\xd5\xc4\xda\x98\xeb\xa6]-\x88{JJ%\x14\xca3\
\x88\xad6H\x02\xe4-\x981yM\xe2B\x81\xe0W\
\xbf\xfa5\xd6\xac\xe9G4\x1a\xad\xcb\xc1\xce\xa0P(\
Xf\x8e\xf6\xec\xd9\x83H$\x82\xed\xdb\xb7\xe3\xba\xeb\
\xae\xc3\xd8\xd8\x18\x16\x16\x16\xa8\xbf\xb5\xb5\xb5&\xd7\x02\
\xf9|>\x9c:uJ8\xebe\x14_\xed\xed\xed\x96\
\xa2\xcc\xf8\xdd\xf8\x96\xe4\xd9H(\x14B2\x99\xc4\xc2\
\xc2BM\xc6\x9d\x85\xe8\x8f\x94\x8aD\x22X\x5c\x5c\xac\
\xcb\xcc\x17\xf4\xf5\xb0\xa5\xa5\x15c\xa3\xa7111\x0e\
\xd5\xd4\xaetk\x10lpE\x93$Jbv\xc6\xc5\
\xe5\x13\x12h\x1c\x97\xc00\xd8guV\x94J\xf53\
ZpH\xed\xe0\xae;\x8e\xfdq\x14\xc8\xb1\x0d\xd5\x9d\
5\xdf\xaa\x85\xab\x99\xc5h~c\xdb\xe5\xb3\x0aWK\
\xecJTM\xf8\xc6\x5c5\xcd\x87UDI\xe9\xa4b\
\xa1Q.\x17a3\xfe\x12\xb3\x09&\x98\x09 \xa4\x80\
{\xef\xbd\x07\x0f=\xf4 \xb6o\xdf^\xf5Y%'\
\x14\xfd\xd9\x89\xed\xed\xed\x00\x80\xe7\x9f\x7f\x1e_\xff\xfa\
\xd7q\xf4\xe8Q\xb4\xb6\xb6\xa2\xb5\xb5\x95~\x93\xd0\xef\
\xf7\xd7\xec`\xec\xf7\xfb144D\x0b*\xf3\xe9G\
\xe3\xf7H$\x82P(DOO\x9ag\xc0\xeaY\xb0\
\xd6\x13\x9f\xcf\x07EQ\xeaV|)\xfa\x03\xbe\xdb\xda\
\xda\x00\x00\x89D\xa2.\xed\x02@.\x97ESS3\
n\xbf\xf5Vd2Y\xfe\xc2{3\x02\x87fr\xde\
\x22\x0d\xdc)\x8d3-\xac\xbd\x04\xdc5$\xc4UX\
I\xf9\x8b\xc2\x92\xc2\xaaD\xcd\xda\xab\xea\xc2T-\x91\
\x1cS\x135\xdb\xba\xb811\x0c\x84{sN\xe1\xb8\
\xd4u\x1d\x1a\xf3iD\xfeT\xa2\xf4\xf3c_%\xc2\
\x86\xb3/!\xac\xc8\xe6\x14\xb4lY\xdc\xe7\xb6\x8aY\
3\x9f\x87\xf1\x1a;m\xb3\xc9\xf46_\xc8#\x9d\xc9\
\xe0\xde{\xef\xc5\x86\x0d\x1b\x10\x0e\x87W\xa4\x88(\x14\
\x0ax\xd5\xab^E\xdf\xff\xe1\x0f\x7f\xc0G>\xf2\x11\
\xfc\xeb\xbf\xfe+\xbd\xf9i0\x18Dkk+\xfa\xfa\
\xfa\xaa\xdeGB\x08Z[[A\xf4G\x07\xb1E\x97\
y\x06laa\x81\xda\xcc\xf6\xb3\x15EQ\xd0\xd0\xd0\
@\xaf\x89\xab'>\x9f\xaf\xae\xb3_\xd9l\x16\xad\xad\
m8|\xe8 \xe6\xe7\x05w\xda\x97lx\xd6-\x9d\
\xc1f\xfb\xb3G\xdb~\xcd\x9bp)\x10\x98vM\x1c\
\xee2\xda*\xdc/\x88\x8e&.9\xcc-\x0e\x89m\
\x5c\x95Qab>\x94\xb1\xf0\x02W\xd8v\xcb\xe2 \
\xa5\x15_\xe6q\xb6\xbc\xb8\xcb\xb28\x03\x13qv\xc1\
.\x9d\xdd\x8b3\xb0\xaf\x9a`m\xc4\x5cl9R\xc5\
~\x95\x94J8.\x9c\x81C\xee\x11`\x9f\xca\xc9\xcd\
+$\x01\x02\x13f\xa6\xa7\xf0\xcc3\x07\xb0i\xd3&\
d\xb3Y\xd6]\x17\x8co\x1c\xbe\xf9\xcdo\x16^\xec\
\xbfm\xdb6l\xdd\xba\x15\xe7\x9f\x7f>-\x92\xaaM\
gg'\x1a\x1a\x1a\xe8\xb7\x1a\xd9\xe2*\x9f\xcf#\x99\
Lbnn\x8e\x16i\xc6\xab\x9e7\x22\xad7\xc6)\
\xc0L&\x83T*U\x97BHQ\x14\xa8\xaa\x8a\xe6\
\xe6fLLL\xd0\x99\xcfz\xa0(\xc0\xc9\x93'\xb0\
\x7f\xff\xd3\x08\x85B\xfa1\x84\xdfx\x8a{\x00\x9bu\
Q\x10\xe3\x8c\x9eYo\xb6\x1c\xe8aN\x88\xd4a\xc1\
Ve\xebd)v\xa6\xa40\xb7\xd8.\xab\x86\x83\xbb\
<\x5c\xb4k\x07\x1f\xce[\xd8\xb7UA\x90\xd3u\xf1\
e\x895\xfaK\xfb\xcd\x19\xcej\x5c/-+\xb4\x15\
W\x13\xbeQ\xd7]\xe0C+\xa2\xe4TR\xb1\xd0X\
^wm\xc4\xeer1\x0aA\x80,O\xa1P@4\
\x12\xc6\xefn\xb9\x05\x93\x93\x93\x88F\x8b7\x97\x5c)\
\x9a\x9b\x9bq\xfd\xf5\xd7\xe3\xaa\xab\xaeBoo/Z\
[[\xb1f\xcd\x1a,//\xa3\xb5\xb5\x15[\xb6l\
A\xbeF\xd7V-,,\xe0\xf0\xe1\xc3\xb4\xa0b\x0b\
,\xe3\xbd\xdf\xef\xb7\x14d\x05\xfd1C\xb5(\x08W\
\x0b\xc6->fgg\xeb\xba\x9c\xa1P\x08y\xfd\x1b\
\xa5\xf5*\xfa\x08!\xf0\xf9|8v\xec(\x08\x00Q\
\xab\xda\x08\x88\xb6*\x13\x82\xed\xd0\x1eS>gq\x19\
8\xf4W\xc7\x9d\xca-\xc5L\xd5\xcbi\xc2ER\x17\
\x92\xd5G\x85\x1f\x82\xfbPM\xc9\x15_F\xfb\x96\x17\
k\xe0\x14g/\xec\x92J\x97\x96\x15I\x85\xb5\x80o\
\x98\xb7Hp-tGY\xe9\xb8\x006\x8b5\x93\xd8\
j\x83<\x15\xe7\x96#P\x09\x82\x04&\x0b~\xbf\x0f\
\x8bK\xcb\xb8\xeb\xce;\xb1q\xe3F\xe4r\xb9\xba]\
[cG4\x1a\xc5\x96-[p\xed\xb5\xd7\xe2\xdak\
\xaf\xc5\xa5\x97^\x8aW\xbe\xf2\x95\xd8\xb2eKMo\
=\x90\xcb\xe5\xe87\xfa\xcc\x05\x97\xf12\xdeC/\x5c\
\xf3\xfa\xbd\xaf\x8c\xe2\xabV\xfdZ\x0d\x14\x0a\x0547\
7#\x99L\xd6uv4\x16\x8b\xa1\xb9\xb9\x19\xc3\xc3\
\xc3u-\xfa\xa2\xd1(\xfe\xfb\x17?C.\x9b\x85\xa2\
\xb0\xdfzt\xd8\xb2\x9c7M\x01\xba\xc2$v\x8e\x11\
#\x1e&\xa1\x91\xc3Q\xe5nat\x8aB\xd7!\xa5\
`\x93\xd4\xe8\xa6\x8d\xa42*L\xcc\x87\x9b,\xbc\xb3\
$l\xc3%N\xd5<`\x04\xcc\x1b\x02A\xe5%\xc9\
t\x06\xc3.\x9dtIY\xa7TX+\xd8F\xe5\xd7\
7\xd9\xe2Zh\x0f\xdb\xa6\xabtl\x80\xcb\xf5\xcb\xde\
+\xc0&\xc0\xb95\xf0*6Hlr\xc5/\x7f\xf1\
\x0b\xbc\xf0\xc2\x0bhiiYU\xc5C\xa1P\x80\xa2\
(\x88F\xa3hmm\xa5\xb3M\xb5\xec#!\x04\x8a\
\xfe\x8cF\xbb\x17;\xf3\x95\xcf\xe7\x91N\xa7\xebv\x1f\
\xac\x95\x80\x10\x82@ \x80B\xa1\x80D\x22\xc1\xbak\
\x06\xd1\xaf\xc5K\xa7\xd35\x9b\xf1\x14\x11\x0e\x87\xb0\xb0\
\xb0\x80G\x1ezH\xff\x83\xc4\xc5\x05\x12\x82\x0d\xcfF\
m\xa2\xb8\x01\x97\xba\xfd\x1a\x10\x98\xae\xaa\xe1=\xac\x91\
\xc3VUV\xa74q\xc9an\xa9IR\x97T\xd8\
v\x85\xe1\xb6\xd8\xe6\xb68\xad\x9f\x8cj\xf9\x90]\x1e\
\x08\xcf4\xd8%b_\xa5\x0bk\x0d\xdb\xb0\xf6\xe2-\
6\xb0BWA\xf6\x94\x95\x86\x0b\xe2\x0c\xb6r\xb1\xca\
\x04+\x14\x04\xd8\xb8L0*A\x90\xc0\xe4\x8c%\xa5\
V\xc4\xfc\xc3?|\x12\x9b6m\xa271]m\x18\
\xb3N\xb5FQ\x14\xe4r9\xed\x19\x7f\x82S\x8d\xe6\
k\xbf\xccE\x97q-\xd2\xc4\xc4D]g\x84\xea\x8d\
Q\x94F\x22\x11\xa4R)\xd6]3\x0a\x85\x02::\
:\x90\xcf\xe71;;\xcb\xbak\x86\xa2\xa8\x88\xc5\x1a\
\xf0\xe9O\x7f\x02\xc1P\x10y\xbb\xd3\xf1em\x97\xc6\
\x86X\xbc\xb6\xcb^/G|}\x97\xd0\xc8\xe1\xa8\xb2\
u\x8a\xd02:\xe6-\x17\x87\xc4\x0e\xee\xca\xa80\xb9\
8\xdcd\x15\x0b\x5c#\x0du\x91\xd74\xb7\xeb\xa0<\
\x830\x96\xdbq\xf9]\x0b\xeb\x05\xdf\x91\x92\xbbW\x92\
\xd8\x99\xb2\xdb\xa7A\x9cA\x88\xbdW\x82M\x80s\x8b\
\x06\x8cJ\x12$09\xc3\xd4p\xaa\x02\xdc|\xf3\xcd\
\x08\x04\x82X\xbf~}]\x0a\x9c\xd5\x0c!\x04\xc1`\
\x10\xb1XLXt\x99O;\x06\x83AKqF\x08\
\xc1\xfc\xfc\xfcYy\x93U\x16\xbf\xdf\x8f\xf9\xf9y\x14\
\xec\x8a\x91*b\xbe\xedD\xbd\xaf\xabkllBb\
y\x09'N\x1c\x97\x9f\x8eg6WwX\xab-\xf7\
qV\x08D3]UB\xb2\xefq\xa2\xcc0w\xd8\
$\xaei\xbb\xa8,\xb9\xbcobk\xed\xe1\xdbU\xed\
\xba\xb9\xda1z\xce\xbe8X\x81TXO\xd8\xceT\
if\xab\x02\xd8T\xae\xd2\x09\x038\x83\x056D\xac\
b`\x03\x04A6.\x1d&\x81\xfe\x170\x1b\xc8\x9a\
\xe4\xf9\x18\x04\xa9\x0d\x07!\x05\xc4\xe3\xf3\xf8\xf5\xaf\xfe\
\x1b;w\xee\x90\x1fX\xce1B\xa1\x106n\xdch\
\x99\xe12\xbf\x00`yy\x19\xd0gd\x8c\xe2\x8c\x10\
\x82t:\xbdjg\x0f\xab\x89\xb1\x8c\xe6\xe7p\xd6\x1a\
B\x08\xda\xdb\xdb\x11\x8f\xc7\xe97Qk\x0d\xd1\xef\xb2\
\x9fJ&q\xfbm\xbfC \xe0\xb3\x16~\xcc\xc6\xe8\
n\xbb46H\xcb\xbb\x92 0\x9d^\x14\x06K\x1d\
\x16\xa4*\xa9\xc3\x0e-\xc8\xf6\x94l\xb9\x18\xfd\x91\xa4\
\xb6qU\x87\x9a7\xa0SA\x1b\xd2.J\x1d<g\
\xd4\x11\xc0\xbcN\xd8.\x9fka=`;S\x85\xeb\
\xb4\x1c\xc5\xee(+\xa50Hh\xa4\xd8{mp\x11\
d/\x91\xb4,y+\xcf#\x81\x09,\xfe\xcag\xcc\
f\xb3x\xfe\xb9gq\xf4\xe8QZl\x9c\xeb(\x8a\
\x82\xa1\xa1!,,,Xf\xb9\x8cWA\xbf\xdel\
zz\x9a\xce\xc6\x18\xe3677\x87l6{N\x14\
_\xaa\xaa\xc2\xe7\xf3arr\xb2\xae\xd7\xb8\x85B!\
D\xa3Q\xfap\xf5\xfa\xa0\xa0\xb5\xad\x0d\xcf\x1c8\x80\
\xd9\xb9\xf9b\xf1\xc5l\x98\xce\xdb\xa9ik\xae\xf0\x14\
\xa3}\xa0\xad\x13\xb0\xf6\xa4\x0aX\xf70U\xa7&I\
K\xa0\x0a\xed\xcbS\x14\xd7\x07\x1b\x91#\xa5\x87\x8a#\
\xea\xb5E\x95\x8c1>\xe6\x17\x07+\x90\x0aW\x0a\xbe\
3\xbcE\x00\xbb<\xae\x82\xdcSrJa?\x84F\
\x0b\xf6^\x01.\x96\xd9\x85DG\xe0\x15\x04\x09T\xee\
0\x05Z\xd3\xf2\x19\xf3\xf9<\x82\xc1\x00\xee\xf8\xfd\x1f\
\xd0\xd9\xd9Y\xd7\x03\xe8j'\x9b\xcd\xd2\x1b\xb8\x1a\x05\
\x97y\x86\xab\xa0\xdf`5\x10\x08\xd0k\xbe\x08!\x98\
\x9a\x9aB>\x9f\xaf\xe9\x97\x01V\x13\xd1h\x14\x89D\
\xa2\xae7\x5c\xf5\xf9|\x08\x85B\x98\x98\x98\xa8\xdb3\
&\x0b\x85<:::\xf0\xec3\x07028\x00R\
(\xd8lk2t\x85;\xb1-\xf2EvN\xee\xac\
p#0\xa3\x89K\x0a\xa9\x22\xae\x96\xa7\x12\xaa\x90\x5c\
\x9c\xa2\xe6=\xd7\x106!4\x02\xab\xa1\xf82\x86\x85\
}q\xb0\x02\xa1h%`;U\xfc\x86\x0e\xef\x11\xc0\
\x0a\x84\xa2\xf2`\xd3:\xa6g\x85\x04\x92/a\xf0Y\
X/\xaf\x10\xe0\x22\xc0Y\xc2*\xc4\xa7\x13\x05&I\
>\x01l\x1e\x02\x9bO\x99\x09%\x04>U\xc5\xb1c\
/\xe0\xc1\x87\x1eD[[[]o^\xb9\x9aI&\
\x93H\xa5R\x88\xc5b\xb4\xb0b\x8b/B\x08TU\
E$\x12\xb1\x9c\xfe\x9a\x9f\x9f\xa7\x8f\xe09\x170\xae\
m\x9b\x9b\x9b\xab\xdb,\x14!\x04\xcd\xcd\xcd\xf4\xb3\xa9\
\xe7X\xfb\xfd><\xb5\xff\x19\xf8\x03\xda\xb5~\xe2\xad\
\x8b\xa5\xb8\xa1\xb3\xdb\xbb[\x08L\xdb8\x17\xe8.\xa3\
\xa3\xc2]\x1a\x13\x9a\xb8\xa4\x10\xb7\x98\xfb\x22In\xe3\
\xaa\x0eUj\x80O!H\xcc\x8b\x5c\xe10D\x02\x87\
\xad\x1a\xa8w\xf1e^\x00a\xd7X\xa7T\xb8\x12X\
;$;\xf4:v\xb5$\xb13l:\xd7\xa9Y1\
\x0d\x10\x1a9\xdc\xa9L\xb0\x01\x82 \xd6-\x90\xc8\x15\
\xeeL\xeea\x82\xb5_K\xccH\xb4\x87g\x07\x83\x01\
\xdcr\xcb\x1e,/-\xa1\xb9\xb9\x99U\x9d\xb3,/\
/\xd3\x83:[x\x19\xa7\x1c\x97\x96\x96@\xf4\x0b\xee\
\x8d\xe2+\x9b\xcdbqq\x11\x0d\x0d\x0du-\x08V\
\x12E\x7f\xdc\x90q\x0dV=f\xa1\xa0\x9fz\xccf\
\xb3\x98\x99\x99\xa9\xdb\x8c\xadq:\xf9\xc9'\x1eC$\
\xacBQ\xdd|\xc6z\xb5\xe5~\xeb\x14#\x0cv\xb7\
\xcd\xbbS\x95J\xf53R\x1cR\xd7fy\x18\xaa\xd4\
\x00\x9f\x86\xb1\xd4ra,y\xdd7T\xd3\xe2\xcb\xe8\
\x86\xb4;\x8e\x82\x95\xc6\xda\xb9\xb2\xbaZ\xc3e,+\
\x9d\xb0\x1f\xce\x1d,k1\x5c\x06\xb8\x90\x88U\x92\xfc\
\x02\x93{L\xc1\xc5\xf4%f\xa4\x7f9\x13\x04\x03>\
\x1c}\xe1\x18\xbe\xf6\xd5\xff\xc0\xe6-\x9b\xeb6kq\
&\x90\xc9d\xd0\xd4\xd4\x04\x9fO\xbb\xb0\x9a\xbd\xde\xcb\
\xe7\xf3att\x14y\xfd^S\x86off\x06\x93\
\x93\x93\x08\x06\x83u+BV\x03\x91H\x04\x89D\x02\
\xe9t\xbanEg \x10@ww7fgg\xe9\
\xe7Pk\x08!\x08\x87\xc3x\xe2\xf1\x87\xb1a\xed\x1a\
\x1c:t\x08\xc1`\x88\xcez2\xea\xe24Wi[\
\xa9\x05\x02\xd1LW\x95)i7R\x14\x97\x14\xe6\x06\
\x17\x09\x1d\xdc\x95\xe3\xa2\x0fnqL\xe3(\xa8\x802\
s\x93j\x17_\xc6x:\x8e\xab\xa3`%).\x81\
\xeb\xe5a)+\xc8\x99\xea\xf6Gh\xe4pVHp\
\x08r\xd7:x\x95$Pbv\xc6\x1c\xc8\x9d\xaa(\
-c\xf1\x94\xa4\x8e\xa2 \x97/\xe0\xde{\xef\x81\xdf\
\xefGGG\x87\xe4\x00r\xeeA\x08\xc1\xc2\xc2\x02\xba\
\xba\xba\xa0\xaa\xaap\xe6KUU\xcc\xcd\xcd\xa1\xa3\xa3\
\x83\xde\xf3*\x9f\xcfcnn\x0e\xa1P\xe8\x9c\xb8\xcd\
\x84\x01\xd1o\xb8\x1a\x0a\x85\xea~\xc3\xd5p8\x8c\x85\
\x85\x85\xba>c\xd2\xe7\xf3\xc1\xe7\xf3CQ\x15\xfc\xed\
\xffz\x17\xbe\xf8o\xff\x17\xf3\xf3st=\xb0l\xb0\
:\xee\xb7\xd4\x22D\xdfn\xe5\xc1R\x87\x05[\x95m\
~1\xd6\xfdP\x95p\x91\xd0\x85\xa4r\xaa\xd8\x00\x9f\
\xca\xb4\x04UZ\x18i\x0a\xa9\xc3\x1d%\x17_\xe6\x95\
\x82}\xb9\x12U\xd8\xe1ja>qh\xfd\xe7\xa2\x9b\
\xec\xf2\xb0\xaf\x0aa\xd3\xb9N\xcb\x06\xd0\x0b\x17D/\
\x87P\xa1\x8a\x81\x15\x0b\x02Y\xb3</\xab\x10\x5c\xb8\
\xc1\xbf\xb5\xc9'\x80Mm\xc9\xc7~\xfa\xceY\xcd\xd7\
\x86\x88\xfejV\x14\xed\xda\xa4_\xfe\xe2\x17\xb8\xe2\x8a\
+\x00h\x07\xb3s\x1d\xa3\xb0\x9a\x9a\x9a\xa2\xd7r\xb1\
\xc5\x17\x00,..btt\x14~\xbf\x1fy\xfd\xe6\
\xaa\xd9l\x16\x13\x13\x13\x88F\xa3\xe7\xdcX\x16\xf4\x1b\
\xae...\xd2Y\xc0ZS(\x14\x10\x8b\xc5\xd0\xd4\
\xd4T\xf7gL\x1a\x0f\x5c\xef\xe9\xe9\xc6\xad\xb7\xfc\x06\
\xff\xfb\x93\x1f\xc7\x81\xfd\xfb\x10\x08\xa8(\x14\xb4\x8d\xd7\
\xfd\xd6\xca#/\xba\xdceuT\xd9:E8f,\
\x9f\x1a\xa4,\x8b*\xf6\x83Oe\xb2\xf0\xce\x92\x91~\
\x12\xb6\x0e{\xcc\xa1\x5c\xf1e\xfe\xf8E/\xf7\xa2\x95\
\xa6\xd8!\xd1?W\xb0\xcbU\xe5\xe5c\xd3\xbaJ\xcf\
\x8a\x09l\x8a,\x17\xa1B\xa5\x006\x80\x09b]\x02\
\x89\x0e\xab\xd0_\xec[\xde$\xc9g\x834\x1f\x9b\xd5\
Ef\xa6\xd0rw\x0cR\xb0\xe7\x96[033\x8d\
\xfe\xfe~\xe4r\xb9\xba\xcc\x1c\xacvTU\xc5\xf2\xf2\
2\x14EA[[\x1b\xd2\xe94\x9d\xd52\x8a/E\
Q0;;\x8bD\x22\x81\xc6\xc6F\xea[ZZB\
&\x93A$\x12\xa1E\xda\xb9B\xa1P@(\x14B\
&\x93A:\x9d\xae\xdb)lEQ\x10\x8b\xc5\xe8\xfd\
\xd6\xeaE,\x16\xa3\xeb\xca\xfa\x0d\xeb155\x81\xbf\
y\xff\xbb\xf0\x9do}\x13\xc1@\x00\xb9B\xe9\xa7A\
\x09\x9c\xb6_\xa9\xc3\x82\xad\xca\xe5.\xa5\x08\xbfW\xaa\
\x0a.\x13\xba\x94\x95\x879y\x15\x1a\x90\xa72Yx\
g\xc9HS\x08\x1d\xe2\x1e\xb1\xb0\x0a\xba\xf5:\x86\xcb\
\x97z\x95P\xec ;\x87\xe1\x1asPI\x81\xee\xa9\
(=\x17\xe4.\x93;\x95\x00\x97\x9dup\x9b`\x94\
\x92\xfc\xee\xf3\xd9\xa0')\xa6\x974\xe6\x84\x1eRb\
\x14\x08\x08\x92\xc9e<\xf5\xd4S\xd8\xbau+\x12\x89\
D\xdd\x0e\x96\xab\x19\xa2_<?44\x84@ \xc0\
]\xefe\x14_\x99L\x06CCC\xe8\xea\xeaB8\
\x1cF.\x97C&\x93\xc1\xd8\xd8X\xdd\xae=Zm\
(\x8aB_F\xf1Zk\x14\xfd\xcb\x10\xbd\xbd\xbd\xb4\
\xf8\xad\x17\x8a\xa2\xa0\xa5\xa5\x05\xa3\xa3\xa3\xc8\xe5rh\
ok\xc3\xd6\xad[\xf1\x83\xff\xfc\x0e>\xfd\xa9Ob\
\xf4\xf4HI\xdb\x94|\xa6\x0b\xae\xf7\x0d\xb6*[\xa7\
\x8c\xe2\xb1\xaaj\xb8L\xe8R\xb6\xcaa\x96b\x95.\
\x90\xa8[\xf4\xc1\xda\x16\x0c\xa3\xf9\xb5j(v\x8a\x9d\
\xcbr\xddUv\xd9\x5c\x07\x96\x06\x9b\xdeu\x13l\x10\
\x81\xab\x99-\x08\x14b\x95\x04\x17\x81\xacD\x22\x13\xa8\
\x04SY\x12e\xc9\xb0\xcd\x10\x94\xb3VX\xe3\x99\xd9\
27\xd0uQ\x0f|\xee\xb9\xe7\xf0\xc8\xa3\x0f\xa3\xb1\
\xb1\x91\x95\x9e\xb3(\xfa\xf3\x1c'''\xd1\xd2\xd2\x82\
t:\x8dL&\x83l6K\xbf\xcd\xa8\xaa*2\x99\
\x0c\xc6\xc7\xc7\xd1\xd9\xd9\x89\x91\x91\x11\x9c8q\x02\x07\
\x0f\x1e\xc4\xc4\xc4\x04\xc2\xe10\x88\xfe@\xees\x91P\
(T\xd7\xc7\x0dA\x9f\xad\xf4\xfb\xfdH&\x93u\x1b\
\xf7\x82\xfe\x8c\xc9t:M\xbf\x19\xab\xaa*\xb6n\xdd\
\x8a\xc7\x1f{\x08\x7f\xf1\xe7o\xc6\xad{~\x87d2\
a\xba\x16\x8c\x87\xc0i\xa6K\xea\xa4\xd8\xaal\x9d2\
\xca\x0a\xb2\xa7\x06)\xcb\xa6\xca}qL\xe7(p\x8f\
0\x8d4\xbf\xd0\xe8\x0a%\x97\xcb\x97\x1f]\x17\x8a\xdd\
+\xbb\xa3e\x07\xba\xa7\xa2&\x84\xc1B#\x87;\x95\
\x0d.\x138\xcb\x04\x0a\x81\xc9\xc0\xc6\xe5\x0e=\x01\x9f\
\x87\xb78R\xc6\xccV\x11-\x92\x14\x7fE>\x9fG\
C4\x8c\xbf\xfc\xab\xbf\xc4\xc9\x81\x01\xec\xd8\xb1\xc3\x12\
q.\xa3(\x0a\x16\x17\x17\xf1\xf8\xe3\x8f#\xaf\xdf\xc7\
+\x9f\xcf\xd3\x1bzF\x22\x11\xb4\xb4\xb4 \x99L\xe2\
\xc4\x89\x13\x08\x85BPU\x15\xbd\xbd\xbd\x08\x04\x028\
z\xf4(\xda\xdb\xdbK\x9a\xf18\xdb\xc8\xe7\xf3\x98\x9a\
\x9a\xc2\x8e\x1d;\x10\x08\x04\xeav\x1dV<\x1e\xc7\xd4\
\xd4\x14\xce;\xef\xbc\xba\x15`\xaa\xaa\xe2\xd4\xa9SH\
&\x93\xd8\xbe};ZZZh\x91\x95J&15\
=\x83\x0bv]\x84/\xfc\xdb\xffCcS3R\xa9\
\xa4\xe5\x96\x18\xe6\xed\x92G\xea\xb0`\xab\xb2u\xca\xd0\
\xfe,\xac*.\x13\xba\x94\x95O\x8d\x1a\xe0\xd32\x16\
^P2\xb6)\x84N\xa1\xd1\x82\x9db\x85\x8b/\xad\
\xe9\xb2;Pv`\xe9T\xdc\x14\x97\x803\xd8R\x9a\
\x9a\xc1e\xb0;\x99@%0\x19\xd8\xb8\x9c\x11\x04\x17\
M\x02\xa7\x13zH\x19\x914\x8a\xc6J\x92\x1832\
\xa7O\x8f\xe0\xfa\xeb^\x87\x0b.\xb8\x00MMMu\
;@\xaev\x08!\xb8\xef\xbe\xfb\xd0\xd6\xd6\x86K.\
\xb9\x04sssXZZ\xc2\xe2\xe2\x22\x92\xc9$\xd2\
\xe94\xbd\x00?\x1a\x8d\x22\x14\x0a\xa1\xa7\xa7\x07\xf9|\
\x1e\x8f=\xf6\x18\x02\x81\xc09?\x9e\x8a\xfe\xc8\xa5\xa6\
\xa6&\xf4\xf7\xf7\xd7e,\x08!H\xa5R8y\xf2\
$\xfdc\xa2^\x05X\x22\x91\xc0\xe0\xe0 \x08!\xe8\
\xe9\xe9\xc1\x86\x0d\x1b\x00\xbdO\xc1`\x10\xc7\x8e\x1d\xc3\
\xdau\x1b\xf0\xf1\xbf\xfb\x04.\xbb\xe2r\xe4r\x80\x02\
Y\xdf\xdc\x8d\x95\xa3\xcaQ \xa3\xca\x85\x97\xcbd.\
e\x95Q\x83F\xf8\x94\x8c\x85\x17\x94\x850\x8d\xd0\x08\
;\x07\xc5Y!\xb8\xe0\xbe\xb6\x10\xfa2\x9f\x14*\x89\
b\x8a\xbaPQS\xc2\xber\x06\x0es\x98\xb3Z\x80\
\xcb`\x972\xb9J`2\x9b\x05.w\x98\x82\xad}\
,3\xb3\x1eRF\xa4\xb5e\x17\xcd\x13B\xe0\xf7\xa9\
\xf8\xfa\xd7\xfe\x03\x84\x90s\xbeP0\xa3\x98.\xa2?\
\xef\xbc\xf3\xb0\xb4\xb4\x84`0\x88\xf6\xf6vl\xda\xb4\
\x09\x17\x5cp\x01^\xf2\x92\x97\xe0\xc2\x0b/D0\x18\
DOO\x0f:;;\x91\xcb\xe5033C\xef\x86\
\x7f\xae\x8f'!\x04\x0d\x0d\x0d\x98\x9d\x9d\x95\x9ej\xab\
6\x8a\xa2 \x1c\x0e#\x12\x89`ll\xacn7\x5c\
\x85~\xaf\xb1\x86\x86\x06\xec\xd8\xb1\x03\xc9d\x12G\x8e\
\x1c\xc1\xc2\xc2\x02|>\x1f\xb2\xd9,6o\xde\x8c\xf8\
\xfc,\xfe\xfe\xe3\x1f\xc67\xbe\xf6U\xcc\xcd\xcd@Q\
\x14f=q\xd8pulU.\xb6\x7f9\xc5c^\
E\x98\xfb\xe02\x99KYy\x94\xd8\x17\xb7\x88S\xea\
\x96*\xb7)L#4\xc2\xceQ2U.\xbe\xcc\xa3\
\xa2\xbd\xac\xff\x5c\x8e\x19\x9f\xc6e`y\xb0M\x94\xdc\
\x1c\x1bD\x83Y\x838\xa3\xb3\xc2\x066X\x92\x80\x95\
Hd\x02\x95\xaedM\xa6\x04\x12\xb3;\xd8`Z$\
\xb1k\x8c\xcb\xccF\x8e2\xaf\xdb\xd2\xd0['\xa4\xf8\
\xcd(\x97\x09\x14\x05x\xfe\xe0A\xdcq\xc7\xed\xd8\xb5\
kW\xddf\x07\xce\x04\x08!8}\xfa4\xd6\xae]\
\x8bP(d\xb1\xe7\xf3yd\xb3Y\x14\x0a\x05\x9c:\
u\x8a^\xdfc|\xf3qjj\x0a\xcd\xcd\xcd\xe7\xf4\
\xe9F3\xe1p\x18\x00\xb0\xb0\xb0\xc0\xbaj\x86\xa2(\
hjjB<\x1e\xaf\xeb\xe7`|1#\x9dN\xe3\
\xfc\xf3\xcfG[[\x1bN\x9c8\x81\xc1\xc1A\xfd\x0b\
\x1b\x05tuuc\xdd\xba\xb5\xf8\xedo~\x85\xef|\
\xf3\xeb\x08\x87\x22\xfau^%l\xbc2\xcaNa\xdd\
\x93U\x8c\xcb$\xe6=\xa6\xcb\x90\xd2\xa9ar>\xad\
\xa91\xdeY\x11\xee\xd3\xb9_`G\x95\x9e\xaaJ[\
P\xb1c\xe6\x0f\xdd\xb1\x13f\xca\x0a*\x9f\x8a\x9a\x93\
.\xa4\xd4\xc1\xe1N%\xc1e\xb0K\x99\xbd\xd2\xc1,\
p\xb9\x83\x09.\xe6+3k\xd9\x85\x96\x81\xde\xba^\
p\x95\x93\x84\x10\x02\x02\x05\x0f>\xf8 \x1a\x1b\x1b\xd1\
\xd9\xd9y\xce~3\x8f\x85\x10\x82\xe5\xe5eLNN\
b\xc3\x86\x0d\xd2\xdbn\xf8|>\x0c\x0d\x0d\xa1\xad\xad\
\x8d\xfa\x17\x16\x16033\xe3\xcdz\x99P\xf4\xc7\x0d\
\xd5\xeb[\x8f\xd0\xdblmmE2\x99\xc4\xc4\xc4D\
]\xdb\x0d\x87\xc3\x98\x9a\x9aB \x10@OO\x0f.\
\xba\xe8\x22\xcc\xcf\xcf\xe3\xc0\x81\x03H$\x92H\xa5\x92\
\x18\x1d\x1d\xc5\xc8\xc8\x08\xbe\xff\xbdo\xe1+\xff\xef\x0b\
\xf0\xfb\xdd\x1f\xde\xca\xdc\xe4m\xa9E\xce\xb3\x1d~\xbc\
xK\xb5\xa8E\xe6Rr\xba_;)\xc6*\xa5\x1f\
\xacJ\x99\xd12cMSS\xd8\xa6Jn\xce6X\
\xea\x10\xe2^)\xc0E\xb0\xfb\xdeH\x94f\xb3\x8d\xab\
lL\x09\x8a\xf9\xca\xcfl\x9e\xdd*\x0fS\x0f\xcaL\
b\xc4\x16\x0a\x05\x9c\x1e:\x85\xdf\xde\xfc\x1bl\xd9\xb2\
\x05\x99L\xa6n\x07\xa8\xd5\x8e\xcf\xe7\xc3\xf8\xf88\x9a\
\x9b\x9b\x11\x08\x04\xb8q!\x84\xc0\xef\xf7\xe3\xd0\xa1C\
\x08\x04\x02hii\x01\xf4\x03\xafqG{6\xe6\x5c\
'\x1c\x0e\xd3\xfb\x9e\xd5\xa3(%\xfaC\xce\xdb\xda\xda\
\xeav\xb7{\xe8\xed655!\x9dNcaa\x01\
\x8a~\x07\xfc\x1d;v \x97\xcb\xe1\xc0\x81\x03x\xee\
\xb9\xe7\x10\x8f\xc7\xd1\xdf\xdf\x8f\x8b.\xba\x08_\xfb\xea\
\x970p\xf2\x04|>?\x9b\x8e\xc3v\xe4l\x9dr\
\xaa4\xd7\xa5Q\xc2\xae\xd1\xa5\xac2j\xd0\x88x\x11\
M\x16\xb1\xa0l\xa4\xa9\x84\xedp\x06!\x8e*&\xb7\
^|\x19V\xa3\x98\xb2\xfbgV\x9b`\x1dN\xaf\x0a\
a\xd3\xd9\xbd\x84\xb0\x22\xcb\x8b9o\xc5\x0b\xe8\x8b\xb7\
\xd8\xbf8X\x81\xcdK`\xe2^\x8eI\xcd\xd5\x8a\xb3\
\xd9\xf2rD\x96\x93h;PmfH\xb4&I\x10\
\xe6a>\x1aG\xb4$\x04\xd6g\x07\x16_\xa6\x8f\xd8\
\x01\x02\xbe}#\x96\x10\x82H$\x84\x87\x1f~\x14K\
\x8b\x8bhii\xf1f\xbdt\x8c\x83\xf6\xd0\xd0\x10z\
zz\x84\xa7\xac\x14EA2\x99\xc4\xa9S\xa7\xb0f\
\xcd\x1a(\xfa5;\xc67\xfbB!\xd9\xb3\xfd\xceM\
\x8cbUQ\x14\xa4\xd3i\xd6]3TUEWW\
\x17\xe2\xf1x]\xdb\x0d\x04\x02\xf0\xfb\xfd\x98\x9c\x9c\xc4\
\xfc\xfc<^x\xe1\x05\x1c9r\x04\xe1p\x18\xb1X\
\x0c\xb1X\x0c\xeb\xd7\xafGcc#\xc2\xe1\x08\xfc~\
?\x9ez\xf2\x09\xfa\x8dZ\x03f\x17\xc5o\xf6\xb6N\
{\xac\xfb\xb6\x0a(\xb1\x0f%H\xcb\xa3\xc4\xfe\x94\x02\
\x9f\x92i\x88\x17T\x840\x9dt\xd9\x84F\x0eW*\
\x81@uy\x18\xb4b\x0e()\xb0|*n\xce1\
\x81\xad\xd3\x82{\xa5\x00\xc7~\x14q/uPJ\x5c\
\x12s\xe9\xe8I\xf8^T\xd0\x82)_y\x18\x05\x97\
\xfb\xe2\x8a\xc5\xb2<\xb69\xb4o8\xa6\xd3\x19\xdc\x7f\
\xff}\xe8\xec\xeaD6\x9b\xad\xdb\xcc\xc0j\x86\xe8\xcf\
$<v\xec\x18\xb2\xd9,\xda\xdb\xdb\x85\xb34\x8a\xa2\
`||\x1c\xe1p\x18mmm(\x14\x0a\x08\x04\x02\
\x18\x1f\x1fG&\x93A0\x18dC\xcey\x14E\x81\
\xaa?\xff\xd2\xef\xf7\x0b\xc7\xb5\xda\x14\x0a\x05444\
 \x1c\x0e#\x95J\xb1\xee\x9a\xa1\xaa*Z[[\xb1\
\xb8\xb8\x88\xa1\xa1!\xf8|>\xf4\xf7\xf7c\xdd\xbau\
hnn\xc6\xe4\xe4$r\xb9\x1c\x00 \x9b\xcd`\xdd\
\xbau\xf8\xc3\x1d\xb7#\x97+n\x87\xb6\xa3c\xbb}\
\xdb\xa1\x05V\x5cp\xa1\xbc>\x94(/\x8d2\xfaS\
\x0a|j\x93\xa5\xc6mS\xa4mH\x1d\x16\xdc\xa9\xc4\
\xf0\x7f\x82\xca0\x06\xa3\x92\xd6J\xc0\xdc\x5cEMJ\
\x13\xb8o\xc1\xbd\xd2\x01\x97\xc1\xee\xdb\x91(\x1d:,\
1\xbb\x87\xc9o\xcdg\xd3\xb0\x13F>=g\xe9\x14\
\xdb\xb6/\x96\xe4p\xbd\xb7\xcdSt\xfa\xfc>\x1c;\
v\x0c\x0f>x\x1f:::X\xe19\x8b\xa2(\xc8\
d28r\xe4\x08\xb6n\xdd*\xfc\x96\x1c!\x04\xb9\
\x5c\x0e\xa7O\x9fF__\x1fTU\xa53:##\
#\x88F\xa3^!+\x80\xe8\x0f\xbd6N;\xd6c\
\x8c\x8c\x19\xb7h4\x8a\x99\x99\x19j\xab5\x85B\x01\
\x8d\x8d\x8d\xe8\xe9\xe9\xc1\xda\xb5k\xd1\xd3\xd3C\x9f\xf9\
\x19\x8dF\xa1\xaa*\xd2\xe94\x9d1\x8d\xc5b\x98\x9e\
\x9a\xc0\xe0\xe0I\xcd\xc6&4c\xeb\xb4\xa38qQ\
\x11e$)#\xc4=5M\xae\xc1\xa77Yxg\
\xc5\x08\x17\x893\xd4\x00a\xc3\x1a\xf2\xe2\xcb\x08\xb2\x09\
\xae6UiN\xd8o\xd6(n\x81U\xc8\x956\xb0\
\xc1\x0e\x89X\x89D\xa6#P\xb2&&\x01\xeb\xb2\xcf\
/\xc1\x14l\x14F\xc5W\x99\xd9\xcd\xf9\x98\xbc\xee0\
\xf5\x809\x85X\xce\xb1\x80\xc04\xbb%\x5c\x1c\xd6\xa1\
9\x8d\xdf\x14\x05\xf8\xc7O\x7f\x0a\xfd\xfdk\x10\x0e\x87\
\xebr <\x13PU\x15\xe3\xe3\xe3\xf4n\xe5\x22\x8c\
\xd9\x1bB\x08\xda\xdb\xdb\x91\xcb\xe5\xa0\xaa*\xe2\xf18\
R\xa9\x14\x22\x91H]\x0e\xf0g\x22\x81@\x00\x99L\
\x06\xf3\xf3\xf3\xc2\xd3\xb9\xd5FQ\x14d\xb3Y46\
6\xd2\x07\x9d\xd7k]WU\x95^/h\xccr)\
\xfa\xc5\xf8\x8d\x8d\x8d\x18\x1e\x1e\xa6\xb6l6\x8b\xb9\xb9\
Y\xec\x7f\xfa)m\xe3\x14\xc1m\xe3\xee\xa9\xca\x5cW\
\x19\xed\x97\x11R\x1a5M\xae\xc17\xc1\x1cT\xaa\x8c\
0\xa5\xd4\xe8\xbe\x13\x8e*\x07\x81ji\xaf\xb4\xb6\xcb\
\x82m\xa6\xac&\xd9@K\x12\xd6 \xce\xcc*\xc4\xaa\
\x12p\x99\xc4}\x9b\xac\xd2\xa4\x16\x98D.\x81\xdb=\
z\x02\xb6\xd8\xaa\xb4\x85\xf2\x0a-3Z$1\xe5\xaa\
\x04#\x8f\xb83\xf6\xcbiX\x15E\xc1\xbe'\x9e\xc4\
\xe3\x8f?\x86-[\xb6x\x85\x82\x89\x5c.\x87\x13'\
N`\xcb\x96-\x08\x85B\xc2\xb1Q\x14\x05\x13\x13\x13\
hmm\xa5\x07\xf2\x5c.\x87\x93'O\xa2\xa9\xa9\xa9\
n\x07\xf73\x11UU\x11\x0a\x85\x10\x8f\xc7\x85c[\
\x0b\x08!\x88F\xa3(\x14\x0au\x7ff\xa9\xb1\x8c\xe6\
u\xa2P(\xa0\xa7\xa7\x07\xd9l\x16\x99L\x86\xea\xc2\
\xe10\x9e~\xfaI\xe4\xb2\xd9*\x8fM\x85\xb9\xe4\xbb\
\x14[\xca\x08qO\x99}*\x05\xbe\x09\xdeRm\xb8\
\xec\xd2&\x85F!\xd2\x14f\x1c\x05v3_\x15`\
tN\xf4r\x0d\x1bhI\xc2\x1a\xec[`\x15b\x95\
\x03l\x02\xf6%\x80\x95Hd\x02\x95I\xc9\x9au\x17\
k\xb2\xcfo\x83)\xd8<s\xa4\x99\xd8\xec\xa5\xb5`\
\xc9Wr\xa1dmW\xbb~\xab\xfck\xb8,\xd9\xcc\
\xfd\xb1\xe4\x11/+k5r\x80\x00\xa4@@\xf2y\
\xfc\xf8\xc7?\xc0\x86\x0d\x1b\xbck\x93\x18\xe6\xe6\xe6\x90\
\xcf\xe7q\xdey\xe7!\x9b\xcd\xb2n(\xfa\x85\xf6\xe3\
\xe3\xe3hmm\xa5\xf7\xf5\x8a\xc7\xe3\xc8d2hl\
l\xf4.\xb4\xb7\x81\x10\x82P(\x84\xe9\xe9iz\xda\
\xad\xd6(\xfa\xc3\xbd\x9b\x9a\x9a\xeaz\x9f1;\xa2\xd1\
(\xb2\xd9,=\x15j\xcc\x88=\xf2\xf0\x83\xc8\xe6r\
Z\xf1\xc5n\xc4.\xd1\xf7>\xa6\x7f\xf5\xa3\x8c\xee\xba\
\xa7\xa6\xc95\xc4M\x98,\xbc\xb3*\xb8O\xeb^\x09\
7J\x97\xe9H5\x8a/\xf3\xe0\xbalW\x8e4I\
i-\x94\xa6\xb6\xa1\x84$l\x9b\xf6!\x0eJ\x89K\
b.\x1dA\xa2\xe2\xaf\x02\xa7[L\xa1\xa5\x15ZV\
\x8c\x1d\x9c\xbcHr\x8f\x91G\xbeXR\x07o\x15H\
I\xa1\x80\x03\x07\x9e\xc6\xe3\x8f?\x81]\xbbvU\xf9\
/\xec3\x1bEQp\xfa\xf4i\xb4\xb6\xb6J\xc7E\
Q\x14\x1c;v\x0cMMM\xf4v\x12\x85B\x01\x13\
\x13\x13\x88D\x22\xc8\xe7\xf3u)(\xced\xc2\xe10\
\x02\x81\x00\x16\x17\x17YWMihh\xc0\xf4\xf4\xb4\
\xf4\x9em\xf5\x84\x10\x82\xbe\xbe>\xe4\x8cB\x0b\xd0\xbe\
\x0d\x0a\xe0\xd6=\xbfED\x7f\x18{\xa9T\xa5\xd42\
\xef7\x5c\xa6+AZ\x1e5M\xae!nB\xb7\xd6\
h\x01m\xd3r\x0e\xce \xc56\xaf\x81\xa3\xc0\x8am\
\xf1e4h\xf7r\x84\x0d\xe0^\xec\x11V\xf4r\x99\
\xca\xa2v\x80\x0d\x12\xbdJ\x08\xe1a\x15\xfaK\xf4\x17\
\x98\xd9%w\x97\x86,7\xcd\xcf\xfe-WZ+\x96\
|\x82~;\xc3\xf4\xc2t\xfb\x87\x12\x92\x00\xec\xa22\
}\xb2\xe6\xb1(\xa9\x93\xb5\x18y8#\x83V\x18\x14\
p\xe7]w\xa11\x16C0\x18,k\x07\x7f\xb6\x92\
J\xa50==\x8d\xbe\xbe>\xe1\xb5A\xc6\xac\xd7\xf0\
\xf00\xfa\xfa\xfa\xa8?\x95Jaaa\x81\xde\xc5\xdd\
\xc3\x1e\xa2_`n\x5c7W/\xa2\xd1(\xa2\xd1(\
\xe6\xe6\xe6X\xd7\x8a\xd0\xd8\xd8\x88\x85\x85\x05Z\x80)\
\x8a\x82@\xc0\x8f_\xfd\xf2g\xf0\x95\xf8m\xd0\xe2~\
\xb1\x02$\xfb\x0d;\xca\x08q\x8f\xcd\xbe\xac\x9aX\x9b\
07Z\xfa\xbe\xbd\x14\x84i\x85\xcb\xcc\x19*\xc7e\
:s\xcb\x96\xe2\x8b\x19\xa6\xca\x10&a[\xe0\x04\x1c\
\xee\x956\xb0M\x96\x90\xcc}\x88M\x03\x12\xb3\x81\x8d\
\xabtL\xc9\xac\xcd\xda\xf4\xcf\x0dz\x18-j\xcaF\
KD\xc0\x148eBC\xa5y\xec\x1b\xe1\xacr\xa9\
\x05\x02 _( \x93I\xe3\x89'\x1eGGg\x87\
w_/\x13\xaa\xaabxx\x18MMM\x88\xc5b\
\xc2\xeb\x82\x8cY\xafH$B\xef^\xaf\xaa*\xc6\xc6\
\xc6\xa0\xaa\xaa0\xe6l\xc6(\x0e\x8co{\xb2\xc5\xaa\
\x0c\xe3\x9b\x80\xb9\x5c\xae\xae\xb7\x7f\x08\x04\x02\x88D\x22\
\x18\x1d\x1du\xdd\xd7ZA\xf4\xeb\xd0\x9a\x9a\x9a\xb0\xbc\
\xbc\x0cUUA\x08Acc\x13\x8e\xbf\xf8\x22\xee\xbc\
\xe3\xf7\xae\xff8\xaa\xb8\xe8\x82\xbb}\x08K\x19!\xee\
\xa9i\xf2\x22\xd6f\x98Fk\xd8\x07.\xb5\xcb\xfd\xb8\
\x13\xae\xd28\x0a4X\x99j$g\x1d\xae1'\x10\
&\x13\x1a\xa5H\xd3\x94C\x89I\xd8\xb6\x9dC\x1d\x94\
\x12Wim\xd8\xc0&\xe2f\x9f*o\x85\x9d\xd5*\
\x8fb?\xc43R\xa5aY*i.\xa9\x83\x1f\x15\
\xce \xc6,+\x14\x0ahjl\xc0\x1d\x7f\xb8\x0bS\
\x93\x93\xe8\xe8\xe8\xf0\xaeM2\x91\xcdfq\xf0\xe0A\
\xf4\xf4\xf4\xb0.J\x22\x91\xc0\xdc\xdc\x1cv\xee\xdci\
)<\xa6\xa7\xa7\xcf\xc9Y/E\xff\x96^<\x1e\xc7\
\xcc\xcc\x0c\xe6\xe6\xe6\xe8\xb7\xfa\xecP\xf4\xdb+\xa8\xaa\
Z\xd7S\x8f\x85B\x01\xdd\xdd\xdd \xfa\xa3\xa3V\x03\
~\xbf\x1f\xb3\xb3\xb3\xf4\xbeg\xa1P\x08\x0a\x0a\xd8\xff\
\xf4\x13P\x15\xe7\xed\xb3\xa2\xc2\xcb\xe5~\x84\xa5\x8c\x10\
w\x94\xd9\x9fr\xb16czW\xe3>\xb8O]\xe5\
\x8eT\x98\xce\xfeOK\xf3\x87gy\xb1\xe7u\xec^\
.\xd2\x09\xd56\xb0A\xb2Wyr\xe7(\xb6\x22\x11\
\xbc\xec\xdc%!\xcaK\xf3\xf3\xffJnI\x94\xd7\xfc\
\xf1\x96\x84\xa9'\x82\xbb\xc8\x97\x9a\xcf\xb24\xe6\x1cf\
#\xb7\xcc\xe2\x910\xe7\xe0\x1c\x02\xa4\x19\xf5$\xaa\xa2\
`qq\x09w\xdd\xf9\x07\xb4\xb7\xb7\xd3\xd9\x0a\x0f\xed\
QB'N\x9c@CC\x83\xf0\xf6\x12\xc6z19\
9\x89p8\x8c\xb0~=\x8e\xdf\xef\xc7\xe0\xe0 \x00\
\x9c\x13_\x5c0\x8a\xa6L&\x83\x85\x85\x05LNN\
\x22\x99L\x22\x14\x0aa\xfd\xfa\xf5\xe8\xee\xee\xc6\xfc\xfc\
<\x96\x97\x97\x1dgl\x8c\x99\x9f\xe5\xe5\xe5\xba\xfe\x11\
\x10\x89D\x10\x0a\x85\xe8c\x7fV\x12B\x08\x9a\x9b\x9b\
\x91\xcdf\xe93/\x0b\x85\x02\xfa\xfa\xfb\xf1\xe0\x83\x0f\
`ph\x98\xbb\xeb\x84u\xefi?\xc6Rl\xf6#\
2\x1cv?\x95Q\xb3\xc4E\xac\xfbG\xa39f\xa9\
\xea\xd4\x0f\xce\xc0\x19!3J\x91\xa61\xb0uZ\x91\
\xe5\xb2\x16_\xe6\xb1\xb3\xa8\xa5\x0e!\xac\xda]\x94\x0d\
.\x12\x1d9r\x04\xd7_\x7f\x1d\x22\x91\x10B\xa1\x00\
b\xb1(\xde\xf4\xa6\xebq\xf8\xc8\x11\x00\xc0\xd2\xd2\x12\
\xae\xb9\xe6\xd5\x08\x87\x02\xb8\xfd\xf6\xdb,\xb1\xe3\xe3c\
\xd8\xb2\xf9<\xb4\xb56c\xff\xfe\xa7i#\x84\x10<\
\xfc\xf0Cx\xd5\xab^\x89h$\x8cp(\x88\xf6\xb6\
V|\xe0\x03\x7f\x83\x91\x91\x11\x1aO\x00\xbc\xe7=\xef\
F8\x1c\xc4m\xb7\xdfn\xe9\xe2\x81\xfd\xfb\xd1\xde\xd6\
\x82\xad[\xce\xc3\xf8\xf88\x00\xe0\xf6\xdboG$\x1c\
\xc4\xb5\xd7\xfc1\x96\x96\x96Lj\x8d\xa5\xa5%\x5c{\
\xcd\x1f#\x12\x0e\x22\x12)\xbe\xd6\xad[\x83\x8f}\xec\
#\x18\x199m\x19\x88\xf7\xbd\xf7=\x88FB\xc2\xd7\
\xefo\xbf\x1d\x00\xf0\xfb\xdbo\xe7|\xd1H\x08/\xb9\
\xf4b<\xf8\xd0C\xa6\xd6\xddb\xfdP\x8c\x22\xcb\xee\
3r\x03Ma\xfb\x99\x0b\x8d\x12\xab\x9d\x83\xc7*\xd5\
\xdf\x09\xfa\xa1\xaa*\x92\xc9\x14\xbd\x09\xa8G\x91D\x22\
\x81\x13'N`\xc7\x8e\x1d\xc2S\x87\xc6,\xcd\xd8\xd8\
\x18\xda\xda\xda\xa8=\x91H`hh\x08\xb1Xl\xc5\
\x0f\xe4\xb5DUU\xe4\xf3y\xcc\xcf\xcfcbb\x02\
\x13\x13\x13\x00\x80\x8d\x1b7b\xd7\xae]8\xff\xfc\xf3\
\xd1\xdd\xdd\x8du\xeb\xd6\xe1\xc2\x0b/\x04!\x04\xb3\xb3\
\xb3\x8ec\xe2\xf7\xfb\x91J\xa5hq[\x0f\x88~\xa1\
\xfb\xe2\xe2\xa2\xe5b\xf7\x95\x22\x18\x0c\x22\x9f\xcfci\
i\x09>\x9f\x0f\xf9|\x1eM\xcd-\x98\x9c\x18\xc7\xe4\
\xe4\x04\x80\xe2\x18\x96]l\xc1\xb4?(#E\x19!\
\xceT\xd0\x9f\xca`\x1a\xaeC?\x84Mp\x06\xb3\x91\
s\xd8\xe2\xa8v\x14\x14\xb1\x93Z\xef\xf3ey\xe3\xae\
\xe3\xac\xd2^m\x03\x9b\xc4EB\xc3}\xe8\xf0a\xbc\
\xfa\x8f\xaf\xc6\x1f\xfep\x07\xd6\xacY\x8bk\xae\xb9\x16\
\xb1X\x0cw\xdc\xf1{|\xf6\x9f\xffI\xf2\x0c2\xb6\
\x01\xfd\xff\xba\x89\x14\x08\xfe\xdf\x97\xbf\x8c?~\xf5\xab\
\xf1\xd8\xa3\x8fb\xc3\x86\x0d\xb8\xe6\x9ak\x01\x00?\xfa\
\xd1\x0f\xf1G\x7ft\x15\x9e?x\xd0\xae{\xee`\x96\
\x95\x9d!z\xf5\xab_\x8dw\xbf\xfb=\xb8\xec\xb2\xcb\
1??\x87\xef}\xf7;\xb8\xf4\xd2K\xf0\xd4S\xfb\
\xccY\x00\x00\x17_|\x09\xde\xfd\xee\xf7X^k\xd6\
\xac\xd1\xf2\xea\x9a\xf6\xf6\x0e\xfc\xe5_\xfd5\xde\xf1\x17\
\x7f\x89\xde\xde^\x1c9|\x18\xef~\xd7_\xe3\xd4\xa9\
SL6\x16kG\xcd3Q\x95\xecoiFvV\
J\xac\x129y\xab\xbd\xdc\x02/5/\x98<>\x9b\
\xcd\xa2\xa7\xbb\x03\xaf|\xd5\xab13\xe3|`<\x97\
\x98\x9c\x9cD(\x14\x12\x9e\x8a5f\xb8\xa6\xa6\xa6\x90\
\xcf\xe7\xd1\xda\xdaJ\xbf\xd18??\x8f|>\xef\xfa\
\xda\x9c3\x09\xa2\xdf\xc5\x7fii\x09###\x18\x1f\
\x1fG*\x95BGG\x07^\xfa\xd2\x97b\xf7\xee\xdd\
\xe8\xef\xefG \x10@\xa1P\x00!\x04\x85B\x01\xb1\
X\x0c\x17^x!\xda\xdb\xdb1>>.\xd9\x97i\
\xf8|>\xf8|>\xcc\xcd\xcd\xd1k\x9e\xeaA(\x14\
B:\x9d^\x15\xc5\x97\xdf\xefGww7&&&\
\xe8\xb70\xf3\xb9\x1c\x82\xc1 ~\x7f\xdb\xad\x80~\xba\
\xb4\xa2\xc2\xab\x02j\xd2jM\x92\x8a\xb1\xee\x12\x99\x86\
\xeb\xd0\x0fa\x13\xee\x8d\x8e8F9\x0a\x8a8I\xd5\
\xe2p:I5\xccjw\x11\x0e\x94\x98H\xd4\xf6\xc1\
\x83\xcfcfz\x1a\x7f\xfe\xe7o\xc7\x0b\xc7^\xc4\xad\
\xb7\xdd\x8e\xd1\xb1\x09\xdcw\xdf\x03\xf8\x7f_\xf9\x0aB\
\xa1\xa0\xbc\x116\x99\xce\x93O>\x81\xff\xf3\x7f>\x8b\
\x96\x96\x16\xdcw\xff\x038t\xf8(\xf6\xdcz\x1b\x86\
O\x8f\xe2\x9d\xef|\x17N\x9f>\x8d\x7f\xff\xf7/\xb8\
\xba&\xc3\x02\xd3\x1e?\x9eV\xc1\x07>\xf0A|\xe3\
\x9b\xdf\xc2\x03\x0f>\x84\xf1\x89)\xbc\xf3\x9d\xefB|\
~\x1e\x9f\xfe\xd4\xa7\xb8Y\xb3\xb7\xdcp\x03\xbe\xf1\xcd\
o\xe1\x1b\xdf\xf8\x16\xbe\xae\xbfv]x\x91e\xf1v\
\xee\xdc\x89/\x7f\xf9+\xf8\xfe\xf7\x7f\x80\x03\xcf<\x8f\
\x97\xbd\xecJ\x8c\x8e\x8e\xe2\xd8\xb1\x17L*3Z\x7f\
\x08\xaaSl\xc1\xbc\xbc\xd6\x05\x17 v\x9a\xc3\xa8\x97\
3\x88\x11\xc6\x1a\xef\x8c\x82\xcb\x06\x1a\xa7*Hg\xb2\
x\xe5+_\x01UU\xe9#^\xcee\x8c\x82ax\
x\x18\xeb\xd7\xaf\x17>J\xc8(RO\x9d:\x85\xa6\
\xa6&:3\x96\xcdf166\x86\xe6\xe6f&\xe2\
\xcc\x85\x98N)NOOc||\x9c\xde\x0c\xd5\xef\
\xf7\xe3\xc2\x0b/\xc4\xce\x9d;\x11\x89D\xe8l\x18L\
\xf7\xd1R\x14\x05\xf9|\x1e>\x9f\x0f\xe7\x9dw\x1e6\
o\xde\x8ct:\x8dx<.\xbd\x05G0\x18\xa4\xc5\
W= \xfauU\xc6s\x17\xfd~?+\xa9;\xd1\
h\x14\xa9T\x0a\xa9T\x8a^G\xd7\xd4\xd4\x88\x17_\
|\x01\x8b\x8b\xf1\xf2\x0b/~\xc7\xe1\x8a2\xc3\x9c\xa9\
IR\x1eq\xffM\xefxgM\x106\xc1\x19\xcb\xef\
\x8cc\x94\xa3\xa0\x88\x1b)\xb7\x85\x9a\x07Z\xf4*\x19\
6\x01\xfb\x12\xc0J\x1c\xe4t\x87\xfd\xc4\x13\x8f\xe3\xe9\
\xa7\x9fB6\x9b\x81\xa2\x00/}\xd9K\xd1\xdf\xdf\xaf\
\x89L\x09\xbe\xf5\xcdo\xe2o?\xf0\x01\xed\xf5\xb7\x1f\
\xc0\xff\xfe\xdf\x9f\xa4S\xff\x86\xf4\xfe\xfb\xefG&\x93\
\xc1\x1b\xdfx\x1d\xae\xb8\xe2\x7fP_$\x12\xc1\x87>\
\xfc\x11\xb4\xb4\xb4\xe0\xc1\x07\x1e\xa4\x8f\xb4\x10\xc2tX\
|lw\xb3\x84\x1a\x91H\x04\x9f\xf8\xe4?\xa0\xbb\xbb\
\x1b\xcf<s\x00'\x07\x06\x00sNw\xf5\x03eb\
b\x02cc\xa3\xe8\xec\xec\xc2\xc6\x0d\x1bi\x1f\xe8\xbf\
\x0anjj`Y\xba\x92f\xb7\x8a\x02\xce\xca\x1a\xb8\
\x5cV\xac2&\xd0a\x86K\xd6\x8c\xaa\xa8H&3\
\xb8\xe0\xfc\xf3\xd1\xdb\xdbW\xd7\x03\xdejEUU\xcc\
\xcc\xcc \x9b\xcd\xa2\xbb\xbb[xSUU\x7fl\xd0\
\xdc\xdc\x1c:;;\x01}\xc6fnn\x0e\x99L\x06\
\xe1p\x98\x9b-[\xcd\x18\xa7\xf8\x14\xfd!\xd7\x85B\
\x01\xe9t\x1a\xf3\xf3\xf3\x18\x1f\x1f\xc7\xf4\xf44R\xa9\
\x14B\xa1\x10\xd6\xad[\x87\xd6\xd6Vtvv\xa2\xa3\
\xa3\x03\x03\x03\x03\xf4\xb1@\xc6\xcdeY\x8c\xeb\xc2\x14\
EAww7.\xb8\xe0\x02455\xd1\x9b\xaa\xb2\
\xeb\x5c8\x1c\xa6\x05\x1a\xeb\xab%\xc1`\x10\x0b\x0b\x0b\
u{\xc0\xb7\x8c\x82\xfe\xe0\xef\xa6\xa6&LMM\xd1\
\xbe\xf8|>\x9c8~\x0cO?\xbd\xaf\xf4\xc7U\xb1\
\x1b\xbfK\xca\x0cs\xa6f\x89\x9d\x10\xec\x09\xeb\xd0\x0f\
\xe1\xe2J\x8d\xa5!X\x221\x8e\x02\x0dW\xb9t,\
\xdfvt\x1b\xc4\xc1&q\x91\x90\x95\xb9\x08\x11(\xb5\
\xd7\x95W^\x89\x1bn\xb8\x01'O\x9e\xc4\xcb\xaf|\
\x19\x1ac\x0d\xd8\xb8a\x03>\xfd\xa9Oa!\xbe\xc0\
%\xbd\xe7\x9e\xbb\xf1\xc3\x1f\xfe\x80\xbe~\xf9\xcb_\xd2\
\xc7R\x18\x1c;v\x0c\x00\xb0m\xdb6n\xa7\xd8\xde\
\xde\x8e\xc6\xc6F,..`~n\xce\x9a\x9f;k\
\xc58],\xa5\x0cB\x80\x8e\x8eNl\xdd\xba\x0d\x8b\
\x8b\x8b\x18\x1a\x1e\xb6d\xfa\xccg>\x8d\x86h\x88\xbe\
^\xf3'\xd7p\xb3c\x0f=\xf4 \xba\xbb\xda\xd1\x10\
\x0d\xe1\xa2\x0b\xcfG \x18\xc4O\x7f\xfasl\xde\xb2\
\xc5\xa18\xb2\x87\xffT\x98\x5c4\x1fk\xb46\xc6Z\
\x89\xc8h\x03+\xd5\xe7\xec\xd8\x0fE\x9a\xcb\xd6\xcd8\
}>\x1f\x145\x887\xbf\xf9-X^NH\x1f\x9f\
s.@\x08A0\x18\xc4\xf8\xf88ZZZ\x84\xb3\
^\xd0\x0f\x8e\xc7\x8e\x1dC[[\x1b\x1a\x1a\x1a\xe8x\
\xcd\xce\xce\xd2\xd3\x8d\xec\xf6\xb6Z1\xfa\xea\xf3\xf9\x90\
\xc9d077\x87\x89\x89\x09\x8c\x8f\x8fcii\x09\
\x8d\x8d\x8d\xe8\xed\xed\xc5\xe6\xcd\x9b\xb1q\xe3Fz;\
\x8d\x96\x96\x16\xf4\xf5\xf5\xa1\xb9\xb9\x19\x07\x0f\x1e\xc4\xe9\
\xd3\xa7]\xaf;\xc1`\x10[\xb6l\xc1\xb6m\xdb0\
55E\xef0o.2\xfc~?\x96\x96\x96\xeav\
\xea\x91\x10\x82\xd6\xd6\xd6\x15)\xfaX\x8cu\xa7\xb9\xb9\
\x19\xe9t\xda\xb2>\xa9*048\x08\xee\xaa{\x19\
\xc2\x9d\x80;\xca\x0c\x93#\xdd)U\x17f\x17\xa77\
\xc74\x5c\xa7\xbe@\xd4\x84\xb4]\xa1\xb1:\xd4(u\
\xe9[\x09\xfb\xc9\xb8\xecX\x19!\xceQ\xba9\xd6\x10\
\xc3O~\xf23<\xf4\xd0\xc3\xf8\xc8G>\x8a\x9d;\
wbll\x14_\xfe\xf2\x97\xf0\xcaW\xbe\x02\x93S\
\x93\x96\xe8\x9b~\xf3[$S\x19\xfa:yj\x08k\
\xd7\xae5)\x1c`\xba\xc2\xf7\xcc\xa6\xcf%B`\x9a\
1r\xe0\xe2\x8b/\xc1\xbb\xde\xfd\x1e\xfaz\xcdk^\
\xab\x9f\x06(\xf6\xa5\xbd\xbd\x1do\x7f\xc7;\xb0c\xc7\
N\x00\x80O\xf5a\xdd\xfa\xf5L&\xf7\xd0\xcc\xe6E\
\x16.\xba\xd0\x08\xc8B\x84F9V\xa9)\xd8!\x87\
\xb9\x19\xa9L\xe8$P\x14\xa0@\xf2X\xb3\xb6\x1f\x8b\
K\x8bH&\x93+z\xe0YI|>\x1f\xe6\xe7\xe7\
q\xfa\xf4i\xf4\xf5\xf5\x01\xcc\xf3\xf7\x8c\xf7\xcb\xcb\xcb\
\x98\x9a\x9a\xc2\x9a5k\x90\xcdf\xa1\xaa*R\xa9\x14\
fgg\x11\x0a\x85,\xfa\xd5\x8a\xa2\x7f\x8b\xce(\xb8\
FFF055\x85L&\x83h4\x8a\x8d\x1b7\
b\xcb\x96-X\xb3f\x0d\xda\xda\xda\xe8\xa9/\xe3\x15\
\x08\x04\x90\xcb\xe5\xd0\xd6\xd6\x86\xf3\xce;\x0f###\
x\xfe\xf9\xe7]\xdf\xae\x81\x10\x82\xee\xeen\xbc\xe4%\
/\x81\xaa\xaa\xf4Z9\x03\xe3\x86\xab\xf5z\xdc\x10\xf4\
11\x9e1Y\xaf6e\xe4\xf3ytuu!\x9f\
\xcf[n\xbd\xd1\x10m\xc0\xb7\xbf\xf55,\xc4\xe3\xd2\
?\x0e\x00\xd9\xf6\xee\x9e\x0aB\xc5T=a)\x98\x1a\
\xafp\x5cJ\xc5\xd2\x94\xb4m\xa9\xc3\x11WQ\xaeD\
\x1a%H\x01\xdb\xe2\xcbX&\xf6e\x03+u\x0ec\
U\xec\xcbAf\xfaU\xf5\xf9p\xe9e\x97\xe3\xdf\xfe\
\xfd\x8bxz\xff38\xfa\xc2\x8b\xd8\xb8q#\x0e\x1f\
>\x8c\xfd\xfb\xf7\x17s\xb9d\xc7\x8e\x1d\x00\x80\x17^\
x\x01\xa4\xa0\x1d\xc4\x8d\x22hff\x06\x0b\x8b\x8bh\
llDsK\x8b\xa5\xaf\xd9\x9cu\x06\xcd\xa0\xb3\xb3\
\x0b\xe10\x7fp\xa1\x132\xccK\xc6\xd4\xd4\x14\x8e\x1d\
{\x01\x8d\x8d\x8d\x5c\xc1\xf8\x96\xb7\xdc\x80o|\xe3\x9b\
\xf8\xfa\xd7\xb5\xd7G?\xf6q\xfd/\xeab\xce\x1d;\
w\xe2+_\xf9\x1a\x9e\xdc\xf74\xfe\xe1\x1f\xfe?\x1c\
9r\x18?\xfb\xe9O,yX,\xc3\xce\xf6\xd3\xf4\
YH\x22\xa8\x80\xb5\x18\xf9x#\x9b\xcf\x8aUj\xdc\
\x15\xdf\xfc\x12\xe7a\x9b\xb0\xb8Y\x87@d\xfeJ\xba\
\xe1RU\x1f\xce\xbf\xe0Bl\xdb\xba}U\xdclr\
%1\x1e\x13\xd4\xd8\xd8(\x9cq!\x84`hh\x08\
]]]\xf4\xd4\x8f\xa2(\x18\x1a\x1aB \x10\xb0?\
 \xae0\xc6\xe7\x9a\xc9d0;;\x8b\xa9\xa9)L\
MM!\x9dN\xa3\xb5\xb5\x15}}}\xd8\xb0a\x03\
\xd6\xae]\x8b\xc6\xc6F:\x8bg\x9cBU\xf4\xeb\xb7\
\x22\x91\x08\xfc~?\x9d\x95\x8aD\x22\xd8\xb4i\x13\xfc\
~?^|\xf1ELNNR\xbdh\x0c\xa1\xfbr\
\xb9\x1cb\xb1\x18v\xec\xd8\x81\xee\xeen\xcc\xcd\xcda\
qq\x11D\x7f\xa04!\x04\xc9d\xb2n\xeb\xa3\xdf\
\xefG[[\x1b&&&\x84\xa7\x9b\xeb\x89\xb1\xcc\x0d\
\x0d\x0d\x963\x1a\x91h\x14\xe9T\x12\xc7^8b\xf9\
\xd6#\x85\xdb)\xb8G\xb0\xbb\xa8\x8c\xaa'\xb4\xa7\xd8\
\x94\xb9a\xbd\xf1:\xf6\x03ls\xc2\xb6+\x1f\x1c\xc7\
\xc8\x12\xd3\x97 \xa5X\xbf\xed\xe8b\x99X\x99\x8b\x10\
\x1dV\xcdD\xb0.F\xc6\x9a\xcc\x19\x9ezj\x1fv\
]\xb0\x13\xf7\xde{\x0fM\xd7\xd8\x18sw\xf1\xae\xa0\
+ \xc0\x95/\xbf\x0a\xc1`\x10{n\xdd\x83\xc7\x9f\
x\x8c\x1en\x93\xc9\x04\xbe\xf1\x8d\xaf!>?\x8fW\
\xbc\xe2\x8fh\x01\xb4]/\xd6~\x7f\xfb\xedt\xe7C\
\x08\xc1\xddw\xdf\x8dD\x22\x81\xce\xaeN\x84\xc3\x11Z\
\x1b\x94C2\x99\xc4\x17\xbf\xf8o\x98\x98\x98\xc0\xee\xdd\
\x17c\xe3\xc6M\x96\x05\xd0\x0a\x116J\x8c\xa2(\xb8\
\xf6O^\x83`0\x88\x9bo\xfe\x0d} \xad\x19\x9a\
\x99\x1dp\x0e\xd1\xa7\xc2{\xec\x8dr\xf8\xec\xa6w%\
\xe4\x10\xe2\xd0\x0fk\xb9\xc5\xa3(\x0aB\xc10^\xf7\
\xba7\xe0\xd0\xa1Cu;\xd8\xad&\x14E\xa1\xb7\x97\
8\xef\xbc\xf3\xa8\xcd\x0c!\x04\x89D\x02SSS\xe8\
\xef\xef\xa7\xdfD\xcbf\xb38}\xfa4\x82\xc1\xe0\xaa\
\x9a54\x0a\x1f\xa3HJ$\x12\x18\x1b\x1b\xa3\xdf8\
lhh\xc0\x96-[\xb0y\xf3ftww\xa3\xb9\
\xb9Y{\x96\xa0\xe4\xf37\xaeu\x0b\x06\x83\x16\x0d!\
\x04>\x9f\x0f\x9d\x9d\x9d\xe8\xed\xed\xc5\xc9\x93'q\xe8\
\xd0!\xe4\xf3y\xdb\xd3\x86F\x8e@ \x80\xb5k\xd7\
b\xf7\xee\xdd(\x14\x0a\x98\x99\x99\xd1\xd6\xc9P\x08\xf3\
\xf3\xf3\xd2\xf8jc\x5ckU(\x14\xe8\x85\xee+I\
>\x9fGKK\x0b&''-c\xd0\xd2\xd2\x82\xcf\
~\xe6\xff\x83\xcf\xc7\xacke\x0e\x93\xc3\xee\xa3t\xaa\
\x9eP\x8ei/*\xc6\xd6Y}\xdc5\xe7\xac\xb0\xc3\
]\x1b\xa5Q^>b3\xf3e\xc2\xf1C\x12b\x8e\
\x12DV\xe6\xb6\xf0\xc8\xc3\x0f\xe3\xf8\xf1\xe3x\xfd\xeb\
^\x8bM\x1b7\xe0\xba7\xbe\x01\xbb/\xba\x08\xcf<\
\xf3\x0c\xb6m\xdb\x86\x0b.\xd8\xc5\x86H\x13\x1b\xe6\xcb\
/\xbf\x1c\xff\xf4\xcf\x9fE|~\x1eW\xbf\xea\x95\xb8\
\xe0\xfc\x1d\xb8\xfe\xba7`\xdd\xda~\xfc\xf8\xc7?\xc2\
\x9a5k\xf0\xc9O\xfe\x03\xfdv\xcf\xeb^\xfb:\xb4\
\xb7w\xe0\xa7?\xfd\x09\xfaz\xbbq\xfduo\xc0\x8e\
\xed[\xf1\xcf\xff\xf4\x19\xa8\xaa\x8a\xf7\xbc\xe7}\x08\x85\
\xacw\xed~\xe4\x91\x87q\xf1\xee]\xd8\xb6\xf5<\xfa\
\xfa\xcf\xff\xfc\x9eE\xf3\xedo\x7f\x13\x1f\xfa\xd0\xdf\xe2\
\x95\x7ft\x15z{:\xf1_?\xfe\x11\x9a\x9b[\xf0\
\xb9\xff\xfby\xfd\x9a\x99\xe2r\xfc\xf6\xe6\x9b\xf1\xe1\x0f\
\xfd\xad\xe5u\xd7]wZ\xf2\x99\xd9\xb1c;.\xba\
h7^x\xe1(\x9e{\xeeY~\xcc%c\xe4\xf4\
\xe9H=B\xa3\x1c\xab\xdc\x94U\xda@\x11\xfb\x1e\xda\
9\x008\x14\x5c\x805y>\x9f\xc7\xeb^\xff\x1a\xe4\
rYz\xf0;\x97 \x84\xe0\xf8\xf1\xe3hoo\x17\
\xde^\x02z\xb1077G\x1f\x02\xad\xe8\xdf\xe6;\
q\xe2\x04.\xbe\xf8b444\xd0\xeb\x97V\x0b\xa9\
T\x0asss\xf4[\x8aMMMX\xb7n\x1dv\
\xee\xdc\x89\xb5k\xd7\x22\x18\x0c\x964[\xb7\xb4\xb4\x84\
H$\xc2\x9a)\x91H\x04\xdb\xb6m\x03!\x04\xcf?\
\xff<fgg]\x17\xa4\x91H\x04\x17_|1\x9d\
}\x0a\x06\x83\xc8d2u\xbb\xfd\x831\x8b\xd7\xd6\xd6\
\x86\xb1\xb11\xe1:PO\x14EA \x10\xa0_f\
\x80\xde\xc7\xd6\xd6\x16\xc4\xe3\xf3\x185\xee\xd3h\xbb\x1f\
\xb0\xa7\xcc0\x1e\xdb\x1dU=`:P\xe7\xbe\x08\x9b\
\x93\x1ak\x8c\xb0]9%HMhQ\xdc\x05\xf7\xa2\
\x17\x1f(y\xc9N\xfd\x88$\xbc\xcb\xf2*\x85\x8f|\
\xf4c\xd8{\xf7=x\xe9K_\x86\x89\x89q\xec\xdd\
{\x17\xe6\xe7\xe7\xf0\x9a\xd7\xbe\x0e\xbf\xfa\xf5\xcd\xe8\xeb\
\xeb\xb7\xce\x08\x11\xf3|\x06{\x90\xd5z\xa0(\x0a>\
\xfe\xf1\xbf\xc3]{\xb5\xbc\xa7N\x9d\xc2\xde\xbd{\x01\
\x00\xefz\xd7\xbbq\xdf}\x0f\xe2\xfc\xf3/\xa0\xcb\xb4\
}\xc7N\xdcs\xef\xfdx\xcdk^\x8bL&\x83\xbd\
{\xf7\xe2\xf4\xe9\xd3x\xe9K_\x86;\xfe\xb0\x17\xaf\
{\xdd\xebMmh\x14\x0a\x05\x8c\x8e\x8e\xe2\xf4\xe9\xd3\
\xf4\xb5\x10\x8f\x03\xa6>\xdd{\xcf=\xf8\xd1\x0f\x7f\x80\
}\xfb\x9eDKK\x0b\xde\xf7\xfe\xff\x85'\xf7=\x8d\
\x97\xbc\xe4R6\x1d\x0e\x1c\xd8\x8f\x1f\xfd\xe8\x87\x96\xd7\
\xc1\x83\xcf\xb32@\x1b\x02466\xe3\x8f\xaf\xb9\x16\
\x84\x10\xdc\xbag\x0f=\xbdJ?$\xeeS)~:\
\xac\xc5e\x18\x87U\xc2|&\xb2\xf5\xc96\x87I\xc2\
\x1a\x05\x02\xf1?\x066V\x17\x18\xbf\xaa\xaa\x8a_\xfe\
\xf2\xbf\xe1\xf7\xfb\xed\xbf\xfdz\x16B\x08A*\x95\xc2\
\xd4\xd4\x14v\xee\xdc)|\x806\xd1o\xad044\
\x84\x8e\x8e\x0eZP,--!\x93\xc9\xe0\xba\xeb\xae\
\xc3_\xfd\xd5_a\xdb\xb6m\x88\xc7\xe3+>sR\
(\x140==\x8dD\x22\x81`0\x88\xb5k\xd7b\
\xe3\xc6\x8d\xe8\xef\xefGKK\x0b\xf2\xf9|\xc9\xc5\x85\
q\x0a\xb0\xa1\xa1\x81uYP\x14\x05\xeb\xd6\xadCS\
S\x13N\x9d:\x85S\xa7Nq_\x06\x92\xa1\xaa*\
6o\xde\x8c\xad[\xb7\x22\x9b\xcd\x22\x99L\x22\x91H\
\xb8.\xe0*A\xd1O\xab\xb6\xb5\xb5!\x9f\xcf\x97~\
\x0b\x9e\x1a`<=add\x04>\x9fO\x9fe\xf4\
#\x9dN\xe1\x9e\xbb\xef\x84\xaa\x946.\x82]@\xf9\
T-\x91;\xac}7\xf6r\x82\x9d\xd9\x0a\xf4\x873\
X\xfa 4\x96\x8c4\x83\xb4]gJ\x94\xeb\x14\x8f\
eJ*\x9d\xb5\xc9a\xe32c#\xb3qU\x0e\x93\
\x5c\xde\x96\xdcS\x12z\x9a*e3\xa1e\xa4y\xab\
\xdc\x00\xa1?\x9c\xb0\x17\x09\xbdB\xa3\x1c\xb1\x5c_!\
]\xe2(\x15\x0a\x8aF\xa1\x9bE \x12\x98@\x88v\
*\xfa\xc3\x1f\xfa\x00f\xa6\xa7088\x88\x97\xbe\xf4\
\xa5\xe7\xd4\xb3\x09GFF022\x82]\xbb\xf8\x19\
f\xa3\xf0:}\xfa4\x8e\x1e=\x8a]\xbbv\xd1\xd9\
\xa2\xa1\xa1!l\xda\xb4\x09\xaf\x7f\xfd\xeb\x91\xcb\xe5\x90\
\xc9d088\x88_\xfd\xeaW\xc8d2hmm\
\xad\xd9\xac\x0d[\xdc\x99\xdbI$\x12\x98\x9c\x9c\xc4\x8e\
\x1d;\x5c\x7f\x0b\xd1\x0eU\xbf\x9b\x7f.\x97\xc3\xc6\x8d\
\x1bY\xb7\x94\x5c.\x87\x91\x91\x11d\xb3Yl\xdd\xba\
\x15\xcd\xcd\xcd\xd2\xa2\xcfX\x1eE\xbf\x1e\xec\x85\x17^\
\xc0\xf8\xf88\xd6\xaf_\x8f\xce\xceNi\x5c5!\xfa\
7^\x9f}\xf6Ytuu\x09\x1f-UO\x14E\
A<\x1e\xc7\xe9\xd3\xa7q\xfe\xf9\xe7\x83\x98\x9e\x7fy\
\xc1\xae\x8b\xf1\xd9\xff\xf3y\x84\xf5{\xac\xd9Q\xd9\xa7\
/\xa0\xea\x09\xe5\xf0M\x99,\xbc\xb3npM;\x1b\
\xca\xc21\x8b\xa3\x80\xa7\x8c\x10\x1d=R\xff\x9f\xe0\xc4\
\xb7\xf9\xc5\xc0\xba]\xc8\xaa\x0a\xd3\xae\xbc\x1brOI\
\x98\xdb2\xb5W\x1d\x8a\xc9\xb9\x19\xa3\x0a`\x97\x9c\xe6\
\x95b\xdf\xb0\xd0+4\xda\xc3\xcbMI\x5c\xe6\xe1s\
0H\x05\xdc\xdfyr\x04\x22\x81\x89\x92\xcf\xe7\xb1\xef\
\x89Gq\xe8\xd0\xf3\xd8\xbau+\xc2\xe10\x16\x16\x16\
*>`\x9f\x09\x18\x07\xdb\x93'O\xa2\xad\xad\xcd\xf6\
 v\xf2\xe4I\xf4\xf6\xf6\xc2\xef\xf7\xd3{Z\xa5\xd3\
iz\x9a\x0d\xfa\xf5K\xe7\x9f\x7f>>\xf0\x81\x0f\xa0\
\xaf\xaf\x0f\xd3\xd3\xd35\x19\xc7\x5c.\x87\x99\x99\x19Z\
4\x1a\xf7&S\xf4o1\x1a\xb3T\xe5\x9e\xb23b\
\x14\xfd\xa2\xf9|>\x8ft:\xed8F,~\xbf\x1f\
\x1b7nDGG\x07\x0e\x1f>L\x1fOf`n\
'\x97\xcbaaa\x01\x87\x0e\x1d\xc2\x13O<\x81D\
\x22\x81\x9d;w\xa2\xad\xad\xad.\x85\x17L\xfdhi\
i){\xec\xaaM,\x16C&\x93\xc1\xd4\xd4\x14=\
\x05\xd9\xd0\xd0\x80\xfd\xfb\x9f\xc4\xf4\xcc\xa8\xe3\x0c\xdd\xca\
/Ay\xf0\xfb,\xde\xb2\x12p\xbd\xe0\x0c\x86\xb12\
\x84iW\x14\xbe\x80\xb0\xbf\xc3\xbd\xd9\xe5\xc2-\x91\x95\
\x8f$1\xdf\x8eDX\x0ez\x0a\x873]e\xa2O\
\xf8V\xf0\xb0i\x19\xb4\x9f\xae\x86\xc2Q\xc0{\x9dC\
8\xf8\x10\x93\x85w\x0a\xb1\x95\x99\x9d\x9c@3\x0aO\
#\x8a`rH\xd3\x9a\xc8\xe5rPU\x82{\xee\xbd\
\x0f\xfd}\xfd\xf0\xfb\xfd\xe8\xec\xec\xc4\xf0\xf00\x02\x81\
\xc0\xaa8\xf8\xd4\x12\x9f\xcf\x87\xe9\xe9i\xe4r9\xe9\
\xec\x8a\xaa\xaa\x18\x1f\x1f\xc7\xfc\xfc<\xda\xdb\xdbA\xf4\
\x99\xb0x<\x8e\xbe\xbe>\xac]\xbb\x96~A\xc5(\
\xc8\xda\xdb\xdb\xf1\xcew\xbe\x13\xafx\xc5+\xb0\xbc\xbc\
\x8cD\x22\xc1\xa6-\x9bL&\x83\x99\x99\x19\x10B\x10\
\x8b\xc5\xe8E\xed\xf3\xf3\xf3XXX\xa0\xcb\x10\x8b\xc5\
0;;[\xd2gh\xcc>\x15\x0a\x05:{66\
6\x86\x91\x91\x11\x84B!LLL`nn\xae\xa4\
\x9c\x85B\x01\xad\xad\xadX\xbbv-\x9d=4\x1e\xb4\
](\x14\xb0\xb0\xb0\x80\xc1\xc1A\x1c9r\x04\xc7\x8f\
\x1f\xa7w\xc3\xdf\xb2e\x0b\x22\x91\x087\xc3Wk\x0a\
\x85\x02\x9a\x9b\x9bK^\xceZ@\xf4\x99\xae\x8e\x8e\x0e\
,..\x22\x9f\xcfS\x9b\xa2(\xd8\xf7\xe4\xd3hh\
\x88q\xeb\xad\x9bm\xdf5\xe6dUK*G\xdc\x84\
n\xa9c?X\xb8&9\x83\xd4X\x1b\xcah\xaa\x8c\
\x10)D\xf4mGsQ\xc0\xb8\xb8W\xc9\xb0\x09\xd8\
\xf6\xe8K/P$\xff\xb8$\x0e\xf0\xf9m^\xae2\
\x82\xeb\x03\xed\xb3\xed\xcburn\x09\x89\xc3rP\x01\
\x1fU\xec\xa3h\x04\x05\xb9\x84i\x1c\xfb\xa7\xff3-\
/\x97\x94\xc9\xc7\xe70\xbdd\xfd0\x09\xec\xff\xd1f\
l\x1b\x13u\xad\x18'\x12j/R( \xe0\xf7\xe3\
\xd8\x0b\xc7\xb0\xef\xc9\xc7\xd1\xdd\xdd\x8dT*\x85\xd6\xd6\
V,//\xaf\xf8\xd7\xedk\x0d\xd1o\x13\xf1\xfc\xf3\
\xcf\xa3\xb5\xb5\x15\xc1`\x90\x95\x00\xfa\xcc\xe0\xe0\xe0 \
\xd6\xae]KO\xe1)\x8a\x82\xd3\xa7Oc\xfb\xf6\xed\
\xf0\xf9|\x96\xd9 c\xb6(\x14\x0a\xe1\x9ak\xae\xc1\
_\xfc\xc5_\xa0\xb3\xb3\x13\xb3\xb3\xb3\xd4_.D\x7f\
@u(\x14Bcc#\x02\x81\x00\xa0\x7f\x03.\x1a\
\x8dbaa\x01sss\x00\x80\xa6\xa6&\xc7k\xad\
\x08\xd1\xd6\x14\xe3z\x22\xe3\x1efCCC\x18\x1f\x1f\
\xc7\xf2\xf22\xfc~?\x22\x91\x08B\xa1\x10\xa2\xd1(\
FGG1<<L\xc7\xc1\xc8a\x07!\x04\x0d\x0d\
\x0d\xd8\xb8q#\xfc~?N\x9e<I\xef\x0d60\
0\x80T*\x85\xce\xceN\xac_\xbf\x1e\xdd\xdd\xddt\
\x9c\xdd\xe4\xae6\x8a\xa2 \x1c\x0e#\x14\x0a!\x95J\
\xb1\xee\xba\xa3\xaa*\xda\xda\xda\xb0\xb4\xb4d\x99\xddT\
\xa0\xe0\xe1\x87\x1e@S\xb3\xf6\x0dM\x83\xaa\x8c\x18\xbf\
#\xa9)|s\xcc\xde\xac\x8e}1\xc3\xf5\xcb\xd6P\
y\x07]er\x14\x88)#\xc4\xda#A\x02\xee\x82\
\xfb\xaa\xc2$g\xdb\xd2\xdac-\x15\xf6\xc2h\xcb\xf4\
\xaa\x1eZrzp\xafr\x1b\xdc\x088\x0e\x8b\xa3\x00\
\x10y\x9dC\x84\xf0a&\x8b\xcb||\x0e\x01\x0eN\
c\xfcm17d\x12K\xcc&L^Fh~\x9b\
/\x14\x10k\x08\xe1\x9e{\xf7bqq\x11\xe1p\x18\
\xaa\xaaBUU\x84B!\x1c?~\x9c\xdeo\xe9l\
\xc4\xe7\xf3ajj\x0a###X\xb7n\x9d\xb4(\
ZXX@2\x99\xc4\xfa\xf5\xeb\x91\xcb\xe5\xe0\xf7\xfb\
1;;\x0b\x9f\xcf\x87M\x9b6\xb1r\x8e\x8d\x1b7\
\xe2\xbd\xef}/.\xb9\xe4\x12\x9c:uJ\xf8H\x1d\
7(\x8a\x82T*\x85\x82\xfe\xb0j\xe3\x1b\x97>\xfd\
a\xd4\xcb\xcb\xcb\xf4\x9a*\xa3x \xfa\xb3\x19Y\x8c\
\xc2)\x10\x08\xd0[e\x0c\x0c\x0c`pp\x10\xcb\xcb\
\xcbhhh@gg'\xda\xdb\xdb\x11\x0a\x85\xe8-\
(B\xa1\x10\xda\xdb\xdb\x91L&q\xe8\xd0\xa1\xb2\xbe\
X\xd0\xd9\xd9\x09UUq\xea\xd4)\xb4\xb4\xb4`\xf3\
\xe6\xcd\xe8\xeb\xebC(\x14*k\x5cj\x811\xa6\xab\
a\x06\xd88\xcd\x18\x8dF-7\x5c\x8dF#8v\
\xec(\x0e\xec\x7f\x86n\xa7\x15\xf7R\xbeS\xa9:\xd6\
]\x93\xf9\x9d\xa9\x03u\xec\x8f\x19a\xb3\x16\x83PQ\
\x11\xd5\xcdf\xa5\xa2\xdc6\x1fIu\xb7V\xf3\xe7/\
(\xb6\xc4\xc2*`.\xb6\xaa\x97U\xc74\x9bb\x14\
ZUn\xc4\x92\xce6\xbf\xd9)\x14p\x0a\x222\x96\
\x00\x1ff\xb2\xf0N)\xb62\xc7\xfeYg\xb4l\x91\
\xe4\x90\x98\x19\xe4\xcbd~\xab\xcd\xcc\x04q\xf4\xd8\x09\
\xfc\xf4\xc7?\xa1\x8f\xa0\xca\xe7\xf3hll\xc4\xf2\xf2\
2&&&\xea\xf6M\xb3\x95 \x9f\xcf\xe3\xf8\xf1\xe3\
\xd8\xbcy3\xbd\xbf\x13\x8b\xa2(\x18\x1f\x1fG,\x16\
\xa3\xb6\x5c.\x87\x93'O\xe2\xf2\xcb/GKK\x8b\
\xed\x81Y\xd1oG\xa1\xaa*\xde\xfc\xe67\xe3\xe3\x1f\
\xff8|>\x1f==Xj\xe1\x92\xcdf\x11\x8dF\
\x11\x0c\x06\xe1\xf7\xfbiQd\xdcS\xab\xa9\xa9\x09~\
\xbf\x1f\x81@\x80.\x0f{\xa3\xd2\x5c.\x87T*\x85\
\x99\x99\x19\x1c?~\x1c\x83\x83\x83H\xa5R\x88\xc5b\
\xe8\xed\xedE{{;}>e\xdet\xd7y\x03E\
Q\xd0\xde\xde\x8e\x86\x86\x06\x0c\x0c\x0c`zz\xda\xf5\
\xb2$\x93I\x1c?~\x9c\x16\x88\xc65Ly\xfd!\
\xdbnr\xd4\x03E\x7f\x0ee.\x97\xe3\xc6\xaf\xde\x10\
\xfd>j\xe6[\x99\x10B\x10\x0a\x87191\x8e\x87\
\x1e\xba\x1f\xc1P\x90\xdd\xdcK\xa7\xe2\x04\xeeqlJ\
\xb0\xff\xaa\x07\xc2f\x85\xc6\xea\xe2*}\x99\xfd(#\
D\x87\x8fd-J2\x95amr$J\xde\xcc[\
*BO'\xca\xfa\xdb\x9b\x7f\x83\xfb\xee\xbb\x975\x97\
\x8d\xa8\x8d\x9a\xe0\xd8\x90\xa3\xc0\x85\xa2\xc8W\xbe\xf25\
\xc7B@\x9c\xcff\xf0mp\x94K\x05E\x87Tb\
 \x11H\xcc\x0c\xe2\xa9`\xb8\x8cWU\x05\xdf\xf9\xf6\
\xb7\xf0\x9do\x7f\x03\xaf~\xf5\xabQ(\x14@\xf4\x8b\
\xab\xc7\xc6\xc6088\x88m\xdb\xb6\xa1\xbb\xbb[X\
\x98\x9c\xe9,,,`\xdf\xbe}\xb8\xe2\x8a+\xa4\xf7\
\xba\xcaf\xb3\xd8\xb7o\x1f\xd6\xaf_O\xaf?\x8a\xc7\
\xe3x\xee\xb9\xe7\xf0g\x7f\xf6g\xb8\xec\xb2\xcb\x84\xb7\
\xa6\x90\xe1\xf3\xf90>>\x8e\x87\x1f~\x18\xfb\xf7\xef\
GCCCI\xb3\x8bsss\x08\x04\x02\xe8\xe8\xe8\
\x80\xa2(\xc8d2\x18\x1d\x1dEGG\x07\xe6\xe6\xe6\
\xd0\xdb\xdb\x8b\xb1\xb11\xb4\xb4\xb4@UU$\x12\xda\
\xf3:\xdb\xda\xda\xb0\xbc\xbcLo\x8dQ(\x14\xe8=\
\xbe\x8c\x19'\xc5\xe5)D\x03\xa3\xfd\xc5\xc5E\x04\x02\
\x01\xf4\xf4\xf4X\x9eui`\xcc\xb2\xcd\xce\xcebr\
r\x12\xad\xad\xad\xf4\x9a\xaa\x85\x85\x05l\xdf\xbe\x9d\x8b\
Y\x0d\x14\x0a\x05\x1c:t\x08\xdd\xdd\xdd\xe8\xe9\xe9Y\
\xf1m \x99L\xe2\xf4\xe9\xd3X\xb7n\x1d\xfd\xcc\xe6\
\xe7\xe7\x11\x0aG\xf1\xd3\x1boBKKky}\xac\
\xe3\xd03k\x86\xe5\x9d\xccT\x0f\x84\xcdrF\xceP\
\x15\x1c\xb3:\x0a\xe4\x94\x1f*>\xb6\xb0&\xfb\xe2K\
\xe2\x11\x9b\xc5\xd6\xb20\xa5r\xca\xfa\xdb\x9b\x7f\x83\xbf\
\xfc\xcbw\xb0f\x0f\x13mmm\xd8\xbd\xfbb\xfc\xf2\
\xbfo\xb2\xdc\x02\x81\x1f[\xc6\xc2\x0b\xa4\xb8\x92JE\
.f\xb4\x0cl\x846.\x1d]!\x10\x0aLR\x14\
E\xc1\xe2\xc2\x22^\xf3\x9aWc\xc7\xf6mhnn\
\xa6\x07@EQ033\x83\xfd\xfb\xf7\xa3\xb3\xb3\x13\
\x17^x\xa1\xeb\xe2\xe2LAQ\x14\x1c>|\x18\xcb\
\xcb\xcb\xd8\xbd{72\x99\x0c\xb7\x8c\x8a\xa2`xx\
\x18###\xd8\xb2e\x0b-N\x86\x86\x86\x90\xcb\xe5\
p\xdey\xe7\xe1\x86\x1bn(yf\xc4(F\x9ez\
\xea)\xdcz\xeb\xadP\x14\x05---\xf4\xc0i\x97\
\xcb\xb8\xc9kOO\x0f\xcds\xf2\xe4I466b\
ii\x09\xf9|\x1e~\xbf\x1fMMM\x80^<\xc6\
\xe3q\x14\x0a\x05\xa8\xaa\x8aH$\x82\x86\x86\x06(U\
\x9ce\x22\xfa\xb5bKKK\xe8\xeb\xebC{{\xbb\
\xc5\xaf\xaa*&&&0==\x8du\xeb\xd6\xd1\x9b\
:\x13B\xf0\xe2\x8b/\xd2\x0b\xebW[\x01\xa6\xaa*\
fff055\x85\xcd\x9b7;\xfe\xe1WK\x88\
~\xfd\xdb\xf1\xe3\xc7\xd1\xdd\xdd\x8d\xd6\xd6V\xe4\xf3y\
\x04\x83A<\xfe\xf8c\xd8{\xef\xe3\xd8\xbam;r\
\xb9\x12\xae\xd3\xac\xd3p\xf3\xcd\xf0\x16\x91\xa9^pM\
;\x1b\xaa\x86mf[\xa73\xe5\x87\x8b\x8f1\xa2|\
\xd6-\x82X_\xcc[\xd3\x89\x1f\xd1\xab|\xcc\xd7N\
\x99O\x1dV\x96\xd5\xc3`vv\x16\xf7\xde{\x0f\xde\
\xfc\xe6\xeb\x10_X0\x8d-\xf3\x19\x96\xf0\x91\xba\x92\
JE\xe6\xd3\x88\x0e\x85\x974\x87\xad\xcb\x84I\xc1\x08\
\x9dc\x05\x10\x80\x14\x80[o\xbb\x05\x0a\x08\xf7-?\
B\x08Z[[q\xc5\x15W`ll\x0c\xc9d\xd2\
\x12~6\x90N\xa7133\x83\xf5\xeb\xd7K\x1f\xde\
\xac(\x0a\x0e\x1e<H\x1f,\x0d}\xf6!\x97\xcb\xe1\
\x82\x0b.\xc0\xe4\xe4dY\xd7<\x19E\xdcK_\xfa\
R|\xf0\x83\x1f\xc4\x9a5k0??O}2\x14\
EA0\x18\xa4\xd7\x9d\x05\x02\x01444\xa0\xa5\xa5\
\x85^\xef\x95J\xa5\xb8/\x0e\xa8\xfa\x05\xdb\xbd\xbd\xbd\
hjj\xa2\xb3\x5c\xd5BQ\x14455\xa1\xad\xad\
\x0d\xa3\xa3\xa3\x18\x1a\x1a\xa2\xebS.\x97\xc3\xa9S\xa7\
0;;\x8b5k\xd6\xd0\xc2\x0bz\xbf\x22\x91\x08]\
\xf6\xd5\x06\xd1\xefx\x9fN\xa7\xa5\xebH\xbdP\xf4S\
\xd7---\xf4\x91K\x8a~\xe1}ww\x0fn\xfc\
\xf9\x8f\x91\xc9\xa4\xd909%\xed0\xcaC\xbc_\xaa\
t\xe7U\x1d\xa4M;\x1b\xaa\x82\xb0m3\xb6Ng\
*\x0aw\xec\x5c\x11%\x914\xcf|\xb9\x8crA}\
\xfe\x10#\xc8d\xb3\xd5\xec6\x07\x97\x9a3\x88\xb0\x17\
\xd9zm\x9db\xc4!\x9aua!\x8e\xbf|\xc7\xdb\
\xf1\xe8\xa3\x8f\x00\x00.\xbf\xfc\x0a\xfc\xe2\x97\xbf\xb6\xbd\
\x01\xa28\x1f\x83\xa3H\x138\xca\x0c\x04B\x81I\x82\
I\xc9\x04\xb9\xcfaB8k\xac/\x0f!X\x5c\x5c\
\xc0'\xfe\xfe\xe3\xc8\xe5\xb4\x1b\x81\x8a\xc8f\xb3x\xec\
\xb1\xc7\xd0\xdf\xdfO\x9fwx6\xa0(\x0aFGG\
q\xe2\xc4\x09\x5ct\xd1E\xf0\xf9|\xdc\x81UUU\
\x9c<y\x12\xc7\x8f\x1f\xc7\xc5\x17_Lg\x8a\xc6\xc7\
\xc7\xb1i\xd3&l\xdb\xb6\x0d\xdf\xfe\xf6\xb7\xf1\xa1\x0f\
}\x08\xdd\xdd\xdde\xcd\xda\x10\xfdZ\x9e\x85\x85\x05<\
\xf9\xe4\x93x\xf2\xc9'\x91\xcf\xe7\x11\x8dFY)\xa0\
\xf7\xdb(\x1aw\xee\xdcI\xaf\x99J&\x93\x18\x18\x18\
\x80\xdf\xef\xc7\xe2\xe2\x22\xba\xba\xbah\x7f\xe7\xe7\xe7\x11\
\x08\x04,\xd7\xac\xd5\x92B\xa1@\x1f\x8e\xdd\xda\xda\x8a\
\x85\x85\x05\xa8\xfa\xad\x12\x8cof\x1a(\xfa\xf34g\
gg\xb1~\xfdz\xe9\xa9\xdf\x95DUU\x0c\x0c\x0c\
\xd0\xd9\xc6\x95fyy\x19'N\x9c\xc0\xae]\xbb\xa0\
\xea\xb7\x18Q\x14\x05\xaa/\x80\xef\xff\xf0\xe7\xf2\xcf\xb9\
\xf4\xd5\xb3,\xac\xcd\x08\x1a\x15\x98\xea\x89\xa5ya_\
\x84\xc6\xaaa\x9b\xdd\xd6\xe9L\x85\xe1\xb2\x83\x86\xc8D\
\xb1\xbf\xcf\x97[\xf4p\xf3\xecU\xf5\xd1\x1a\xb1\xfc#\
@\xc0\x1f@ P\xbd\x97\x9fy\x05\xfc\xccK\x10\xa3\
\xbd\xfc\xa6\x17\xeb\xb3\xe6f\xed\xee\xf2\x8b_\xd6|\xa6\
>\xe8\xf9\xda\xdb:p\xf3o\xf7\xe0U\xaf\xba\x1a\x00\
\xf0\xe4\x93O\xe0\x86\xb7\x5c\x8f\xd1\xd1Qv\x80\x9d\xd7\
\x02\xdbU\x85\xfd|$23\x92|\x02\x93\x00\xf3J\
\xc7\x07\xb9\xcba\x82I\xc79t\xf2\xf9<FFF\
0<<d\xfb\xe0\xf6`0\x88\xad[\xb7bzz\
\x9a\xde_\xe8L\x87\xe8\xf7\xe8:x\xf0 \xba\xba\xba\
\xe8\x05\xeb,\xe9t\x1a\x03\x03\x03\xd8\xb0a\x03=\xc8\
\x05\x83A\xc4\xe3ql\xdc\xb8\x11\xcd\xcd\xcdhll\
,\xf9\x94\xa3\x19c\xe6\xa2\xa1\xa1\x01\xaf~\xf5\xab\xf1\
?\xff\xe7\xffDKK\x0b\xa6\xa7\xa7\xa9\xdf\x0c\xd1o\
_\xa1\xea\xd7r\xf9\xfd~\xf8|>466\xa2\xa7\
\xa7\x07\x0b\x0b\x0b\xd4O\xf4{Ae2\x19\x04\x98\xa2\
\xa7\x96\x18\xb33\xa1P\x08333hllDo\
o\xaf\xb0\x0f\xc6\xf2\x14\x0a\x85UsCS3F\x7f\
\x1a\x1a\x1a\xb0\xbc\xbcl\xb1\xad\x14\x0d\x0d\x0d\x88D\x22\
\x98\x98\x98\xa06UU159\x81'\x1f\x7f\x14\x00\
\xb3.\x96\xbc\x13)\x0fk3\x82F\x05\xa6z\xc25\
\xcf\xf5\x85ST\x95\xdaf\xaf\x12e|d\xe5\x9d\x88\
\xd73\xb3\xa7\x09\xab\x8b\x91U{\xd1\xa2\xce\xfc\xaa\x12\
4%\x9b_\xda\x06+\x12\x0b\x85\x0a\xd6(\x0e\x95b\
\x0de\x12IrF\x22\x11\xfc\xe6\xe6[\xf0'\x7f\xf2\
\x1a\x00\xc03\xcf\x1c\xc0[\xder\x1dN\x9e:%\x0b\
)\xe2B\xe0\xba\xd8\x82<\x9f\xc4,@W\x09\xc4\xee\
s\x98\x90\xa6\xe3-\xb9\x5c\x16\x9d\xed\xcd\xf8\xd4\xff\xf7\
\x09\xf8\xfd\xda\xd7\xe9e\x14\x0a\x05\xb4\xb4\xb4 \x99L\
\xae\x8a\xfb\x1dU\x03\x9f\xcf\x87\xc1\xc1A\xa4\xd3i\xf4\
\xf7\xf7\xb3n\x8a\xf1p\xf1\xb6\xb66Z\xb0\x19\xd7V\
\xf5\xf5\xf5\xd1k\xe1\x8e\x1e=J\xbf\xa8P.\x8a\xfe\
m\xc5\xfe\xfe~\xbc\xf7\xbd\xef\xc5\xc5\x17_\x8c\xb1\xb1\
1zJ\xd3\x9c\x9b\x10\xed4\xf1\xd8\xd8\x182\x99\x0c\
\xbd%\x82qJ\xd1\x98\xf9PU\x95\xc6\xb3\xa7!k\
\x0d!\x04\xd1h\x14\x81@\x00\xa9T\x8a\x16\x83\x22\xfc\
~?\xc2\xe10\xe6\xe7\xe7\xa1\xae\xe05U\x22\x8c\xcf\
\xa5\xbd\xbd\x1d\xf9|\x1e\x8b\x8b\x8b+\xdeGEQ\x10\
\x8dF155E\x8b\xf3|>\x8f@\xc0\x8f\xd3\xa7\
\x87\x8a\xdb;\xbf\xe9W\x15\xf3~\x8a\xdf\xe70ok\
\xd8\x0f;\xb8\xfeq\x06\xb3\xa3v8f\x17\xf6\xc9=\
\x15\x86kH\xb6O'\xdco\x0d5-\xb6\x8a\x9f\xac\
e\xe6\xa4F3i\xe6\xf5\x88\x98\x0dR\xb8\x08!\xb6\
*\xa1\xd1\x1d\xc2\x9c\xe6\x0f\x82s\xf2\xf8|>\xfc\xea\
\xd77\xe3\x0do\xbc\x0e\x00p\xe4\xf0a\xbc\xf5-\xd7\
\xe1\xd8\xb1\x17X\xa9\x86mN\xeb\xe7d\x8bC\x1f%\
f\x01\xe2\x95\xcf&\xb5\x18S\x00\x9fN\x9eM\x9b\xbd\
\x09\xe0\xb9\xe7\x8f >?\x8f56\xc5\x07\xf4\x1d}\
$\x12AGG\x07N\x9f>m\xb9^\xe7L%\x97\
\xcb\xe1\xf0\xe1\xc3\xd8\xb2e\x8bpy\x88~\xd7\xf5\x91\
\x91\x11\xf4\xf5\xf5\xc1\xa7\xdf|4\x97\xcbapp\x10\
/\x7f\xf9\xcb\x11\x08\x04\xe8-9\xc6\xc6\xc6@\xaap\
3PUU\x91\xcf\xe7\x11\x0e\x87\xf1\xb6\xb7\xbd\x0do\
{\xdb\xdb\x10\x0e\x87\xb1\xb8\xb8\xc8\xcd\x80\xf9|>\x04\
\x02\x01z\xcf0EQ\xb0\xbc\xbc\x8cT*E\xfb\xab\
(\x0a\x96\x96\x96\x10\xd0\xef\x05Vo\xb4u-Hg\
\x06e}(\x14\x0a\x88D\x22H&\x93+^\xd8\xc8\
PU\x15\x81@@\xf8\xa5\x8czC\x08\xc1\x9a5k\
@\x08\xb1\xdc\xf3+\x10\x08\xe0\xde\xbb\xefD:\x95B\
!_\xc67\x1eK@\xbc\xa6\x0b\xf69ba\xcd\x11\
\xf4D`\x80LYU\x1c\xb3;\x0a\xea\x00\xb3\xef*\
eT\xb4-\xd6\x880\x17X\xec\x8b\x8d,\x19S#\
\xc6\x81\xdbt\xe7wZd\x99_\x15bI'k\x83\
k\x87uZ\x05\xac\xc7\x9c\x9f7\x0aSp\xb0R\xeb\
K\xff\x8d\xfd@l\xe0s\x14_?\xfb\xf9/\xf1\x96\
\x1b\xde\x0a\x008~\xfc8\xde\xfa\x96\xebq\xf0\xf9\xe7\
y\xa1\xa9}\xfe\x9f\x046\x07#d]\xd2<\x10,\
\xaf\xbe\x0e\xb2/Gt\xa1)\x8d)\xd6]6B\x80\
B\x81 \x10\x08\xe2{\xdf\xfb\x0e|\xaa\x8aXc\xa3\
\xab\xa2\xa1\xa3\xa3\x03###\xdc,\xcc\x99\xc8\xd4\xd4\
\x14\x0a\x85\x02\xfa\xfb\xfb\x85\xcb\xa2(\x0a\x16\x16\x16\xe8\
s\x0cs\xb9\x1c|>\x1f&&&\xd0\xdb\xdbKo\
\xaa\x9aJ\xa5\xb0c\xc7\x0e\xf8\xfd~$\x12\x89\xaa\x1c\
\x94\x8d\xf1-\x14\x0ax\xc9K^\x82\xbf\xfe\xeb\xbf\xc6\
\xb6m\xdb0;;\x8bL&C\x8b\x13B\x08\x1a\x1b\
\x1b\x91\xcf\xe7q\xf8\xf0a\x0c\x0d\x0davv\x16\x81\
@\x80j\xf2\xf9<R\xa9\x14\xa2\xd1hU\xfaV\x0e\
\x81@\x009\xfdy\x8d\xb2\xc2\x8a\x10\x82p8Lo\
Y\xb1R}\x95a|&\xcd\xcd\xcd\x98\x9c\x9c\x14\xde\
\xf7l%0\x9ef`\x10\x0c\x06q\xfa\xf40N\x0e\
\x9c\xa0\x05x\xb5\xe1\xf70\x92\xfd\x8e\xc0T\x0f\xb8f\
%\xdd\x93\x18\xab\x82\xb9Ii\x0b\x8e\x02wT!E\
\xc5\xa8\xfc\x01\xa9\x1c\x8a\x19\xe8?\xc1\xa3u,\xb5C\
\xf9\x8d\x01Fk\xec\xf1Y\xd4\x86!\xb4,\xa5\xf8e\
\x14\x16\xc2\x17\x97\x93y\xd9\xc0J\xad/A\xc7-/\
y~>\x97D\xca\x08~\xf8\xc3\x9f\xe0\xcf\xdf\xfe\x17\
\x00\x80\xa1\xa1!\xdcp\xc3\xf5\xd8\xbf\xff)A\x89%\
\xc8\xc66fz\x09L\x96\x970\x09\xb7\xbc\xfa\xbab\
\x1b/\x81O\xe5\xf0\xa9\x0a`\xe3uY \xe0\xc7\x81\
\x03\xfb\xf1\xeb_\xfd\x02\x9b\xb7la\xa3\xa4ttt\
 \x93\xc9\xe0\xe4\xc9\x93\xf0\xfb\xfd5\xd9\xb1\xd7\x1a\xa3\
\xa89u\xea\x14\xbdg\x17{O$\xa3\x10\x98\x9a\x9a\
B(\x14\xa2\xa7ds\xb9\x1c\xc6\xc6\xc6\xf0\x8aW\xbc\
\x02\x8dz\xc1\x9a\xcb\xe5\xd0\xd6\xd6\x86x<\x8e\x81\x81\
\x01\x04\xaa|\x17tEQ\xd0\xda\xda\x8a\x1bn\xb8\x01\
oz\xd3\x9b0;;\x8bx<n\xd1466\x22\
\x16\x8babb\x02\xa7N\x9d\xb2\xcc\xe4\xa5\xd3\xda7\
\xdf\xaa\xdd\xafR0\xee!f\x9e\xa1aQ\x14\x05~\
\xbf\x1f\xa1P\x08\x89D\xc2\xf64\xf8J\xa1\xe8\x8f\x1b\
2\xee\xe7\xb6\xd2\x05\xa2\xa2(X\xb3f\x0d\x16\x16\x16\
\xe8\xb5r\xda\xf5}i|\xeb\x9b\xff\x81\xa6\xa6Fn\
\xdd.\x17\xf1\x9e\xc6dawGu^\xd5\x84\xcdr\
\x06\xb3\x91sT\x05\xc7\xccUl\xbeJi\xac\x07\x87\
2\xf3\x8a\xff\xa4r\xa48\x1alaUV/\x5c`\
NM\x0c\x83-\xee:#Uq\x0d\x96\x8e8T\xb7\
\x16\xab\x03\xd7\xb8\xea\x12+\x12\x0a\x09\xbe\xfd\x9d\xef\xe1\
\xaf\xff\xe7;\x01\x00\x13\xe3\xe3x\xeb\x0do\xc2\x13\x8f\
?\xc6\x0a]\xe4\xb2u1\x98\x96\xd9\x14\xe4\xa2\x091\
\xa6 ~(K\xc8\xe6\xf0q\x10B\x90\xcf\xe7\xf0\xe0\
\x83\x0f\xa2\xa7\xa7\x1b\xadmm\xae\xfe\x8a'\xfa\xe9\xa3\
\xcd\x9b7cpp\x90u\x9f1(\xfa\xa3y\xd2\xe9\
4\xba\xba\xba\x84\xa7\x90TUE<\x1e\xc7\xf0\xf00\
\xba\xba\xbah\x5c\x22\x91@\x7f\x7f?.\xbd\xf4Rz\
\x1a\xcd\xb8\x8e\xa9\xb5\xb5\x95\x9e\xee\xab6\x8a\xfe\xe8\xa0\
\x97\xbe\xf4\xa5\xf8\xf8\xc7?\x8e\x9e\x9e\x1ez\xcf.\xe8\
\x9f\x8d\xdf\xefG[[\x1b}\xf6\xa2Qhe2\x19\
\xc4b1\xe1\xa9\xd5za\x14\xb3\xb3\xb3\xb3\xb6\xb7j\
P\x14\x05\x0d\x0d\x0d\x98\x9a\x9a\x12~.\xab\x81\x86\x86\
\x06\xc4b1\x9c:uj\xc5\xfbG\xf4o\xc9\x12\xd3\
\xa3\xa3\x14EASc#\x86\x87\x061==-\x9d\
itB\xbe\x1fc\xac\xbc\xa0.\xc8\xfb\xc7\x1am\x95\
U\xc56{\xed\x9b/\x0f\xa6O\xe5vQ\xb2\x96\xb1\
\x83\xcf\xcefq\x85_\xc5p-\x9a\x0f\x88\x9c\xd36\
\x92\x15\xd8\xabX\x838\xdc\x166T{\xe9\xbf\xb1\x0b\
\xe22?\x9fO\x82\xad\xc8\xe8\x09\xfbO\xe3\xab_\xfb\
&\xde\xfb\xbe\xf7\x03\xfa\xbd\xc0\xdez\xc3\x9b\xf0\xd0\x83\
\x0f\xd8\xe4\xe3\x9b\x13Htt/\xbb\xec\xae\xe3\x19L\
\x01\xecP\x8ag\xb6$\xb0]*v\xcb\x06\x82\xb1\xb1\
Q\xdc\xf1\xfb\xdbp\xc9%/A\xc6\xe6`(\xa2\xb7\
\xb7\x17\xb3\xb3\xb3\x98\x99\x99){\xc7\xbeR\x10B\x10\
\x08\x040<<\x8ch4j{C\xcfS\xa7N!\
\x14\x0a!\x16\x8b\x81\xe8\xd7N\xcd\xcd\xcda\xfb\xf6\xed\
\xc8\xeb\x8f\xc0\x81^\xa8\x01\xc0\x8e\x1d;p\xea\xd4)\
\xe4r\xb9\x92\xc6\xb3\x14\xd2\xe94\xfa\xfa\xfa\xf0\x8ew\
\xbc\x03W]u\x15\x96\x97\x97\x91H$\x00\xbd\x1f\xc6\
7\xf1\x8c\x82\xd08(\x97r\xe7\xfcZa\xcc &\
\x12\x09i_\x08!\x88\xc5b(\x14\x0at\xb9V#\
---X\x5c\x5c\xac\xda\xacR\xb9\x10\xfd[\xa2\x8d\
\x8d\x8d\x98\x9b\x9b\xa3\xb3\xd1\x0d\xb1\x18N\x9d\x1a\xc0\x9e\
=7#\x1a\x0d\x83\x14\xc4\xe3-B\xbe\xc7a<r\
a\xcd\x116+\xdc]\x0a\x95U\x87k\x96\xc5\xd6Y\
:\x8e\xed\xb9\x85\xd0\x1f\xc5\xb7eb:\x12\x14?\x09\
\xfa\x9b\xe9\x00UQ+\x12\x8a-\xca\x0c\x22\xcc\x22\xb9\
\xd0V%u\xb8C\x9c\xdbd)\xa1\xc8\x82 \x9fm\
\x98\x83\x90-\xb2\x04\x12\x0b_\xfc\xd2W\xf0\xb7\x7f\xfb\
!\x00\xc0\xd2\xd2\x12\xdez\xc3\x9bp\xcf={\xa9\xdf\
\xa19\x13&\x95`\xf9\xdd\xe5\x10 \xc8c}\xe7.\
\xa3\xfbB\xcb\x8a1\x03q\xf7\xde\xbb\xb1\xbc\xb4H\xbf\
\xde\xef\x96|>\x8f\xb6\xb66\xf4\xf7\xf7cddD\
z\x10]\xadh\xa7d2\x18\x1c\x1cD__\x1f-\
\xaaXR\xa9\x14\x06\x06\x06\xb0f\xcd\x1a(\xfa\xe9\xa5\
l6\x8bt:\x8d\xad[\xb7r\xb37F\xd1p\xf0\
\xe0\xc1\x9a^0\xae\xe8\xb7\xa4\x88\xc5b\xb8\xfa\xea\xab\
\xf1\xbf\xfe\xd7\xff\x82\xa2\xdf\xc3\xcb\xe8\xa3\xf1\x8dF\xc5\
\xf4\x9cG\xe3\xf9\x8c+M,\x16C<\x1e\xb7]o\
\xfc~?b\xb1\x18ffflu+\x05\xd1g9\
3\x99\x0c\xa6\xa7\xa7\x85\xebO=!\xfa7J\x8do\
!\x13}6\xac\xb1\xb1\x11O>\xf18\x16\x16\x16\xb9\
\xbbN\xc8\x10\x8f\xb6`\xbf$\x16\xd6\x1cAOJ1\
b|l\x14\x9f\xfa\xdf\x7f\x87];7\xe0\xbc\x0d]\
\xd8\xb2\xa9\x07o{\xeb\x1b\xf0\xe4\x93\x8f\xd1u-\xb1\
\xbc\x8cw\xfc\xd9\x9bp\xde\x86.\xcbk\xdb\xe6~|\
\xee_>C\xff(H,/\xe3\xed\xba\xee\xde\xbb\xef\
\x04\x00\x1c|\xfeY\xec\xda\xb1\x1e\x9b7tY^o\
}\xcbk\xf1\xf4SO\xd2~\xdc{\xcf\x9d\xd8\xbc\xb1\
\xcb\xf2\xdaz^\x0f\xde\xfb\xeew\xe0\xe4\xc9\x13T\xf7\
\x89\xbf\xff\x10\xa7\xdb\xbc\xb1\x0b[6v\xe1\xde{\xb4\
6?\xf9\xf7\x1f\xc2\x16\xddf\xbc\xb6\x9d\xd7\x83\x8f~\
\xe8}\x98\x9a\x9a\xa4\xb9,\xd0\xe1\xe1\xc7\xa8\x5cT\x22\
\x9a\xcd\x12\x7f\x0e%cNE`-\xe6,\xedp\xed\
\xb1\x0e\xa1\x88\xf3\xd0\x17g\x90\xa6\x90\xc2\x86X\xc2\xd9\
\x05!\xa6b\xc3&?\x9bG*g\x05B1;\x9b\
e\x94[\x12\xd8<\xa6\xd7\xff\xfd\xfc\xbf\xe1c\x1f\xfb\
;@?\xe5\xf2\xd6\x1b\xde\x84\xdf\xdfq\xbbM6S\
0\xb3\xfc\xecPp\xdd\x96\xc1\x04\xf0\xc3j.'\xed\
\xb3r\x1f\x8d\x5c*\xc04\x9az`<\xbe\x80G\x1e\
y\x10\xeb\xd6\xad\xb3\x5c\xbc\xed\x06\xe3\x00\xbfn\xdd:\
LOO\xaf\xca{2\xd9\xa1\xe8\x8f\xe0\x09\x06\x83\xd2\
\xfb\x9a)\x8a\x82\xc1\xc1AD\x22\x11\xb4\xb5\xb5\xa1\xa0\
?(zll\x0c\x9b6mBkk\xabp\xcc:\
;;\xd1\xd4\xd4\x84\x5c.\xc7\xbaj\x02!\x04k\xd7\
\xae\xc5\xc5\x17_\x8c|>\x8f\xd1\xd1Q\xcb]\xed\x15\
\xfdF\xacj\x95\xefb_.\x84\x10455!\x9f\
\xcf#\x9b\x95?\xfa&\x9f\xcf\xa3\xab\xab\x0b\xe9t\xda\
V\xb7\x92\xa8\xaa\x8a\xbe\xbe>\xa4R\xa9\x15_\xff\x8d\
q\xcdd2\x98\x9b\x9b\x83\xcf\xe7C.\xf7\xffg\xef\
\xbc\xe3$)\xea\xfe\xff\xe9\xee\xc9yw6\xe7t{\
\xf9\x0e\xee\x8eC\x92\x80\x04\xe11\xa0\x12$\x99\x15}\
\xcc\x82\x8a\xf8\x98\x7f>>\xe6\x9c@1 \x19\x04\x15\
\x05\x09\x92\xe3q\xf9n\xc3\xdd\xeem\xceavr\x9e\
\xee\xdf\x1f\xd3U\xd7\xd3\xd3=\xd33;\x1b\xd0{\xdf\
\xab`\xa7\xc2\xb7\xaa{j\xba\xbe\xfd\xad\xaao%Q\
__\x8fg\x9ez\x02\xc7\xfa\x8f*\xf6W\x82\xfa\x13\
H\x16\xab\x9eqIQ\xacV{$\xe5\xc0\x81\xbd\xb8\
\xf8\x8dg\xe3\x9e\xbbo\x87^o\xc0\xeb_\x7f.\x1a\
\x1a\x9b\xb0g\xf7.\x5cu\xc5%\xb8\xeb\xce\xdb\xe4E\
p\xe6Yg\xe3\xca\xab\xde\x85\xd7\x9dv&x>\x85\
\xdf\xff\xeef\xfc\xe6\x96_\xe4\xa8%\x8d^o\xc0[\
/\xb9\x14o\x7f\xc7\x15\xa8\xafo\xc0\xfe}{\xf0\xa1\
\x0f\x5c\x83\xee\xaeC\x19\xf9\xca\xca\xcbq\xe9eW\xe2\
\xbf\xdet\x09\xca\xca\xca\xf1\xf4SO\xe0#\x1fz7\
\xa6\xa62\xfdVn\xda\xbc\x15\xef\xbc\xf2]\x19\xa1\xb6\
6s\x87:\xc9s\xfe\x05\x17\x83e9<\xfc\x8f\xbf\
\xe2[\xff\xef\xcbH\xa5\x94\x9eG\x99W\x90\xefz\xb4\
\xa0\xde\xc3\x0a@\xfa\x15\xd2\x90\x15!/\x05\x85\x0c\xaa\
\x19\xb3r\x08j\x91\xca\xc5\xb3\x90\x17\xc9\x0c\x92O\xf2\
Q\x5c\xe3\x83#[\xa6\x0a\xf2LY\x19I\x8b\xe4\xff\
\xf2\x90C\xa6<I\x00\xf0\x95\xaf\xfd?|\xee\xf3_\
\xa0y\xae\xb9\xea\x0a\xfc\xed\xaf\x0f\x1e/!^\xbb\x5c\
Q\x97\xcb\xd1\x8c\xfc\xb6f\xc8\x91KU\x90,F\xcb\
\xbf\x1a\x8d_\x8f\x88|SH\xfa\xda\xa4Ur\x1c\x87\
\xbe\xbe#\xd8\xbfo/l6[Q\x83r2\x99D\
MM\x0d8\x8e[\xd4\x9a\x92\x95 \x1e\x8f\xe3\xf0\xe1\
\xc3hmmU]\x03\x15\x8b\xc5077\x875k\
\xd6\xd0)\xc4D\x22\x81\xe9\xe9il\xd9\xb2\x05\x9c\x82\
\x17|F\xf4\x03V[[\x8b\xc7\x1e{,+})\
`E\xff]k\xd6\xacA[[\x1bv\xee\xdc\x09\x96\
e\xe9\xb9\x8e\x10\xbf+b\xf5Z\x8e6\xe5\x83\x11\xad\
\x88\xf9\xa6\x14\xc9nM2\x8d\xba\x1aq\xbb\xdd\xf0\xf9\
|\x88\xc7\xe3+\xae\x80\xb1\xe2\xf1L\xc1`\x10\x00 \
\x88k\x00\x8dF#\xba{\xba\xe9\xf3\x80\xa0\xfc$\x92\
=\xa3d\x1f\x97\x93\xacj\x15\xdb\xa2\x18\xa9H \xe0\
\xc77\xbe\xfa?\xf0\xfb}\xf8\xec\xe7\xff\x07\xaf\xee\xed\
\xc1\xefo\xbb\x07O=\xb3\x0b\xf7?\xf00.\xbd\xec\
J\xbc\xee\xb43\xe4\xc5\xf0\xee\xf7|\x10\xff\xfb\x7f?\
\xc0\x1dw=\x80\x9f\xfd\xf2V\x00\xc0\xeeW_AD\
\xa9\xffJ\x9aQYY\x85/|\xf1k\xf8\xde\x0f~\
\x8e\xa7\x9f\xdb\x83K/\xbb\x12~\xbf\x0f\xcf=\xf7t\
F\x915k\xd6\xe1\xab_\xff?\xfc\xf4\xe7\xbf\xc1S\
\xcf\xbe\x8a\x9d\xa7\x9e\x8ec\xc7\xfa\xb2\x94\xb4\x8b\xff\xeb\
\xad\xf8\xe6\xff\xfd #\xac\xdf\xb0I1\xcf\xafn\xf9\
#\xee\xfd\xf3\xdfa2\x99p\xe0\xc0^,,,\x1c\
\xcf\xa4p\xabr\xdf9\xedh\x1e\x05\xe4_[\xc6`\
\xa7\x14\xd4K*e\xcaJ\x91\x87\xac\x88\xcc\xe29\x91\
\x17;^T\x16\xab\xa4\x09\xe4@.S\xb5\x98<Q\
1\xa3\x5c\xb9:\xaede\xc9\x93\x22\x97') \x8f\
\xca'\xeb\xa6/~\x09\xff\xf3\xa5\xaf\xd0\xcf\xef}\xcf\
\xb5\xb8\xff\xde\xbb\x01\xc9-)\x0aI\xe5\xd2[\x9c\x95\
\xa8\xa1\x16\xf9W\xa4\x9d\xe3\xf2\x05\xaat\xc9\xf3d\x22\
\x88\xeb\x9d\xbe\xf5\xcdo\xa0\xbe\xbe\x1eF\xa3Q\x9eE\
\x13\xac\xe8\x87\x8a\xac\xfdZ\x0d\x83\xba\x16\x18\x86\xc1\xd0\
\xd0\x108\x8eCMM\x8d\xe24\x9c \x08\xd4\xc9\xa7\
\xd9l\x06\xc4\xeb\x1d\x1d\x1dECC\x03\x9a\x9b\x9bU\
\x07Z\x86a`\xb3\xd9p\xf0\xe0Ay\xd2\x92b\xb5\
Z\x11\x08\x04\xd0\xda\xda\x8a\xa6\xa6&D\x22\x11\xcc\xcf\
\xcf\xc3\xef\xf7\xd3iH\xb56/7\xc4\x97W>\xe5\
+\x95J\xc1\xe1p\xe4\x5c\x1f\xb6\x92\x90\xdf\x92\xd5j\
\xcd\x9a\x82^\x09X\xf14\x81\xe9\xe9i\xbaQ!\x16\
\x8b\xa1\xac\xcc\x85\xe7\x9f{\x06<\xcf\x1f\xdf\x9c!/\
\x0c\xa8\xc6.7\x8a\xcf\xc1\xac\x08\xa8E\xaa2<4\
\x88#G\xbaQ_\xdf\x80w\xbc\xe3\x8a\x8cM1'\
o\xdb\x81\xef~\xff\xa7hk\xeb\xc8(C\x10\x00$\
S)\xf4\xf7\xa5}H\xae[\xbf\x11f\x95c\xbfV\
\x03\x82 `xh\x10\xb1X\x0c\xeb\xd6m\x80\xdd\xee\
\x90\xe7P\xf8k\xf1\xa8*_\xc7\x87*\xb1\xc2\xac\x08\
54g\x04\xd4r\xc9Ede\xc8\x8frQI\xac\
\x5c\xc9\xd2PG\x81\xd95dLg J\x96fr\
4\x22G\x92\x0a\x92\x12\x02p\xc3\x0d\x9f\xc7\xd7\xbf\xfe\
M\x9az\xddu\x1f\xc0\x1dw\xfc)\xa3\x84f\x8e\x8b\
\x95\xb4I\xfaIc+\xa5\x8a~Q(L\xabk\x80\
eY\xec\xde\xfd*\x0e\x1c\xd8\x87\xd6\xd6\x96E\x0dj\
\x82 \xc0\xedvc||<c\xf1\xf9j&\x91H\
`rr\x12\xa7\x9cr\x8a\xaa\xe2e4\x1a1<<\
\x0c\xa7\xd3I-z<\xcf\xc3\xe7\xf3\xe1\xd2K/\xcd\
i\xe5\xe3y\x1eg\x9cq\x068\x8e\xa3\xee\x1d\x96\x1a\
\x86a\xe0r\xb9\xe0t:\xc1\xf3<\xdcn7\x0c\x06\
\x03L&\x13|>\x1fX\x96U\xb4\xd4\xad$z\xbd\
\x1e\x91H\x04|\x9e\xd3\x00\x88c\xd9|\xf9V\x02A\
\x5cWE\x8eNZi\xb7+\x82\xb8\xe6\x90eY\xaa\
\x0c\x0a\x82\x00\x83\xc1\x88\xd1\xe1A\x0c\x0e\x0e\x80\xd3\xe9\
\x14\x1e\x15\x0a\x0f\x10\x85\xa8\xa5D\xf5\xe9\xa9=2/\
\xd3\xd3S\x88D\x22hhh\x82\xdd\xee@,\x16\xc3\
on\xfe\x05\xfe\xe7\xa6\x1bh\xf8\xcd\xcd\xbf\xc8\xfa\xdd\
^\xf7\xc1w\xa1\xa3\xa5\x0ak\xdbk\xf1\x93\x1f}\x17\
\xef}\xffu\xf8\xcc\xf57f\xe4Qbvv\x06\xdf\
\xfe\xd6\xd7\xf0\xb9\x1b>\x8es\xce\xda\x8e?\xdf\x7f7\
\x1c\x0e'\xce:\xeb\x9c\x8c|}}\xbd\xf8\xfaWo\
\xc2'?\xfe!\x9c\xfb\xfaS\xb0\xeb\x95\x17\xd1\xde\xbe\
\x06\x1b6n\xce\xb8\xca\xef}\xe7\xffe\xac\xe9\xba\xe6\
\xca\xb7!\x1c\xce\xb4\x0a\x93<\x9dm\xd5\xf8\xcc\xa7>\
\x82\x8b.~\x0b\xbe\xfe\xcd\xef\x1d\x7f\xc9\x16\xe8\x7f\x8a\
\xbc\x8b\xb9\xa1OF\xe9\x17J\xeb\xcc\x88PC[F\
y\xae\x8c\xdc\x8a\x91\x85\xa1.B\x12\xab\x9c!'\x05\
\x15Qo\x84\x84\x02\xacZrT\x0a\xe4\xad2\x0b\x99\
\x09J\x0c\xe4\xcf\x8f\x7f\xf2\xd3\xf8\xd6\xff}\x97\xe6\xfe\
\xc4\xc7\xff\x1b\x7f\xf8}\xda\x84\xac\x8a\xfc\xda\x15\xadS\
\x05\xb4P\xd6\xc4\xc2I\xd7\x9e\xb6r\xc9\xd3\xf2\xc3\x0b\
\x02\x12\xf1(~\xf5\x8b\x9f\xa0\xad\xad\x15\x1c\xa7<\xe5\
V\x08\x0e\x87\x03V\xab\x15\xe3\xe3\xe3\xf2\xa4U\x87 \
\x08\xf0x<H&\x93\xb0\xdb\xed\xf2d@TN=\
\x1e\x0f\x22\x91\x08\xca\xca\xca\xe8`:33\x83\x96\x96\
\x96\x8c8%\x04\xf1\xb8\x9fP(\x84]\xbbv\xe5T\
\xd4J\x05#9y`hh\x08\xad\xad\xadt:\xd9\
\xe5reX<V\x0b\x1c\xc7A\xa7\xd3!\x14\x0a\xe5\
T\x0a\xf5z}\x86g\xfc\xd5\x04#\xd9\xf8\x90L&\
W\xdc-\x06yq(++\xc3\xd8\xd8\x18\x04\xba\x91\
D\xc0\xd4\xd4\x04\x0e\x1d\xdc\x0f\x83\xc4\xfd\x88X*\xf3\
\xcf\xec\x07\xdc\x92\xa2Z]\xce\x84\xd2\x90J&\xf1\xd4\
\x93\x8f\xe3\xee\xbb\xfeD\xc3SO>\x8e\x94l\xbd\xe6\
\x99g\x9d\x8d\xf3/\xb8\x18\x16\x8b\x05<\xcf\xa3\xb6\xb6\
\x0e&\x939oS\x12\x898\xfe\xf6\xd7?\xe3\xc1\x07\
\xee\xc5\xf8\xf8\x18N:y;~s\xeb\x1d\xd8\xb0q\
sF\xbe\x05\x8f\x07\x7f\xbe\xffn<\xfc\x8f\xbfba\
\xc1\x83s\xce=\x1f\xbf\xfe\xcdm\xa8\xae\xa9\xcb\xc8'\
_\xf3u\xee\x1b.\xc8z\x86o\xda\xbc\x15\xff\xf5\xa6\
K\xe0vW\x00\x00\x5ce\xe5(++K'\x0a\xf4\
?KF\xda\xc9\xaa\xb4#\x09P\x8a\xc8\x11\xb2ch\
\x90[\x1b\xd4B\x0e\xe4Y3\xc3\xf1\xb5:\x99\xa3\xb5\
\xb2r\xa1M\xa6B\x11y\xa4bH\xff\x91\xff\x9f\x02\
Y\xb2\x8e\x07\xb5K\x91\x06UaY\xf7B\xb2f+\
\x8f\x9c\x0f\x7f\xe4\xa3\xf8\xfe\x0f~L?\xdfp\xfd\xa7\
p\xcb\xcd\xbfR\x13\x9bu\x95\xe9+\x95\x07\x19r\x19\
\x92\xa0\x0dIm\x0ak\xb7\x04\x95j\xe5\xc8[)\x08\
\x80\xc0\xf3\xe8\xe9\xe9\xc2\x91#G\xb0n\xdd\xfa\x9cJ\
\x84\x16\x18\xd1\xefT}}=\x0e\x1e<H}\x0d\xad\
F\x04q\xfd\xcb\xc8\xc8\x08jjj\x14\x95\x22At\
N\xd9\xdb\xdb\x0b\x9b\xcd\x96\xe1'\xcb\xe7\xf3a\xdb\xb6\
m\xd0\xe9ty\x15\x19\x86a\xb0u\xebV\xf8\xfd\xfe\
e\x1b\x8c\x19\x86AMM\x0d\x86\x87\x87a2\x99`\
4\x1a\x91L&\xe9u\xae\xb6E\xeb\x0c\xc3h\xb2\x18\
\xb1\xe2.\xcd|\xf9V\x0aA\xdce\x98L&\x11\x08\
\x042\xa6\xb2\x96\x1bF\xdc\xd9ZSS\x03\x88k\x1b\
\x09V\xab\x15\xffz\xe2\x9f\xa2K\x19H\x1eT\xea\x8f\
\xb2R\x93\xf5L*>\xa1(*+\xab`2\x990\
66\x82@\xc0\x0f\x8b\xd5\x8a;\xef\xf9\x0b\x8e\x0d\xcd\
\xe0\x96\xdf\xa6gB\x94j{\xf7{>\x88_\xff\xe6\
\x8fx\xe8\xe1\xa7PUU\x8d\xdf\xddz3\xc6\xc7F\
3d+QW\xd7\x80\x17_9\x84\xfe\xc1\x19\xf4\x0f\
\xce\xe0\xfe\x07\x1e\xc1\xf6\x1d;\xe5\xd9\xb0\xf3\xd4\xd3q\
\xb0k\x10\xfd\x8338rl\x0a\xbf\xf9\xdd\x9dhi\
m\x97g\xcbZ\xf3\xf5\xc1\xeb>\x96\xb5l\xe4\xe2\xff\
z+~\xf2\xf3\xdf\xe0\x9f\x8f\xbf\x80-[N\xc6\xfd\
\xf7\xde\x89C\x07\x0e\x88\x17\x93\xbe\xa2\xc5\xdfIe\x84\
\xe3\x96/\xa5\xdb\x98\x89<GFny\x84\xba\x18U\
\xe4E\x8f\x8b\x90|\x92\x8f\xd0\x1a\xeb\xc8\x96\xa9\x82<\
\xa3J\x01\xb9\x92!U5r\x22\x97\xabR(G\x92\
\x0c1\x97\xfc\x9e\xc8\x0a+Di\xe2}\xef\xff ~\
\xfa\xd3_\xd2\xcf7}\xe1s\xf8\xf9\xcf\x7f\x22~\xca\
s\x11\x0a\x14\xf9\xf5\xc9H\xd7\x97V\xb8\x0a\xaa>\x8b\
\x8c\xa2\x12YdZ\xf0\xce;\xef\x84\xc3a\x87\xc1`\
\xc8\xabDhA\x10\xcf\x96\x0b\x87\xc3\x98\x9d\x9dUT\
jV\x03\x8cx\xdea \x10@UU\x95\xa2CY\
\x8e\xe3\xe0\xf1x0::\x8a\x9a\x9a\x1a0\xa2\xf3T\
\xbf\xdf\x0f\x87\xc3\x81\x8e\x8e\x0e\xcd\xd6\x8d\x0b/\xbc\x10\
\xa3\xa3\xa3\x08\x06\x83\xcb\xa60\xacY\xb3\x06\x91H\x04\
\x10\xd7K\x91k$\xd7\xce\xe68\xd0z%0\x99L\
\x88\xc5by\x8fc\xb2\xd9l\x08\x87\xc3\xabb]\x95\
\x1c\xf2\x02RVV\x86\xf9\xf9y\xc5~\xb5\x9c\x10e\
0\x91Hd\x9c\x80`\xb5Z\xf1\xca+/\x22\x9e\x10\
\xfb\xef2w\x03\xd5\xea\x0aO(\x9a\xa6\xa6\x16\xb4\xb4\
\xb4a||\x0c\x0f<p/\xfd\xaexA\xc0\x81\x03\
\xfb\xe4\xd93\x11\x80\x86\x86F\xec<\xf5tLOM\
f-\x9a_,\x8bx\xe4+\xe2*+\xc3\xd9\xe7\x9e\
\x8fD\x22\x8e\xbf?\xf4@\x89\xa5\xab\xc3\xe6\xaaH2\
\x1e)Gf%j'\xb7\x08I\x8az&Ur\xcb\
\x96\xa1)\xa3\x5c\xcd\xd2\x88\x86\x86\xc8\xb3\xa8d\x13\x91\
\xe5T( \x97\x95[\x9e\x0c\xa9h1\x5c}\xed\xbb\
\xf1\xab_\xff\x96f\xf9\xeaW\xfe\x07?\xfa\xe1\xf72\
\x8a\xa9!W\xb6\x8a#\xdd\xa0\xb4\xb2U\x98EK\x0e\
\xbd<\xa9\x8c,Y\xe9\x88\x80\x7f\x1e\x03\xc7\xfaQS\
SM\x8fF)\x05z\xbd\x1e\x1d\x1d\x1d8v\xec\xb8\
o\x9a\xd5\x84 .\x8c\xee\xe9\xe9\x81\xd9l\x86Ee\
\xa1,\xcf\xf3\x18\x1e\x1eFCC\x03u\xf2\xa9\xd3\xe9\
0;;\x8b\xf6\xf6v\xe8\xf5zy\x11UX\x96\xc5\
\xf4\xf44\xbc^oI\x94\x5c-\x90k{\xe1\x85\x17\
\xa8o\xafd2I\x15mA\xc5\x9f\xd9J\xc1\x8a\x07\
T\x93\xcd\x0dj\x90]\x8f\x1e\x8f'g\xbe\x95\x82a\
\x18X,\x16,,,hV\xce\x97\x0a\x86a\x90L\
&\xd1\xd8\xd8\x98\xe1\x02\x86\xe38\x18\xf4z\xdcw\xf7\
\x1d\xe0\xd8\xa5\xb7P\xab>\x8a\x08\xaa\x09\xc8\x95\xb0(\
\x5cee\xf8\xc4\xa7>\x0b\x96e\xf1\xfd\xef\xfe/N\
\xdb\xb9\x19\xef}\xf7;q\xc6\xeb\xb6\xe2\x81\xfb\xef\xc9\
\xfb\xbdq\x9c\x0e\xe7_p\x11\x00\xe0_O\xfc3k\
m\xd8R\xf3\xc8\xc3\x7f\xc3\x97n\xba!#<\xf3\xf4\
\xbf\xe4\xd9(g\xbd\xfe\x5c\xe8\xf5\x06\xbc\xf8\xe2\xb3X\
X\xf0\xe4\xbe\xe5\x8bD\x10\xff\xc3\xca\xbfx\x01*\x83\
S\x91\xad\x91\x17O\x07\xc9'\xf9\x08-hW\xb8\xb2\
\xe5\xaa\x14\x91gP\xcd\x9c\xa9d\x15\xa4n\xc9\xe5J\
\x0a\xc9\xa3\x15\xb2( \xbf'\xc7\xef\x8b\xd2m\xca/\
O\x86\x5cV\x86\xbcL\xa9\x97_\xf1N\xdc\xfa\xbb\xe3\
>]\xfe\xf7\x9b_\xc7w\xbe\xfd\xad\x0cq@vs\
\x8bC\xaah\x15\xafl\xd1\xd6K\xdb\xa3('\xf3Z\
y\x9e\x87\xddn\xc3c\x8f?\x09\x9f\xcf\x0b\x9bM\xdb\
\x01\xda\x85\xb0n\xdd:,,,,\xab\xa5G+\x1c\
\xc7aaa\x01\xa3\xa3\xa3hmm\x05\xa3r\x1e_\
8\x1c\xc6\xc2\xc2\x02\x9a\x9a\x9a\xc0\xf3<\xb5z%\x12\
\x09l\xda\xb4I\xb3\xf2\x92J\xa5\xe0t:\xd1\xd9\xd9\
\xb9,\x831Q\xee\xccf3N>\xf9d\x8c\x8d\x8d\
\xa1\xa1\xa1\x01.\x97\x8b\xfapK&\x93y\xd7W-\
7\x0c\xc3\xc0n\xb7#\x18\x0c\xe6\x9c\x16\xe58\x8e\x9e\
\x9b\xb9\x5c\xfe\xd3\x0a\x81\xac\xfb\xb2Z\xadXXXX\
\x15\xfd\xdf`0\xc0\xeb\xf5\xd2g\x0e\xc30p:\x9d\
\xf8\xfd\xefn\xc9y\xaf\x17\x8b\xe2\xe3\x88\xa0\xf1y\xb5\
T\x08\x00.\xbc\xe8M\xf8\xe3\xed\xf7aM\xe7:\xcc\
\xcf\xcf\xe1\xb9g\x9f\xc2\xf6\x1d;\xf1\xf5o~\x07&\
\x93I^$\x8b\x93N\xda\x8e\xea\x9aZ\xec\xdd\xf3*\
\x86\x87\x07\xe5\xc9K\xca\xe1C\x07p\xcf\xdd\x7f\xca\x08\
Gz\xbb\xe5\xd9\xd2\x08@G\xc7\x1al\xd8\xb8\x09\xc7\
\xfa\xfbp\xe8\xe0~y\x8e\x92!\xfd\xc6\x18\x7f0\x92\
\xfe\x5c\xa2\xefQY\x8c,V9S^\x0a*\xa6)\
\xf3\x22.=G\xa1\x1cI9\x90\x94R\x11\xa0\x12\xad\
\x8d\xfc\xe2E\xd4S\x1fy\xf8\x1fx\xd7\xb5W\xd2\xcf\
\x9f\xfe\xf4\x0d\xf8\xd2\x97\xbf\x96\xa3\x84v\x04\x88\xda\xdf\
\x22\xc8(\x9eS\x96z\x22\xcb\xb2\xf0\x07\x02x\xff{\
\xae\x81\xd9l@mm\xda\xab{)\xe18\x0e/\xbf\
\xfc2\xea\xea\xeaPWW\xb7\xaa\x06y\x008|\xf8\
0<\x1e\x0f^\xf7\xba\xd7)N\x0d\xb1,\x8b\xfe\xfe\
~\xcc\xce\xceb\xc3\x86\x0d\xd42\xd8\xd5\xd5\x85\xf5\xeb\
\xd7\xe3\xedo\x7f\xbbfk\xa1 \x9e \xf0\xf0\xc3\x0f\
#\x18\x0c\xe2\xf2\xcb/G4\x1a-\xb9\xd5\x86\x17\xfd\
v\xd9l6x<\x1e\x0c\x0d\x0d\xe1\xb9\xe7\x9e\x83\xc7\
\xe3\xc1\xda\xb5k\xe1\xf7\xfbq\xe0\xc0\x018\x1c\xe9\x9d\
]\x0c\xc3\xc0\xedv\xcb\xc5\xac8\xb3\xb3\xb3\xa8\xad\xad\
U\xb5H\x12k\x0e\xd9L`\xb1XJ\xde\x7f\x17\x0b\
+\xba\x22\x09\x04\x02X\xb7n\x9d<y\xd9\x11\x04\x01\
###p:\x9dp\xb9\x5c4npp\x08\xdf\xfd\
\xfeOq\xde\xf9o,\xb9E6\xe77\xa2\x9a\xa8\x9a\
P24\xd5\xa0)SiX\xf2\xaad\xbf\x8d\xa5\xac\
\x8f\xca\x16\xff`!\x14^#)\x92\x19\x88\x8dHn\
NQ0\xd1\xe4A\x9e]\xb5\x98<\x83Jf\xb9\x1d\
\xeb\xf8\xbf\xac\xac\x99\xc8e\xca\xe4\xcb\xa3\xf2\xca\x93\xe6\
\xcaq\x8f\xe4\xf2\xf2\xcb\x95 /\x94->;\x83\x96\
Z\x04\xe0\xa2\x8b\xdf\x84\xbb\xefy\x00:qJ\xe9\xc7\
?\xfe\x01\xbe\xfc\xe5/\xcas\xe6@r\xefe\x0b\xe4\
sU\xad\x04m\xb1\xe4\x16*_\x86<\xe1x\xa2<\
\x96\x17\x04p\x9c\x0eGz{q\xe4H7jjj\
K>p\x917k\xb7\xdb\x8d\x91\x91\x11\xb0,[\xf2\
\x07\xfbb G\x09\xadY\xb3F\xf5\xda\xe3\xf18\xe6\
\xe7\xe7QWW\x87D\x22\x01\x96e\x91H$\x10\x8d\
Fq\xe6\x99gRG\xabZI\xa5RtAy\xa9\
\x17a\x93)D2ew\xff\xfd\xf7\xe3\xd7\xbf\xfe5\
\xee\xba\xeb.z\xf4\x91^\xafGee%t:\x1d\
\x12\x89\x04\xf4z=B\xa1P\xc1\xd7\xb1\x94\x08\xe2\x06\
\x07\x83\xc1\x80@  O\xa6\xf0<\x0f\xa3\xd1\x08\xab\
\xd5\x8aP(\xa4\xfa\x1d\xae$\xe9]p\xb5\xe0y~\
U8\x85e\xc4\xf5\x8a\xd3\xd3\xd3\xd0\xeb\xf5\x10\xc4\x0d\
'V\xab\x19]]\x87\x00\xf1y\xb5X\xb2\x9f@\x0a\
\x09\x19\x89\xaa\x09%CS\x0d\x9a2\x95\x96e\xa9J\
V\xc1R\xd6'\x90\xffH*\xc9\xfbz)\xbf\xef\xe9\
\xb2\xf2\x98\xac\xd1]3\x0a\x92\xd4)0\xe3q\x15K\
#\x1a\xe4\xe7IV@RB\xa1\xb0\xbcJ\xedr%\
\xa8T\x91\x0e\xd91\x9a\x91\xe9\x86\x00p\xde\xf9\x17\xe0\
\xde{\x1f\x84\xc5b\x05\x00\xfc\xea\x97?\xc3\x17n\xfc\
lF\xb1L\xc4V\x10\xa7\xa6\x056AJF\xf1\x9c\
r\xd4+RM\x11\x00\x96a\x11\x0c\x04\xf0\xd5\xaf|\
\x11\x9b7o)\xb9\xf5\x05\xe2\x83>\x91H\xa0\xae\xae\
nU\xec\xfa\x92\xc20\x0c\xc6\xc7\xc7\xe1p8T\x17\
\xda3\xe2a\xd9\xd1h\x94N=\x08\x82\x80\xc9\xc9I\
\xac_\xbf\x1e\xb5\xb5\x85)\xac\xe4~\xac_\xbf\x1eF\
\xa31\xef\x82r-0\xe2T)\xcf\xf3\x98\x99\x99A\
WW\x17\xfe\xf0\x87?\xe0\xf6\xdboGww7*\
**\xb0c\xc7\x0ettt\xd0\xc1\x96\x17}~%\
\x12\x09p\x1c\x07\x8e\xe3V\xc5Q8\x04r=f\xb3\
\x19\xb1X\x8c*\x95r\x18q\x17\x1f\x99\xa2T\xcb\xb7\
\xd2\x10\xb7\x18\xc4\xc3\xfcJ\xc20\x0c*++\x91H\
$\x10\x08\x04\xe8\xbd./w\xe3\xa5\x17\x9f\xc3\xd4\xf4\
d\xd1/H\xaa\xcf\x1b\xe4J@\xae\x84\x92\x90\xb3j\
\x82\xa6L\xa5gY\xaa\xa4\x83\x91\xf81#\xb1\xb4(\
\xcb\x16\x94\xd6|eZ'\xb2-4\x8a#\xbc*\xf2\
l\xf2\xa09\xa3\x90\x99)\xf7?\x99l\xcd\xf2\xb3\xa3\
\xe4!\x1b1%\xeb\x1ee\xaeY*\xf0\xb6e\x22+\
\x94UU\xd6\x95k\xab!K\x8e<\xc8\x0b\x88\x9c\xf5\
\xfa\xb3q\xcf}\x0f\xc2\xe5J\xfbD\xb9\xf5\xb77\xe3\
\x86\xcf|B\xbc^yH\xcb*\x04\xdazY{\x94\
/K\x9e\x90N\x94\xc7\x10y\xd9\x91\xb4\x08\x18\x86\xc1\
\xdf\xfe\xf6\x17\xccLO\xa2\xb9\xb9YQ\xf9(\x15F\
\xa3\x11&\x93\x09SSST\x01Xi\x12\x89\x04\xc6\
\xc7\xc7\xd1\xdc\xdc\xac\xb8\xfeJ\x10\x1de\x1e=z\x14\
n\xb7\x9b\x1e7\x14\x8b\xc5\x10\x0c\x06q\xee\xb9\xe7\x22\
\x1a\x8df\x95\xcb\x87 \x08\xb0Z\xad\xf0z\xbd8t\
\xe8\x10L&SA\xf7\x83\xf45\x8e\xe3\xe8\x9a\xad\xae\
\xae.\xdc{\xef\xbd\xb8\xf3\xce;\xf1\xf4\xd3O\x83\xe7\
y466b\xdd\xbau(++\xa3J\x1f\x81\x11\
\x8f\xf0!\xb2\xccf3\x22\x91HA\xedXj\x04\xd1\
\x82\x97J\xa5rN\xcd\xf2<\x0f\xab\xd5\x9a7\xdfJ\
\x92J\xa5PYY\xb9*\x14DA\x10`0\x18\xc0\
q\x1cu\xb4K\x14\xdd\xf9\xb9YLMN\x82a\xd2\
\xf9\xb4\x22y\xacd\xa3\x9a({ \x95\x18\xcd\xd25\
e*-\x9a\xdbV\x0a$\xdf\xe3R\xd7Ie+T\
\x22\xeev\x94\x84E\xdc\x05\x99$m\x22\xf2fLg\
\x90\xab\x16\x9a\xc9Q@\xdeV\x95l\x0a\x88\xb9\x89\x86\
\x22)X\xb8,\x05\x14\x1a\xa5,7;&'\xd2f\
\x17PL\x89\xd7\xbd\xeeu\xb8\xe7\xbe\x07PUU\x0d\
\x00\xb8\xed\xb6?\xe0\x13\x1f\xff\x88<\x9bf2\xae/\
\xe7e)\xdc\x1c\x85\x94\xdc\x91\xca\xc4b1\xec\xd9\xb3\
\x1b\xeb\xd6\xad\xa3\xee&\x96\x02F\x9c\xe6hhh\xc0\
\xb1c\xc7V\xc5\x00)\x08\x02\x82\xc1 \x92\xc9\xa4\xaa\
sT\x96e155\x05\xbf\xdf\x8f\xea\xea\xf4\xf7\x0e\
\x00\xa1P\x08\xed\xed\xedE\xaf\x91b\x18\x06z\xbd\x9e\
Zk\xd4\xce\x90\x94#\x08\x02\x9d\xb2$\xd3\x96\x8f?\
\xfe8\xbe\xf6\xb5\xaf\xe1\x9e{\xeeA \x10\xc0\xda\xb5\
k\xd1\xde\xdeN\xa7\x15I9\x88\xf5\x12B\xa1\x10\x1a\
\x1a\x9b\xf0\x9e\xf7}\x10\xa9T\x0a\x06\x83\x01\x89Db\
I\x17\x5c\x17\x0a\xb1\xe8\xe9\xf5\xfa\x9cJ.\x897\x18\
\x0c%\xb1$.\x15F\xa3\x11\x89D\xa2h\xabR)\
\xd1\xe9t\xa8\xaf\xaf\xc7\xf4\xf44]\xf3\x97\xe2y$\
\x93\x09\xdc~\xdb\xef\xe1p85\xbd\x8c\xe5}\xd4(\
&\xe6-\xb5h4K\xd7\x9c\xb1t,k\x95\x0a\xcf\
\xb5\xa5\x22_M\xc7\xd7|\x15\xf9\xfdk.*\xafG\
\xb5P:An\xcb\xd1L\x1e\xf99\x92r \x96\xa0\
f\x98l\x01\x0aQ\xda\x91\xb5Y~\x09\xc7\xe5*\xc7\
\xe6#G\xb3\x0b$-!m\x1d\x00N>y;\xee\
\xbe\xf7\x01444\x02\x00\xee\xb9\xfbN|\xe4\xba\xf7\
\xcb\x0b\xa9B\xafD\xd3e)'\xaa\x16S\x8cTF\
\x00\x90L%q\xe4h\x17v\xbf\xfa\x12\xaa\xaa\xaa\x14\
\x95\x8fR\x22\x08\x02\xaa\xaa\xaa\xc00\x0cfggW\
t\x80$\x16\x95\xde\xde^TWWC\xaf\xd7+\xb6\
\x87\xe7y\x1c9r\x04\xf5\xf5\xf5\xd4I\xacN\xa7\xc3\
\xdc\xdc\x1c:;;\x8b\x9e>eD'\xa2\xa7\x9cr\
\x0a\x0e\x1f>\x8c`0\xa8X?\xc4\xb6BT\x04y\
\x9eG4\x1a\xc5K/\xbd\x84\xdbo\xbf\x1d\xbf\xfa\xd5\
\xaf\xb0\x7f\xff~\xac]\xbb\x16\xa7\x9f~:\xea\xeb\xeb\
\x01\xc9\xba/5\x99\x0c\xc3\xe0\xc8\x91#\xf8\xfa\xff\xfb\
\x0e\xda;:\xc1\xb2i\x0b\x1a\xb7\x8c\xc7\x1e\x15\x82\xd1\
h\xc4\xc2\xc2B^e\xc0j\xb5\xc2\xef\xf7/y_\
.\x16\x93\xc9\x04\x9b\xcd\x86\xd9\xd9\xd9\xa2\xfbN\xa9\x10\
D\x8f\xf7d\xfd\x22\xc30\xe0S)\xd1\x22\xebA0\
\xe8\x07\xcb\xaa\xb71\xef\xe3F5\x83bdIP}\
6\xca\xd1\x9c\xb1\xb4,\x7f\x95\x99\xb5-e\xdd\xb9e\
\xa7S\x15_\xb7\xa5\xdfE\xbe\xa0\xb9\x80\x981\xff?\
I\xf6\xe3\xc54\x07\x85\xa8\x8c\x90S(\xd5R\x8e\x07\
\xa2hH\x95\x17\xa5\x90\x93\xdcU\x88I\xf2;\xa0\x14\
\xb2\xc9\x92\xa5\x10\xb4#\xb6 k\xeaP}\x0aq\xd3\
\xa6\xcd\xb8\xfb\xde\x07\xd0\xda\x96\xf62\xfc\xc0\x03\xf7\xe3\
\xfd\xef\xbb\x96\xa6\xd3\xd6+\xb5\x8b^\x96\xfc:\xb3C\
V\x8c\x5c\x86<( \xcfB\xee7\xcf\xa7`wX\
\xf1\xe8#\xff\x84\xc3\xe1\xd0lyY,F\xa3\x11u\
uu\xe8\xed\xed\xcd;\x90.%,\xcbbnn\x0e\
\x1e\x8f\x07555\xaa\x83\xb5\xd7\xebE$\x12A]\
]\xfa(\x0f\x8e\xe30??\x0f\x8b\xc5\x82\xb6\xb6\xb6\
EY0x\x9e\x87\xc5bA__\x1f<\x1eO\xd6\
`L\xfa\xa0\xc1`@(\x14Bww7\x1ez\xe8\
!\xdcv\xdbmx\xfe\xf9\xe7\x11\x0e\x87\xb1v\xedZ\
\xac_\xbf\x1e\xe5\xe5\xe5\x19~\x9b\xf2\xe1\xf3y\xd1\xb1\
f-6o\xd9\x8a3\xce|=j\xeb\xea\xe8\xe2\xf6\
x<\xaeY\xcerA\x0e\xfe\xcee\xfd\x82\x98o\xb5\
Y\xef\xe4\x98L&\xf8\xfd~@\xfc\x8eW\x0aAt\
\xb8j\xb7\xdb3\x5c`\x18\x8dF\x1c\xe9\xed\xc6\x0b\xcf\
?\x07\xab\xd5\x0aA8~\xd8\xb6\xea\xe3F\x9e\x983\
Ci\x90W\x97S\xb2\xe6\x8c\xa5eE\xaa\xa5\x15\xa6\
\x07\xda\xe5\xa8\x9f\xca\xce\xaa,\xb3f\xc6\xe7\x0f\x17\xde\
\xe55\x17Hg\xd4\x9c]N\x9e\x82y\x92U\x10K\
)\x14V\x88Z\x1c\xeaU\x89\xa8\xa7\xa8\x22)RD\
i\x05\xd2\x8a\x8d\xf8g\xd1\x0c\x0d\x0d\xe2]\xd7^\x89\
#\xbd=\x00\x80\x0b\xdfx\x11n\xfbS>g|\xea\
\x15*\xa6(F\xe6'\xbbX\xe6\x17\x93\xe2S0\x9b\
\xccx\xcb\x9b.Duu\x05\x9c\xce\xf4v\xf3\xe5 \
\x99L\xe2\xd1G\x1f\xc5\xd9g\x9f\x0d\xbb\xbd\xf4>\xc5\
\xf2!\x88o\xfc\xcf=\xf7\x1c\x18\x86\xc1\xe6\xcd\x99g\
\xa9\x91<\x00p\xe8\xd0!\xf0<\x8f\xb6\xb66$\x93\
I\x98\xcdf\xec\xde\xbd\x1b\x17\x5cp\x01\xb6o\xdf^\
\x92\xb6\xff\xe2\x17\xbf\xc0\xf9\xe7\x9f\x8f\x0d\x1b6\xd0\xdd\
\x86\x8c8\xd5\x16\x8f\xc7\xf1\x8f\x7f\xfc\x03}}}\xf0\
\xfb\xfd\xa8\xad\xad\x85\xdb\xed\x86\xd9l.J\xf1\x13D\
kX\x7f\x7f?>\xfe\xa9\xcf\xe2]\xefz\x1f\xa6\xa7\
\xa7\xf0\xa9O|\x04\xbb_}\x99\x9e\xa7H,\x94\xb9\
\xfb\xf2\xf2\xc1\x88\x9b\x1ex\x9eGkkk\xce\xfb>\
11\x01\xbd^\x8f\xc6\xc6\xc6\x9c\xf9V\x8ad2\x89\
\x9e\x9e\x1e455\xa1\xac\xac\xac\xa8\xef\xb1\x18\xa4\xdf\
'\xb1\x8cr\x1c\x87\xd9\xd9Y\xf8|>\xb4\xb5\xb5A\
\x10-\xbb\xe3\xe3c\xb8\xea\x9a\xf7\xe1\x93\x9f\xfal\xda\
\x12\xaa\xd6\x0fr\xde\xde\x9c\x89\x8bB\x93d1\xd3\xcd\
\xbf\xfa)\x1e\x7f\xfc\x11y\xea\x09d\xdc\xfb\xe7\x87\xe5\
Q\x9a\xa0\xdfE\xd6\x97\x92\x15\x01\xc6\xeb\x0fg\xc7\xca\
\xc9\x9fC$\x9dQsv9y\x0a\xe6I\xce\x81\xa4\
\xa4\x82\x10\x85\xa8\xc2Q\x10\x92\x1d\x95\x1d\xa3\x09\xb1X\
\x91\xa5\x15(\x8d\xc2%E\x0001>\x8ew_{\
%\x0e\x1d:\x00\x008\xe7\xdc\xf3p\xdb\x9f\xee\x96\x9d\
\xa9\x95\xbb\xc2\xac\xd4\xac\x88\xfc(\x17Q\xee\x03<\xcf\
\xc3\xe90\xe3k_\xfb\x06\xfe\xfa\x97\xfbq\xe6\x99g\
\x82\x17}B-\x07z\xbd\x1e\xcf?\xff<\x1c\x0e\x07\
\xd6\xaf_/O^r\xc8@\xfe\xf4\xd3O\xe3\xac\xb3\
\xce\xa2\xde\xea\xa5\x08\x82\x80x<\x8e\xdd\xbbw\xa3\xad\
\xad\x0d&\x93\x09,\xcb\xc2\xeb\xf5\xe2\xc8\x91#\xf8\xcc\
g>\xb3\xe8\x81\x93X\x1e\xfe\xf4\xa7?ann\x0e\
\x1f\xfe\xf0\x87\xc1\x8a\x8e[\xa7\xa7\xa7\xf1\xc2\x0b/`\
||\x1c,\xcb\xa2\xa9\xa9\x09\x0e\x87\x83.>'\xf5\
\x16\xfa\x9d\x09\xe2\x9a\xb1\x14\x0f\xfc\xf0\xc7\xbfDy\xb9\
\x1bz\xbd\x01\xffx\xe8A|\xf4\xbf?\x88\x8a\x8a\x0a\
\x04\x02~\x98\xcdf8\x1c\x8eU\xa5\xbc\xa4R)\xcc\
\xce\xce\xa2\xa3\xa3#\xe7z\xc1P(\x84\xf1\xf1qE\
\xa5z5 \x08\x02\x8e\x1e=\x0a\x9b\xcd\x86\xc6\xc6\xc6\
E\xf5\xa1|0\xe2.\xc6D\x22\x01\xbf\xdf\x8f\x99\x99\
\x198\x9dN:=M\xbe\xdf\xbe\xbe>\xd4\xd6\xd6\xd2\
\xef<\x1eO\xa0\xeb\xf0a<\xfb\xd2^\xd4\xd7\xa7\xbd\
\xe1g\xa1\xda5T\x13\x16MA\x92\x05\xe0\x1f\x7f\xff\
\x0b>\xf5\x89\xeb\xe4)'\x90QW\xdf\x80\xa7\x9f\xdb\
#\x8f\xd6\x84\xfa\xb8\x9a\x15\x01\xc6\xeb\xd3\xa0|\x01\xb4\
\xb0\xc6\xcc\xea\xe4\x10\x90#)\x07\xca\x83\xaa\x9c\x1cI\
\xf9\x91\x15V\x97\xa5\x9e\x92\x8b\xd2?\xd3%\xdfU\x09\
d+\x8aP\x8c\x04\xe6fg\xf1\xeew\xbd\x13{\xf6\
\xec\x06\x00\x9c~\xc6\x99\xb8\xedOw\xc3n\xb7\xd3<\
\x8aE\x15#\xf3\xa3\x5cL[\x9f\x00\x00\x8ee09\
9\x89w^\xf1\x0etv\xb6\xa3\xa2\xa2rI\x07\x00\
%\x16\x16\x16\xd0\xd3\xd3\x83SN9\x05:\x9d\xae`\
%b\xb1\x1c:t\x08\xd1h\x14[\xb7n\xcd\x9a\xfe\
$o\xff}}}\x98\x9f\x9f\xc7\x9a5k\xa8rz\
\xf4\xe8Ql\xdb\xb6\x0d\xe7\x9f\x7f\xbe\xe2\xeeH\xad\x08\
\x92\x1d\x86/\xbc\xf0\x02^x\xe1\x05\xbc\xf5\xadoE\
oo/FFF\x10\x0a\x85`\xb7\xdbQQQ\x01\
\xa3\xd1H\x07Qb\xb9*\x06A\xb4\xf8\x0d\x0f\x0d\xe3\
\xa27]\x82\x8f\x7f\xe23\xe2B{=\x8e\x1c\xe9\xc5\
\xfb\xdf{5|\xde\xf4\xf4S,\x16C]]\xdd\xb2\
\xf7\x8b|\xcc\xce\xce\xa2\xbc\xbc\x1cee\xe9]\xc7j\
\xf4\xf5\xf5\xa1\xa1\xa1Au#\xc5J\xc2\xb2,|>\
\x1f\x86\x86\x86\xb0n\xdd:\xe8\x0b8\x96J\x0b\xa4\xaf\
$\x93I\xf8\xfd~\x84B!\x84\xc3ap\x1c\x07\x9d\
NG7eHw\xd8\x8e\x8e\x8e\xc2l6\xa3\xaa\xaa\
\x0a\xbcxl\xd6\xa1C\x87\xf0\x83\x1f\xfd\x12\x17^\xf4\
\xa6t?\xc8{\x1b\xf3f(\x0a\xcdRe\x19\x0f\x1e\
\xd8\x87w^\xfef:\x05]S[\x07\x9b\xed\xf83\
\xf9\xdf\x07\xcdw('\x0f?\xfa\x9c<*'\xb4V\
\xc5\xea\x15#\xa5\xcaW\xfa\x7f\xca\xd94\xa0\xa1\xa0\x86\
,*d41\x0b\x95\xe8\xc2\x91\x09R\x97\xab\x9e\x92\
\x13q\xce\xb9\x94\x08%\x16\x9a%*+B\x8ar\xa2\
\xcf\xe7\xc3\xbb\xdfu%^~\xe9E\x00\xc0\x8eSv\
\xe2\xb6?\xdd\x8dr\xb7[\xadH^\x94\x8bIb\x95\
3(B\xb2\x0a\x82\x00\x96ep\xe7\xed\xb7\xe1G?\
\xfc..\xbe\xf8\xe2\x15Y\x1f\x93H$\xb0k\xd7.\
l\xda\xb4\x09v\xbb=\xa7%\xa3\x94\x08\x82\x80H$\
\x82]\xbbva\xe3\xc6\x8d\x8a\xd3\x9e\x8c\xe87\xea\xb9\
\xe7\x9eCSS\x13\xf5\x00\x1e\x0c\x06133\x83\x8f\
~\xf4\xa3Y\xeb\xb3\xb4\x22\x88\xfe\xb5\xc8B\xe7\x91\x91\
\x11\x1c=z\x14\x87\x0f\x1fFMM\x0d\xe6\xe7\xe7Q\
YYI\x17\xbf\x97\x122(\xf7\xf7\xf7\xe3\x17\xbf\xba\
\x15\x1b7m\x05\xa8\x9b\x06#>\xfa\x91\x0f\xe1\xa1\xbf\
\xfd\x05v\xbb\x1d^\xaf\x17\x15\x15\x150\x9b\xcdY\xf7\
g\xa5`\x18\x06\xd1h\x14\xf1x<\xe7)\x09\x0c\xc3\
`~~\x1eI\xf1\x0c\xc3\xd5H*\x95B__\x1f\
\xea\xea\xea\xe0t:Kr\x8f9\x8eC*\x95\x82\xdf\
\xef\xc7\xc2\xc2\x02U\xb8,\x16\x0b\xf4\xe2\xf9\x97d\xf7\
nEEE\xc6\xee]\xaf\xd7\x8b\xb1\xb11l\xda\xb4\
\x09\x10\xefa \x10@Mm\x03n\xf9\xed\xedt\xb3\
I6Jq\xc5Q\xb0\xa4\x1c\x05<\x9ey\xbc\xf3\xf2\
7cp }\x9e\xec\x8d7}\x15\x1f\xba\xeec\xf2\
lE\x91\xa3\xda\xe5E\xf6},g\xbb2\xeaR\xff\
\x90\x05+_\xe6]\x10\xa4P\x8e\x82\x1a\xb2( )\
%HV\xc9\xa9\xe4Z\x14\xd2\xaaT\xdb\xab\x9e\x92\x0b\
A\xbe\xc8\x5c\x9e\xa1\x08\x8e\x7f_ikA)\x84\xd2\
+\x93_fN\xd9\xca\x89\x02\x00\x87\xd3\x89\xbb\xeey\
\x00\xaf?\xfb\x1c\x00\xc0\xeeWw\xe1\xaaw\xbe\x03S\
\x93\x93\xf2\xec\xaa\xe4n\x86\x18\xab\x9e!\x0b\xb5\xac\x81\
@\x00w\xdf}\x07\xb6\xef\xd8\x91e\xf5Y.\x8cF\
#\xca\xca\xca088H\x17S/5\x82\xb8\xc3\x91\
\xac\x09r\xb9\x5c\x8a\xd7\xcf\x88\xbb1\x01\xd0i\x182\
\xa0\xb7\xb4\xb4(NSjA\x10\xd7\xd8\xd8l6\xec\
\xdf\xbf\x1f\xb7\xdez+n\xb9\xe5\x16<\xf4\xd0C\x98\
\x9e\x9e\x86\xc1`@CC\x03\x1d$K\x0d\xc7q\x98\
\x99\x99\xc6\xe9g\x9e\x8d\x8d\x9b6g\xdc\xf3T\x8a\xc1\
\x1b\xce\xbb\x08\x06\xa3\x11<\xcf\xe7u\xed\xb0R\xe8t\
:\xc4b\xb1\xbc\x9b\x0b\xecv;B\xa1\xd0\xaa\xdc<\
 \x88\xc7K\xd9\xedv\xcc\xcd\xcd\x15\xd5\x97 \xca\x11\
\xc4S\x00\x04A\xc0\xe8\xe8(\x8e\x1c9\x82\xa1\xa1!\
$\x12\x09\x94\x97\x97gXNI\x19\x9b\xcd\x96\xb5#\
\xd4j\xb5B\xa7\xd3Qk.\xcf\xf3p:]\xf0x\
\xe6133-\xa9\x95\xa0\xf4d)\x9e\x82%\xe5)\
\xf0\xd9\xeb?F\x15\xafk\xae}oI\x14\xaf\xd2^\
qiY\xceve\xd4\xa5\xfeA\x91\xc2\x9fj\xe4\xae\
\xe7\x91\xad!\x8b\x04\x89P\xa9\xb2%\x11 \x8d*L\
\xb6\x0a\xeaU\x1d\xcf\xa0\x92\xa2\x8a\xf4\x12\x0a(\x96\x8f\
,e\xab\xc0f)\x91!&\xaf<in\xe5\xcc\xf2\
X\xb3\xd9\x8c\xbb\xee~\x00\xe7\x9f\x7f!\x00\xe0\xc0\x81\
\xfd\xb8\xea\x9d\xef\xc0\xc8\xc8\xb0$W6r9\xc7\x11\
S\xa4\xf7@\x03\xb9\xb2r\x1c\x87\x97_z\x11\x89x\
\x1c\xb555\x8a\xca\xc7r\xc0\xf3<\xaa\xab\xab\xe1\xf1\
x\x96mp$\x16\xad\x99\x99\x19466\x22!\x1e\
\x13$'\x99L\xe2\xe0\xc1\x83\xa8\xae\xae\xa6S\xa2\x89\
D\x02\xc9d\x12\xa7\x9ez*B\xa1\x90b99\x8c\
\xb8\xc0\x99a\x18\xc4b1\x8c\x8c\x8c\xe0\x9f\xff\xfc'\
~\xf0\x83\x1f\xe0\x91G\x1eA8\x1c\xc6\x86\x0d\x1b\xe8\
\x1a\x1c\x96e\x91J\xa5\xc0q\x5c\xc9\x95\x1e\x86a\x10\
\x8f\xc7111\x89\xb3\xcf>\x07F\xc3\xf1\xa9.\x96\
e\x11\x89\x84q\xed\xb5\xefFmm\xfa\x14\x02\xa3\xd1\
\x88H$\xb2\x22VQ5\x04q:X\xaf\xd7#\x1c\
\x0e\xab~\x07\x82\xb8C\x94x\xc6/\xf5\xbd\x5c,\x8c\
x\x16\xa5\xd3\xe9\x04\xcf\xf3\x05\xff\x06\xc9\xf5\xc4\xe3q\
\xf8\xfd~\x0c\x0c\x0c\xe0\xe8\xd1\xa3\xf0\xf9|\xb0X,\
\xa8\xae\xaeFYY\x19\xedO\xd22\x82\xe8\xdc7\x95\
J!\x12\x89P\x99\xc4o\xdc\xf0p\xfaYE\x14\xb0\
\x80\xdf\x8b\xe7\x9e}R\xfc\x8d\xaa?\x0b\x8b\xa5(i\
y\x0a|\xe5K\x9f\xc7\xb3\xcf<\x09\x00x\xfd\xd9o\
\xc0\xd7\xff\xdfw\xe5Y\x0a&O\x95\xcb\x8bl\xb0]\
\xb1\xb6\x15Qq\xf6/V\xde\xaf\xe4\xa1\xb0l2$\
9\xc8MSP(\xe4\xb2\xd4\xe5\xe5@& \xa3:\
\x01\x12[\x9fZ\xc8\x81\xaa\xcc\xbc%U\xc9\xb0h\x89\
\x8a\x16\x09\x8b\x11L\xafH\xd6V\xe5K\x95'de\
\xc8J\xa19\xe4\x11BZ\xb9\xb9\xfd\xce\xfbp\xf1\x7f\
\xbd\x19\x00\xd0\xd3\xd3\x8d\xab\xde\xf9\x0e\xf4\xf7\xf7\xa9\xca\
\xcb\x8a-\xe0\xe6\xcae\xa9f\x17\x13\xe3\xb18\x9e}\
\xfa)TVV\xac\xb8e\xc3\xe5r\x81\x13\xbd\xc7/\
\x87\xc7{F\xb4hE\xa3Q\xb8\x5c.\xc5kg\x18\
\x06SSST9$V\x89h4\x8a\x86\x86\x06\x94\
\x97\x97+\x96\x03@\xfb.\xc30\xd0\xe9tH\xa5R\
\xf0z\xbdx\xea\xa9\xa7p\xd7]w\xe1\xbe\xfb\xee\xc3\
\xd0\xd0\x10\x9cN'\xd6\xad[\x87\xa6\xa6&\x84\xc3a\
D\xa3Q:\x05\xa4&\xbb\x14\xa4\x95\xcef\xbc\xed\xed\
\x97\x22\x1c\xc9\x5c\xaf\xc60,\x22\xd1\x08\xdex\xd1\x9b\
\x00\xb1\xfd\x8c\xcc#\xfej\x80(`D\x01V\xeb3\
\x0c\xc3\xc0`0\xc0\xeb\xf5\xe6\x982[9x\x9e\x87\
\xcdfC*\x95\xca\xab\xcc\x93>\xc50\x0c\x04A\x80\
\xdf\xef\xc7\xe8\xe8(\x86\x86\x860==\x0d\x86a\xe0\
p8\xe841\xab\xe1\xecT\x9dN\x87p8L?\
\x0b\x82\x80\x8a\x8a\x0aD\x22\x11\xaa\xb0\x09\x02\x0f\xb3\xd9\
\x84}\xfbv#\x16\x8b\xe6\x95\xa9\x95\xbc\xcf*9\x9a\
\x1epi~s\xf3\xcfq\xe7\x1d\x7f\x00\x00\xb4\xb5u\
\xe0\xfb?\xfc\x85<\x8b&\x0a\xa8r\xe9\xa1\x0d!\x03\
Yf\xf4r\x91Q_F\xc5\xda[\xa2\xd9\xc9\xaa\xc6\
l2T\xb4\x13\x99\x80\xe2d+ \x13\xa2,3;\
F\x13\x0a\x97\xb18\xd2R\xb2\x14\xacE\x0aW\x14\xa3\
I\x9er&Ey9\x13\xb2\xf9\xfd\x1f\xee\xc0%o\
{\x07\x00\xe0\xd8\xb1~\x5cu\xe5;\xd0\xdd\xdd%)\
&\x13\xa6Q.\xb47!+#\xc30\xf0z\xbdx\
\xf2\xc9\xc7\xe1v\xbbW|@2\x18\x0choo\xc7\
\xd0\xd0\x10RK\xe8]\x9f\xc0\xb2,^}\xf5UT\
VV\xc2`0\xc8\x93\x01q-\xce\xf8\xf88\xd6\xac\
YC\x07;\xbd^\x8f\x81\x81\x01\xac[\xb7Nus\
\x00i\xbf\xd5j\xa5\xeb\xaa\xfe\xf8\xc7?\xe2\xbb\xdf\xfd\
.v\xed\xdaE\x15\xae\x86\x86\x06\xb8\x5c.j\x95\x18\
\x19\x19ASSS\xc1\xc7\x0b\x15J2\x99D8\x1c\
\xc6\x8f\x7fv3\x22\x91xZ!\xa1\xddC\x00\xc32\
\x08\x86Bx\xe3E\xff\x05\x16\xe9\xeb\xe38nU\x1c\
\x02-E\x10\xa7\xec\xe2\xf18\xe2\xf1\xb8\xaa\xd2\x92J\
\xa5\xa8rS*\xa5\xa1\x94\x90>\xe4p8\x10\x8dF\
\xe5\xc9\x80x\xadD\x89L$\x12\x98\x9b\x9b\xc3\xe1\xc3\
\x87100\x80D\x22\x81\xb2\xb22\x94\x95\x95\xc1b\
\xb1P?}Z\xfa\x10\xb9\x87~\xbf\x9f\xde\x1bA\x10\
`\xb7\xdb\x11\x8f\xc7177G\xdbg0\x18\xb1\x7f\
\xefn\xc4c\x11\xf0|a\x16:9\x9a\x9eYr\x0a\
(\xf0\xc8\xc3\x0f\xe1;\xdf\xfe\x06 \xee\xa8\xfe\xfe\x0f\
\x7f\x81\xf2\xf2\xc2O\xa0(\xa0\xca\xa5GP~\xda/\
w\x1bKU_\xc6\xafUzi\xf2\x90\x1bIN\xb9\
\xb2\xa5\x9c\xab\x00\xd9*\xa8Tw<\xc8k\xd1X\x9b\
\x92\xdc\xecK)\x02\xb9EK\xecK\x8b@~e\x82\
jd\xbeR\xe9L\xf2\x18ZT\x1e\x99%S\x19i\
\xf6_\xdf\xf2{\x5cv\xf9\x95\x00\x80\xd1\x91\x11\x5c}\
\xe5;p\xe0\xc0\xdet\xaaF\xd9\xf2l9\xb2\xe6\xcc\
(\x08\x02\x0c\x06\x1d~\xfa\xd3\x1f\xa0\xba\xba\x0af\xb3\
YQ\x89XNx\xf1`g\xbf\xdf\x8f\xb9\xb99\xd5\
\x81\xb4\x140\xa2E+\x1c\x0e\xa3\xa5\xa5Eq\x90\x12\
\x04\x01^\xaf\x17\xa1P\x88\xee\x92cY\x16\xd3\xd3\xd3\
p8\x1c\xd8\xb8qcV~\xe9\xdf\x13\x13\x13\xf8\xeb\
_\xff\x8a\xdf\xfd\xeew\xb8\xfd\xf6\xdb\x11\x0e\x87\xb1c\
\xc7\x0el\xd9\xb2\x05\x06\x83\x81*s\x10\xdbC\x1c[\
VUU)o\xe5/\x11\x82  \x1c\x0e\xa3\xa1\xb1\
\x19\xd5\xa2C\xd9\xccgE\x1a\x96eQYY\x85\xce\
u\xeb\x91\x12\x8f\x1bJ\xa5R\x05O\x8b-%\x8cx\
LUJ\x5cX\x9e\xab\xcf\xe8t:$\x93I,,\
,\xacJ\xeb\x17\xc4\xb5iSSSYm\x13\xc4\x8d\
\x19\x1e\x8f\x07CCC\xe8\xeb\xeb\xc3\xcc\xcc\x0c\x1c\x0e\
\x07\xea\xea\xea\xe0p8\x16\xf5\xfb\xd5\xe9tY\xc7\x1c\
1\x0c\x83\xc6\xc6\xc6\x0c\xebW:_\x1c\x8f\xfe\xf3\x11\
X\xadE\xaeu\xcc~\x1c\xe5&\xbbk\xe6\xe5\xf0\xa1\
\x03\xf8\xec\xf5\x1f\xa5\x9f\xbf\xff\xc3_b\xcb\xd6\x933\
\xf2\xe4\xa2\x88*\x97\x01Y\x9fX-m\xa4\x0d(\xbc\
5\x19\x07kg#I\xcd\xd2F\x8e\x07\xb9\x92\xa2\x16\
\xf2\x22+\xa0P\xd5q\xe5E\xfc\x97U(Wm9\
\xe5f\xb6\xbf02\xa7\x09\x95Ca\x82\xe5W\x93\xd5\
\xce\xac\x0cD\xbe<\xe2xP\xbdc\xb9\xe4\x09\xf2\x96\
\x1dG\x9e-3\x88\x7fI\x1a\xfc\xb3\x9f\xff\x1aW_\
\xf3n\x00\xc0\xd4\xd4\x14\xae~\xe7exu\xd7+r\
\xb1\x0a\xb2T\x9a!\xcf\xa0\x90\xf9xOI\xff\xe3\x05\
\x1e,\xc7\xe2\xf0\xa1\xfd\xf8\xe7\xc3\x0fQo\xed+\x0d\
\xcf\xf3p8\x1chmm\xc5\xf0\xf0pQ\x0fv-\
\x08\xa2o\xab\xfe\xfe~\xac]\xbbV\xd1\xea%\x88\x8b\
\xe1'&&PQQA\x07uA\x10088\x88\
3\xce8##?\xcb\xb2t\xf1\xfe+\xaf\xbc\x82?\
\xfd\xe9Ox\xe0\x81\x07\xd0\xd3\xd3\x03\x93\xc9\x84-[\
\xb6\xa0\xbd\xbd\x1dF\xa3QU\xb1\x9a\x9f\x9fGYY\
\xd9\x92Z\xbdX\x96\x05\xc30\x98\x9f\xf7\xe0\x1d\x97\xbd\
\x13&\xb3\x09\xa2a+\x0b\x86aPUS\x83m\xdb\
OAJ\x5c{&\x88\xfe\xceV\x13,\xcb\xc2b\xb1\
\xc0\xe7\xf3\xa9\xde[\x86a\xe8\xe6\x86@ \x00a\x11\
.:\x96\x12\x93\xc9\x04\xb3\xd9\x8c@ @\xa7\x0b\xfd\
~?\xa6\xa6\xa6088\x88\xd9\xd9Y\xc4\xe3q\xb8\
\x5c.TTT\xc0j\xb5\x02b\xbf\x5c\x0cd]\xe1\
\xfc\xfc|\x86\x02[VVF\xcf;%\xf7\x8ce\x18\
<\xfe\xc4?a\x91x\xbbWC\xfeH\xd2\xd4\xca\x82\
\x0bd\xe2\xf5.\xe0\x86\xeb?F\x8f\xc5\xfa\xdc\x8d_\
\xc2\x9b\xde|\x89<\x1b\xa0PU\x91U.\x0d\xf2\xc1\
N26\xafT\x1b\xb3\xea\xa6\x1f\x8ak\x91\xe4UI\
\xfe\x15\xa8_\xad<\xe7\xa2P\xa9.[\xaer\xac\x16\
$\xdf_\x91\x122\xa1C\xb9T\xb1Z$\x19\xd7.\
\xbf\x119\xe5\xe7\xcf\xa8\x98\x92\xbbH^\xb2\x8bI\x04\
\xe6\xb8\xd9?\xf8\xe1O\xf1\xde\xf7}\x10\x10\xb7@_\
}\xe5ex\xf1\x85\xe7\xb47Gc\xc6\xe3\xaa\xa6,\
^\x10`4p\xb8\xf3\xce;`\xb3YK\xb6\xb5}\
\xb10\xe2\x9a\xa2\xb5k\xd7\x22\x10\x08 \x1a\x8d.Y\
\xbb|>\x1f\xbc^\xaf\xaawtFtc\xe0\xf3\xf9\
\xe0v\xbb\xc1\x8b~\xbd<\x1e\x0f\xdcn76l\xd8\
\x00V\xdc\x85h0\x18p\xf8\xf0a\xdcv\xdbm\xf8\
\xdd\xef~\x87\x97_~\x19\x06\x83\x01\xcd\xcd\xcd\xe8\xe8\
\xe8\xa0\xd3\x8a\xd2\x01L^W<\x1e\xc7\xec\xec,*\
++\x91\x14\xbd\xda\x97\x0a\xd2\xced2\x89c\xfd\xfd\
x\xe9\xa5\x97p\xeaig\xe0\xdc7\x5c\x00\x9e\xcf\xbe\
v),\xc3\xe2\xbc\xf3\xdf\x08\x83!\xed\x0a\x83\x13\xcf\
z,e\xfb\x16\x8b \xfaG#\x1b\x02\xd4\xdaF\xf2\
y\xbd\xdeE\xf9d[J\xf4z=L&\x13\x86\x86\
\x86055\x85\xfe\xfe~\x8c\x8e\x8ebvv\x96\xee\
\x08\xb6\xd9l\x05M+j\xc5l6S\xeb!y\xae\
\x1b\x0c\x06X\xadV\x04\x02\x010\xa2\xa5\xd6\xeep\xa0\
\xeb\xd0~<\xfa\xcf\x87a6[\x14\xdb\xa0\xe1\xf1\x94\
\x89\xc6g\x9a\x16>{\xfd\xc7p\xac\xff(\x00\xe0\xca\
\xab\xdf\x8d\x0f\x7f\xe4\x93\xf2,\xa5\xaaj\xe9P\xb9\xa7\
+IV\xfd4\x22+E3, \x1b,\x15:\x82\
Jtq\xc8\x84\xa9\xcb-\xb2V\xb9\xc2\x5c@Qu\
2\xad'\x856I\x8d\xac\xab\xd3,7\xab\xa4b\x8a\
\xa2l\xe5byQ/.\xc6('*\xf2\x7f\xdf\xfe\
>\xae\xbb\xee\xbf\x01\x00\xc1`\x00W]y\x19\x9e~\
:\xbd#G\x11\x8d\xb23\xbe#\x15X\x96EWw\
/\x9e\x7f\xee9l\xd9\xb2\xb5\xe0AH\xe9a\x8b\x1c\
\xf1\x85 \x08\x02]x?;;\x9bs\x1a\xa9\x18\x04\
q\xeapll\x0c\x8d\x8d\x8d\x8a\x0b\xfb\x05\xc9\xba.\
\x8e\xe3\xa8%\x8a\xe7yLOO\xe3\xf4\xd3O\x87\xc3\
\xe1\xc0\xf4\xf44\x9ey\xe6\x19|\xe3\x1b\xdf\xc0}\xf7\
\xdd\x07\xbf\xdf\x8fM\x9b6\xa1\xb3\xb3\x13n\xb7\x9bZ\
. *X\xb9\xee\xb3\xd7\xebEee%l6[\
\xce|\x85\xc0\x8a\x07${\xbd^twucjj\
\x1a\x17^\xfc\x16\xbc\xb8\xeb \xbe\xfa\xf5\xffMOU\
\xc9\x0b)\xb0q\xe3&\x94\x95\x97#\x99L[\xbf\xc2\
\xe1\xf0\x92Y%\x8bE\xa7\xd3\xc1h4\xc2\xeb\xf5f\
}\x9fR\xacV+\x8cF#|>\x9f<iE \
me\xc4\xdd\x84\xc1`\x10\xa9T\x0a\x8285l2\
\x99PYY\x89\x9a\x9a\x9a%\xb5\x88B\x5cs\x19\x89\
D\xb0\xb0\xb0@\x150\x96e\xe9z0b\xf94\x99\
L\x88\xc5\xa28tp\x1ft\xba\xccM\x0e\x1a\x1eQ\
K\xca\xd7\xbe\xfa\x05<\xfd\xd4\x13\x00\x803\xcf:\x07\
\xdf\xfc\xdf\xef\xd34\x8d\x8f\xd0\x95\x836P\xf6<Z\
\x8dm.Q\x83\xb8\x1bo\xfc\xe2\xd7\xe4\x91(\x9d\xfc\
4\x12a\xcar\x95c\xf3AK\x15W\x5c\x91\xb4(\
\x99\xc0E\xca\xcf*\x9e\x15\xa1\x95\xec\x8e\xa9\x88jB\
n\xb4\x15\x13\x15\xad\x02P\xca~\xce\x1b\xceG4\x1a\
\xc1\xab\xbb^A*\x95\xc2\x03\x7f\xbe\x17[\xb6\x9c\x84\
\xf6\xb6\x0eyVE\x8e\xcbT\x92\xaeL\xfaA)\xe0\
\x9f\x8f<\x84C\x07\xf7\xa3\xbd\xbd]u\xaa\x06b~\
\xa28\x10eB\x10=\x9e'\x93I\xa4R)j\xa9\
!\x96\x11y\xd9B`D\xf7\x0f\x82 `nn\x0e\
\xb5\xb5\xb5\xf2,\x8b&\x91H\xe0\xe8\xd1\xa3hjj\
\x92\x1d\xfb\x94\x86eYD\x22\x11\x1c:t\x08--\
-0\x99L\x00\x80p8\x8cp8\x0c\xab\xd5\x8a}\
\xfb\xf6\xe1\x99g\x9e\xc1\xcc\xcc\x0c\xdcn7:::\
PVVF\x07(\xe9\xa0\x9a\x8fT*\x85W_}\
\x15\x8d\x8d\x8d\xb0\xd9l\xf2\xe4\x82!uOLL\x00\
`q\xca\xa9\xa7\xe3\xbc\x0b\xde\x88/\x7f\xed\x7f\xf1\x86\
\xf3.\xa0;\xe04\x0d\xe4Bz\x91u*\x95\xc4\x13\
\x8f?\x0a\xab\xd5\x8ax<\x0e\x9dN\xa78]\xbbR\
\x08\xa2\xc2\x1c\x0c\x06\xe1t:s\xdew\x9e\xe7\xe1\xf3\
\xf9PVV\x963\xdfRB~/)\xd1\xc5\xc3\xdc\
\xdc\x1c\xe6\xe6\xe60??\x0f\x8e\xe3\xe0p8`6\
\x9b\xa9\xb7{\xd2\xce\xa5l/Q\xd6\x05A\x80\xd3\xe9\
\x04\xc4\xfb\xca\x8a\x1e\xf8m6\x1b\xfd}\xeb\xf5zL\
NN\xe0\x8c3\xcf\xa1}VCo:NA\x99\xb5\
q\xebo\x7f\x85_\xfe\xfcG\x00\x80\xe6\x96V\xfc\xe6\
\xd6;`\xb1\x88\xd3\xb2\xb2\xbc\xab\x0f\xe5\x16*\xc7.\
?\x19\xed\xa0\x1f\x16\xdf:\xee\xf3_PV\xbeT\x91\
\xd5\xa9\xde\x04\xf5\x94\xbc\x14>\xbek@b\x0f)\xb1\
\xf0,qY\x11j\xa8gTMQM\xc8O\xfe\xa2\
\xc5\xdf\xf8\x82\x8a\x89\x99_\xff\xfas\xc1\xf3)\xea\x09\
\xff/\x0f\xde\x8fu\xeb6\xa0\xb3s\xad\x98\xad \xa9\
\x99(\x14M%SH\xa5b\xb8\xf9\xd7\xbfBy\xb9\
K\xf5m\x9a\xc4\x19\x8dF\xc4b1\x84\xc3a\x0c\x0e\
\x0ebbb\x02ccc\xe8\xea\xea\xc2\xec\xec,\xfa\
\xfa\xfa055\x85\xb9\xb99LOOS_A\x1c\
\xc7\xc1h4\xd2\x85\xba\x85\x0c\x1a\x82\xe8>\xa0\xbf\xbf\
\x1fMMM%\xb3~\x09\xe2q:\xc7\x8e\x1dC(\
\x14Bss3\xa0\xd06\x86a022\x82@ \
\x80\xa6\xa6&\xda\x9e\xb9\xb99\xc4b1\xba\x19\xa0\xba\
\xba\x1a\x15\x15\x15\xc7\x07\x1f\x85\xfb\x98\x0f\x96e18\
8\x88X,\x86\xb5k\xd3\xdf\xf9b\x99\xf7x\xf0\x8e\
K\xaf\xc4\x8eSN\xc1\x87\xff\xfb\xa38\xf7\xbc\x8bp\
\xd2\xc9\xdb\xa0\xd3\xe92\x14CEdI\x828\xf5\xc4\
0,\xee\xbe\xebO0\x99L\xe0y\x1e\xd1h\xb4$\
\x8ab\xa9\x90*_\x06\x83AQ\xa9&X,\x16\xcc\
\xcf\xcf\xc3b\xb1,\xab\x02I\x14\x19b=\xf4z\xbd\
\x98\x98\x98\xc0\xc2\xc2\x02\x92\xc9$\xacV+\xacV+\
L&S\xc6K\xccrA\x14B\xbf\xdf\x0f\xa7\xd3I\
_$8\x8e\xc3\xfc\xfc<\x9d\x82L\xa5Rp8\x9c\
\xe8\xeb;\x82s\xce\xbd\x105\xb5\xb5\xb9\xfb\x14AC\
\x96by\xec\xd1\x7f\xe0\xa6\x1b?\x0d\x88\xcf\x9e[n\
\xbd\x03m\xed\xda^b\x97\x1d\x95{\xa5\x1c\xbb\xb2d\
\xb4I\xfdC\xd1p7\xe6S\xbe\xe4\x0f\xa4\xcc\x8f\x12\
\xd4S\xf2R\xfc\x98\xaf\x81\xd2\xac\xc9\x92\xa2(N1\
R\x09\xe5\x8c\xca\xb1\x12\xf2fPG\xb9\xa8$V9\
CN\x0a*\x92#\xf3\x19g\xbc\x1e\x1c\xc7\xe1\x85\x17\
\xd2gi=\xf4\xb7\x07\xd1\xd6\xde\x8eu\xeb7\xc8\xb3\
\xe6'G=\xbc \xc0b\xb5\xe1\xef\x7f\xfb+\x1e{\
\xf4a\xacY\xb3Fu}\x11\x99\x8e\xdb\xbbw/v\
\xed\xda\x05\x86a033C\xadR\xb5\xb5\xb5p\xb9\
\x5c\xb0Z\xad(//G2\x99D$\x12\xc1\xe0\xe0\
 \x06\x06\x06\x10\x8f\xc7\x11\x0e\x87\xe1t:\xe9\xa0\xaf\
\x15\x86a\xa0\xd7\xeb1;;\x0bA\x10P^^^\
Py5\xc8\x9b\xfd\xbe}\xfb\xd0\xda\xda\x9aq\xd6\xa6\
\x94d2\x89\xfd\xfb\xf7\xa3\xad\xad\x0d\x16\x8b\x05\xc0q\
\xc5\xcd\xe1p\xa0\xb1\xb1\x91\xeeVT\xbaw\x85\x10\x89\
Dp\xec\xd81l\xd8\xb0\x01f\xb3Y\x9e\x5c\x10\x82\
h\x91\x1c\x1e\x1e\xc2\xf7~\xf03l=y\x078\x9d\
\x01:\x9d\x86\x81\x5c\xe5\xf62\xa2\x03\xd0\xba\xbaz\x8c\
\x0c\x0f\xa1\xb7\xa7\x1b&\x93\x89Z\x00K\xa5\x18/\x16\
\xf2=\xf0<\x0f\x96es\xdeK\x86a\xe8K\x02Y\
\xb0\xbe\xd40\xa2\xaf\xb4@ \x80\xb1\xb11\x8c\x8f\x8f\
#\x12\x89\xc0b\xb1\xc0\xe5r\xd1~V\x8a>\xb5\x18\
\x0c\x06\x03\xc2\xe10\xccf3\xf5\x84O,\xde\x1e\x8f\
'\xe3\x0c\xcdX,\x8e`(\x88\xb3^\x7f\x8ez\xbb\
U\xfaU)\xe9\xee>\x84\x0f}\xe0Z$\x93i\x1f\
t?\xfc\xf1\xaf\xf0\xfas\xce\x93g[yr<\xc3\
\xd4SV\x0e\xf56\xa9\xa7\x14J\xb6\xf2%\x93\xad^\
\x95z\x8a&\xc4\xe2\x8b\x94\xa2\x80h/)\xb1\xe0\x0c\
q\x9ae\xe7\xce\xa8\x9a\xaa\x9a\x90\x9f\xfcE\x8b\xbf\xf1\
\x05\x17\xd1X\xe0\xd4\xd3N\x87\xd9l\xc1s\xcf>\x0d\
\x00x\xf8\x1f\x0f\xa1\xb1\xb1\x09\x1b7m\x96g\xcd&\
O\x1d$\x99a\x18\x08\x00n\xb9\xe5\x97\x10\xf8d\xd6\
\xf6tF\x5cd\xee\xf1x\xd0\xdb\xdb\x8b\xc3\x87\x0f#\
\x12\x89\xa0\xae\xae\x0e6\x9b\x0d\x95\x95\x95p8\x1cp\
8\x1c\xd0\x8bg\xc3\x91\xb7t\x9b\xcd\x06\xb7\xdb\x8d\xaa\
\xaa*TTT\x80\x11\xadG\x03\x03\x03XXX\x80\
\xd9l\x86\xc1`\xd0\xfcFO\xa6\xc5\x0e\x1d:\x84\xce\
\xceN\x08ELa\xcaaY\x16\xc3\xc3\xc3\x98\x9c\x9c\
\xc4\xbau\xebT\x15\x87\xf1\xf1q\x04\x83A\xb4\xb5\xb5\
e(\xa7\x1c\xc7A\xaf\xd7\xd3E\xdd\x8bm\x0f\xc4\x83\
\xa1\x83\xc1 \xda\xdb\xdb\x17\xad`2\xe2n\xb5\xb7\x5c\
r)\xce8\xf3l:=\x98\xb3\x9d\x1a\xaa\x14\x04\x1e\
\x0e\x87\x0dc\xa3cx\xf9\xa5\xe7\xc1q\x1cu\xb6\x9a\
\xcb\xc2\xb4\x120\x0cC\x0f!\xcfu\xdd\xc4J&\xff\
\x0d\x94\x0a\x22S\x10\xcf\x0e\xf5\xf9|\x18\x1d\x1d\x85\xc7\
\xe3\x01D\x87\xc2\x0e\x87\x03\x06\xf1(-\xb2\xa1C\xad\
-$\x8d\xe4M&\x93\xf4\x94\x05A\xdc\xbdK>K\
\xad\xcd\xb9d*A^P\x12\x89\x04\x9dz$\xe5'\
''\xe1v\xbb\xa1\xd7\xeb\x91J\xa5`\xb7\xdb\x10\x8f\
'\xf0\x86\xf3.\x84\xc1p\xfc\xc8\xa2\xe5B\x00\x10\x08\
\xf8\xf1\xa1\x0f\x5c\x8b\xe9\xe9\xf4\xb1m\xd7\x7f\xf6\x8b\xb8\
\xe6]\xef\x93g]YT~\xd7\xca\xb1\xab\x14\x81\xfe\
\xa7\xa4\xd05_\xca\xa2\x95c\x0bbI\xacZi\x89\
KqO\xb2\xc4eE\xa8\xa1\x9eQ=E$o\x06\
u\xd4\x8bJR\xd43eQ@\xd6L4\x15T\x9f\
H<e\xe7\xa9p:]x\xfa\xa9\x7f\x01\x00\x1e\xfd\
\xe7\xc3\xa8\xae\xae\xc1\x96\xad'efT\x11\xa0\x12M\
\xd1\xe9t\xe8\xee:\x84\xef}\xfb\x9b\xd8\xbcy3t\
:\x1d}\xab\x0d\x06\x83\xe8\xe9\xe9\xc1\xd0\xd0\x10]\x8c\
,\x9dVc\xc4\x05\xc1R\x05A\xfa\xb0\x15\xc4\xe9,\
F\xb4Z\x19\x8dF\xb8\xddn\x18\x8dF\x04\x83A\x0c\
\x0e\x0e\xd2AQ\xeb\x80m\xb5Zq\xf4\xe8QX,\
\x16\xeag\xabX\x18q'\xe5\xee\xdd\xbb\xd1\xde\xde\x8e\
\x8a\x8a\x0aEy\xa9T\x0a\x03\x03\x03\xa8\xa8\xa8\xa0k\
\xbd\xe4\x94b\x90\x11\xc4)\xa8\xfe\xfe~\xd4\xd7\xd7\xd3\
3#\x8bE\x10\xa7\xdd\x02\x81 \xde\xf3\xbe\x0f\xa1\xae\
\xb6^\xd5\x85D\xde\x8e\x92\x05\x83X,\x8e\x9a\xda\x1a\
<\xf1\xc4\xe3\x08\x05\xd3n\x10\x12\x89\x04,\x16KI\
\xeeG\xa9`D\xab\x96\xd4\xd1\xa8\x12\x0c\xc3\xc0\xef\xf7\
\xc3\xe1p\x80\x15\xddo,\x06\xd2\xf7\xc9KC<\x1e\
\x87\xc7\xe3\xc1\xec\xec,=\xd4\xdb`0\xd0\xb5\x5c\xf2\
)`\xb5\xfa\xc94e$\x12\xa1\x1e\xe8\x13\x89\x04\x0c\
\x06\x03\xd6\xacY\x83\x0b/\xbc\x10\xdb\xb7o\xc7\xda\xb5\
k\xe9\xef\xcdh4\xd2\x9d\xc2\xd1h\xda\x13\xbdN\xa7\
\xcbX\x8f\xa8V\x9f N\xb1G\x22\x11\xd8\xedv\xfa\
\xb2D6)\xa4\xa7\x1cI_e0=5\x81\xb5\xeb\
6\xa2\xbd\xbd\x03|*\x050L\x11\xfd\xab0\xa4\xe2\
?\xf9\xb1\x0f`\xcf\xee\xb4\xab\x9e+\xdey-n\xfc\
\xe2W%\xa9+\x85\xfa\x80\xaf\x12\xbd\xaa\xc8jcV\
D\xe9\xe0>\x9f\xb5\xe0~\x91\xb5\xa9\xdf\xfbE\x90\x96\
H\xe5\x96\xb8\x82\xe2\xe4\xe6\xcf\xac\x98C1R;\xb9\
\x8b/\xee\xe6k.\xaa9#r\xa8[\xd9l\xdb\xbe\
\x03\x95\x15U\xf8\xd7\x13\x8f\x01\x00\x9ex\xfcQ\x94\x97\
\x95\xe3\xe4\x93\xb7\xcb\xb3R4I\x17\xdf\x9a\xff\xfb\xc3\
\xef\x87\xd3\xe9@ss3\x12\x89\x04FGG\xd1\xd7\
\xd7\x87\xe1\xe1aLLLPK\xc9\xc4\xc4\x04\xa2\xd1\
(R\xa9\x14\xc2\xe10]G\xa3\xd3\xe9\xb2v\xf0\x91\
p\xbc\xaa\xf4\xdf\x0c\xc3\xc0(n\x8fw:\x9d\x18\x1b\
\x1b\xc3\xd0\xd0\x10\x5c.\x17\x0c\x06C\xde\xe9H\x92>\
99\x89\xc6\xc6Fyr\xc1LLL`zz\x1a\
\xa7\x9cr\x8a\xaa\xab\x81`0\x88\xb1\xb11\xd4\xd5\xd5\
e]W)!JB0\x18Dsss\xce\x01Q\
\x0b\x1c\xc7\xa57(\xd45\xe2\xdaw\xbfOY\xa1P\
\xbf\xd59a\xc4M\x10v\xbb\x03\xffz\xfcQ\x8c\x8f\
\x8fA'\x1ehm4\xa6]Pd\xd5\xb5B0\xe2\
\xb9\x99\xf1x\x9c\x9e\x95\xa8\xd46\x96e\x11\x0e\x87\x91\
H$`\xb7\xdb\x17}\xff\xc9\x0bE(\x14\xc2\xf4\xf4\
4FGG\x11\x8dFa\xb1X`\xb3\xd9`4\x1a\
\xa1\xd7\xeb5\xd5!\x88\xeb\xact:\x1d\x16\x16\x160\
33\x83\xea\xeaj\xd4\xd7\xd7\xe3\xa6\x9bn\xc2\xa5\x97\
^\x8aK.\xb9\x04g\x9f}6\xd6\xaf_\x8f\xce\xce\
N\xac_\xbf\x1e\xdb\xb6m\xc3\x1b\xdf\xf8F\x5cv\xd9\
e8\xe5\x94S\x10\x0a\x85p\xe4\xc8\x11\x08\x82@\xfd\
\x83Y,\x16\xba\xa4@\xe9\x9a\x05\xf1\xa5 \x18\x0c\xc2\
d2\xc1bI\xbb\x92 J\xe5\xc2\xc2\x02\xdcn7\
-\x17\x8dD\xd1\xde\xb1\x16'\x9dt2R\xa9\xa5\xdb\
\x01\xab\xd4u\xff\xdf\xd7\xff\x07\x7fy\xf0>\x00\xc0i\
\xa7\x9f\x85\x9f\xff\xeaw\xf2,\xcb\x8f\xc2\xf3,;\xe6\
\xb5H\xe9\xafBH+_7\xe5^\xf3\xa5\xc4\xe2\xc6\
x\x05\x8eK\x132?\x96\x8c\x0c\x91\x9a\xe4k\xca\xa4\
\x9eK5!7\xb9\x8b\xc9Rsg\xce\xa0\x80\xac\x99\
h(X\x88\x82\xa5\x88\xa4\xf8\xd6\x93NF]}=\
\x1e{\xf4\x11\x00\xc0\x93O>\x01\xab\xcd\x86\xed;v\
\x1e\xcfT \x0c\x03\xf4\xf5\x1d\xc5\xaf\x7f\xf9346\
6\xe2\xe0\xc1\x83XXX\xc0\xe4\xe4$\xe2\xf18\x92\
\xc9$jjj\xa8\xbb\x03\xa2h%\x93ID\xa3Q\
LOOcnn\x8e\x0e(\x9c\xc2a\xcf\xb9\x94\x15\
\x96eQ[[\x8bT*\x85\xee\xeen\xcc\xcf\xcf\xc3\
f\xb3\xe5]\x9bc6\x9b199\x89\xaa\xaa\xaa\x9c\
\x96\x8c|\xa4R)\x1c9r\x04\x0d\x0d\x0d\xb0Z\xad\
Y\x03\x0fy\xe3\xef\xe9\xe9\x81\xd9lFyyyF\
\xf9R\x22\x88V\xaa\xc1\xc1A0\x0c\x83\x8a\x8a\x0a \
\x87\xf5#\x1f\x82\xb8\xfd\xffHo/>\xf7\x85/\xa3\
\xbdcMZ\xa9]d\x97\x94\xc20\x0cx\x08\xb0X\
-x\xf2_\x8fA\xaf\xd7\xd3)Y\xad\x96\xcc\xe5\x82\
(\x0f\xf9v3\x0a\x82\x80@ \x80\xca\xcaJU%\
-\x17\x8c\xf8B\x93L\xa6\xd2\x1bNf\xa6191\
\x01\x86a\xe0r\xb9\xe0t:\x8bRL\x19q\x9d]\
*\x95\xc2Yg\x9d\x85\xcd\x9b7\xe3\xc6\x1bo\xc4[\
\xdf\xfaVj\xd9\x22//\x1c\xc7\xd1\xe9s\x86ap\
\xf0\xe0A<\xf8\xe0\x83\xb8\xe7\x9e{`\xb1Xp\xe5\
\x95W\xe2\x8a+\xae\xc0\x86\x0d\x1b`0\x18066\
\x86P(\x04F\xb4\xd2\xc9\xdbF>\xf3\xe2\x01\xdf\xc4\
\x07 \xcf\xf3(++\xc3\xe4\xe4$L&S\xc6w\
\xde\xd7w\x04\x97_~u\xba\xcf\x95\x90\x5c\xd2\xfe\xf0\
\xbb\x9b\xf1\xf3\x9f\xa6\xddH465\xe3\x96[\xef\x80\
\xd5\xba\x8c\x1b@h\xe3\xd4[\xa9\x9e\xb2:\xc9j\xaf\
\x86k\x5c,Y\x96\xaf\x12\xf7\xa1,\xa8\x9f\xac\x12\x92\
%.+B\x8d\xfc\x19\x15s(Fj'\x7f\xf1\xc5\
\xdd\xa3\x82\x8a\x16\x94Y\xfc\xfe\x16C\x8e\xe2$i\xd3\
\xe6\xadhni\xc5?\x1f\xf9;\x00\xe0\xd9g\x9e\x82\
\xc1`\xc4\xceSO\xcb\xc8\xaf\xce\xf1J\x04^@$\
\xe2\xc7\xf7\xbe\xf3-\xf4\xf7\x1dE<\x1eG\x22\x91@\
8\x1c\xa6\x16\x8cp8\x0c\x9f\xcf\x87\x99\x99\x19\xcc\xce\
\xce\x22\x16\x8bA\x908Y\xb4\xdb\xed\xb0\xdb\xedH$\
\x12\xd4\xe3\xb6N\xa7\xa3\xc7\x12\xc9\x1f\xe2r\x18\xd1z\
b\xb3\xd9\xe0t:177\x87P(\x04\xa7\xd3\xa9\
j\x11 \xf5\x0b\x82\x80\xfe\xfe~TTT\xd0\xad\xf7\
\x85 \x88>\x93FGG\xe9\x19\x8d\xf2\xfa\x18\xd1b\
\xd2\xdb\xdb\x8b\xa6\xa6\xa6E)z\xf9 V\x97\xfe\xfe\
~ttt\xd0\xc5\xfb\xc5\xa2\xd3\xe9033\x83\xca\
\xaa\x1a\xbc\xf7}\x1f\x84\xc1h\xca\xd9\xc7\xb4\x92!\x82\
a\x00\x08\x88\xc7bx\xea_O \x12\x09\x8b\x8aG\
\x126[\xfa\x98\x99\xc5\x5cC)!\xca\x97^\xaf\x87\
\xd9lVT\x0a\x18\xd1\xe3\xbd\xc7\xe3\xc9R&rA\
\xae1\x12\x89\xc0\xeb\xf5!\x91L\xa0\xa9\xa9\x0d\x17\xbe\
\xf1\xbf\xf0\xc6\x8b\xfe\x0b\xdd\x87\x0f\x89\x0a\x0b_\xd0=\
\xe1y\x9e.toll\xc4\x8e\x1d;p\xcd5\xd7\
\xe0\xec\xb3\xcf\xc6\xeb^\xf7:@\xdc\x08\xa2\xd3\xe9\xa0\
\xd7\xeb\xa1\x13\xfd\x9a\xb1,\x8b\xae\xae.<\xfd\xf4\xd3\
\xf8\xcb_\xfeB\xad\xb6W\x5cq\x05.\xb9\xe4\x12\xac\
[\xb7\x0e\xe5\xe5\xe5\xd8\xbcy3v\xee\xdc\x89\xd3N\
;\x0d\x95\x95\x95H\xa5\xd2\x0a#\xf1\xf6\xaf\x13\x97 \
H\xdb\xeb\xf3\xf92^\x0c\x04A@0\x18\x84 \x08\
t\xa7\xabN\xa7\xc3\xc4\xf88N?\xe3lTVU\
)\xdek\xadh-\xf9\xc4\xe3\x8f\xe0\xc6\xcf\xa5\x1d\xa7\
2\x0c\x83[n\xbd\x1d\x1dkJ\xb3S87\xb9\xc7\
\xa4\x1cI\xab\x1e\xe5\xb6+\xc7.\x16\xa9Tfn>\
 \xc8#K\x09\x1d\xac\x97\xa0\x82,\x91Y\x11j\xa8\
gTMQM\xd0\x8e\xba\x88\xc5\xdd\xa3\x82\x8b\x15P\
`)\x95-\xe4I~\xe8o\x0f\xe2\xbf?\xfc~\xfa\
\xf9\xfa\xcf~\x01\xd7\xdfpcF\x1eU\x09\x02\x00\x06\
0\xea\x8d\xf8\xfc\xe7?\x85'\x1e\x7f\x146\x9b\x0d\xd3\
\xd3\xd3\x88\xc5b\xe0D\x07\xa2\xc4\x8aA\xa6\xf9\xc8\xa0\
\x91L&\xa9\xe5K\xaf\xd7\xc3f\xb3\xa1\xb6\xb6\x16\x06\
\x83\x01\xb1X\x8c\xaeeimm\x85\xc5b\xa1\xd3\x91\
\xf9\x10$G\xf7\xf8\xfd~l\xde\xbc\x99:%UB\
\x10\x04\xf4\xf5\xf5\xe1\xd8\xb1c\xb8\xe0\x82\x0b`\x10\xcf\
\x18\xd42\xb0\x09\xa2\x95i\xff\xfe\xfd\xe0y\x1ek\xd6\
\xac\x91g\xa1y\xf6\xec\xd9\x83H$R2\x97\x0f\xb9\
8p\xe0\x00t:]\xd6\xf9\x90\xc5\xd2\xdb\xdb\x8b\x8f\
\x7f\xea\xb3x\xef{?\x80`0\xa4z/\xb5\xa2\xd4\
\xa3\x04\xd1Z\xf8\x99O~\x04\x8f\xfe\xf3\xef\xb0X\xac\
\x08\x85Bt\x11\xf6j\x81\x11\xd7s\x09\x82\x80\x86\x86\
\x06y2\x85a\x18LOO\x83\xe38466\xd2\
\x85\xea\xca\x08\x00X\xf8|^\xcc\xcd\xcdA\xa7\xd3\xe3\
\xc3\x1f\xfd$6m\xda\x82-[N\x86\xde\xa0\xc7\x82\
g\x0e\xef\x7f\xcf\xd5\x08\x87CH\xa5\xd4}\xe7\x11\xe5\
\x9fX\xb7\x22\x91\x08\x18\x86\xc1\xc5\x17_\x8c\x1d;v\
\xa0\xa3\xa3\x83Z\xb5\x18\x89\x85\x8a(^\x10\xa7\xc7\x1f\
}\xf4Q\xbc\xfc\xf2\xcb\x88F\xa3\xb8\xe0\x82\x0b\xb0f\
\xcd\x1a\xac_\xbf\x9eN\x11*)B\xe47\x93H$\
\xd0\xdf\xdf\x8f\xde\xde^\xdc{\xef\xbd\x98\x9c\x9c\xa4k\
\xd2\xc8\x8b\xc7\xcc\xcc\x0c\x1a\x1a\x1a2N\xc0\x08\x06\x83\
\x18\x1f\x1fGGG\x07X\xf1\xe4\x84\x99\x99Y46\
\xb7\xe2\x9e{\xff\x86P(\x08\x86\xd1\xde\xf7\xb2[\x98\
\x9b#\xbd\xddx\xe7eoF(\x14\x04\x00|\xffG\
\xbf\xc4%o\xbbL\x9e\xadt(\xdcC\x82z\xcak\
\x0b\xd5\xeb\xc8q\xed\xc5\x22\x97\xc8}.k\xcd\xd7b\
8.~\x09\xda\x9e\xd5\xf8\xec\x085rg\xcc\x99\x9a\
317\xb9\x8bJRsg\xcc\xa2\xc0\xec\x05\x17X\
J\x85+GR\x16k\xd7\xae\xc7\xc6M\x9b\xf1\xb7\xbf\
>\x00\x00x\xe9\xc5\xe7\x91H$p\xe6Yg\x8b9\
d\xd2\xa4\x1f\x19`xx\x08\x1f\xfa\xe0{\xb1\xeb\x95\
\x97\x90L&16\x96^\xaf\xe3r\xb9\xe8\xf4\x22+\
\x1e\x91\xc3\xb2l\xd6\x9b\xb5\xc9d\x82\xd5j\x85^\xaf\
\x87\xcf\xe7\xc3\xc4\xc4\x04\xdd\x09UWW\x87P(\x84\
\x81\x81\x01\x18\x0c\x06j\x05\xcb\x07#\xb1\x82\xf9\xfd~\
\xba\xbe$W\xf9\xea\xeaj$\x12\x09<\xff\xfc\xf3\xf4\
L;\xa2\x0c\xe4\x83eY\xea:Bi\x11=+\xfa\
6\xea\xea\xeaBgg'\x0cK\xec\xfb)\x12\x89`\
``\x00\xed\xed\xed\xf4:\x8a%\xadh\xf8PYY\
\x83\xef\xfd\xe0\xa7XX\xf0j\xdeQ*EK\x0b\x18\
0\xe0t\x1czz\xbb\xf1\xd2\x0b\xcf\xc3l6#\x1e\
\x8f\x83\x15];,\xe6:J\x09QX\x16\x16\x16`\
\xb7\xdbU\xad\x98D\x09\x9a\x99\x99\xa1\xa7*\xa8\xc1q\
:LNN\xc0b\xb1\xe1\xcb_\xfd&\xbe\xf6\x8d\xff\
\xc3\xe9\xa7\x9f\x85\xc6\xc6\xf4z=\x000\x9b-\x08\x05\
\x83x\xec\xb1\x87QVV\x96\xf52B\xda\xc5\xf3<\
B\xa1\x10,\x16\x0b\xacV+\xde\xfb\xde\xf7\xe2\xc3\x1f\
\xfe0v\xee\xdc\x89\xda\xdaZ\xfa;$\x0a\x98N\xa7\
\x83\xc9dB<\x1e\xc7\xf4\xf44\x1ex\xe0\x01\xfc\xe8\
G?\xc2\xfc\xfc<.\xbf\xfcr\x5cw\xddu\xd8\xba\
u+=\x90\x9d\xfc.\x94\x02$\xee8jkk\xb1\
i\xd3&\xbc\xe5-o\xc1\xf9\xe7\x9f\x8f\x89\x89\x09L\
MM\xc1\xe3\xf1P\xc5\xca\xe7\xf3\xa1\xaa\xaa\x8a\xbe\x90\
\xf1\xa2\x83Z\xe2\x07\x8ca\x18\xe8t\x1c\xc6FG\xf1\
\xa6\xb7\xbc\x03fs\xdaeF>\x8a\xe9)\xa1P\x10\
\xd7}\xe0\x1aLN\x8e\x03\x00>}\xfd\x17\xf0\xae\xf7\
|@\x9em\xf1h\xe8\xc7\xf9s\xbc\x86Y\xc6\x8b\xcb\
\x9av,\x9ctk\x85\xe3\x7f\x96\x94\x0c\x91\x9a\xe5\xe7\
\xcf\xa8\x98C1R\x1b\xda\x8b\xe66\xdf\xe6\xa2\xe0b\
\x05\x14XJ\x85\x0b\xf9\x93U\xe9\xe8\xe8\xc4I'o\
\xc7C\x7f{\x10<\xcfc\xd7+/!\x14\x0a\xe2\xec\
s\xceMg\x90\x09\x16\x00\x08<\x8f={w\xe3s\
7|\x0a\xfd}\xe9E\xb7\x89D\x02n\xb7\x1bV\xab\
\x95>\x88s\x0d\x98\xd24\x8e\xe3`\xb1X`6\x9b\
\x11\x0e\x87155\x85`0\x88\xfa\xfaz\xd4\xd6\xd6\
brr\x12>\x9f\x0fV\xabUu\xb0\x93B\xeaw\
\xb9\x5ct\xba\x93(`r\xab\x0d#NyTWW\
\xc3l6\xa3\xb7\xb7\x17\x0c\xc3\xe4]\x97%\x88\xd3)\
\x07\x0e\x1c@*\x95BKK\x0b\xadW\x9eohh\
\x08\x0c\xc3\xa0\xae\xae.\xe7=)\x05###\xd0\xe9\
t9\xfd\xac\x15\xc2\xdc\xdc<\xde\xf4\x96\xb7\xe1\xe4m\
;\x0a\x92W\xf0U\x8ab7o\xde\x8a\xdf\xff\xeef\
0\xa22\x11\x8b\xc5V\xdd\xaeG\x9d8\x9dN\x14\x17\
5\xf4z=\x02\x81\x00L&S\xce|\x1c\xc7\xc1\xef\
\xf7\xe3Mo~\x1b\xae\xba\xe6=\xd0\xe9\x0cH\xa5\x92\
\xe0\xf9\xe3\x16X\x83\xd1\x80h4\x82\xbf<p\x1f\x9d\
\x96#\xf7\x88L\xf5s\x1c\x07\x97\xcb\x853\xce8\x03\
\xd7^{-\xae\xbe\xfaj455\xc1d2\x81\x15\
-\x5c\x1c\xc7\xc1`0\xc0`0\xd0M1\xff\xfa\xd7\
\xbf\xf0\xf0\xc3\x0f\xe3\x85\x17^@}}=\xae\xba\xea\
*\xbc\xe7=\xef\xa1\x8e\x82\x93\xc9$U\xaa\xf2}\x0f\
\x8c\xa8\x88\x09\xa2\x95\x9b\xe38\x94\x95\x95\xe1\x82\x0b.\
\xc0\x99g\x9e\x89\xc6\xc6F\xb0\xe2\xd4m$\x12\xc9P\
\x06\x0d\xa2\x1f\xb0p8\x8c\xf2\xf2r\xa4R)\x18\x0c\
\x06LN\x8e\xa3\xb2\xaa\x1a\xdb\xb6\xef\xc8k\x95.\xb8\
\xdf\x89|\xea\xe3\x1f\xc2\xae]/\x01\x00.\xbb\xfc*\
\xdc\xf4\xa5o\xc8\xb3,\x9e<\xbf\xfd\xdc\xa9\xff.,\
\xdfU\xaa*_\x19\x83\xf1\x12\xb5'KlV\x84\x12\
\xea\x99\xd4S\xf2%\xe6'\x7fq1G\xfe\x8c\x19\x14\
\x98\xfd8\x05\x14\x5cj\xc5\x0a\xda\xb2h$\xbb\xdf\xb5\
\xb6\xb6a\xc7\x8e\x9d\xf8\xc7\xc3\x0f!\x99H`\xcf\xee\
W\xb1\xb0\xb0\x80s\xdfp\xfe\xf1\xbc\x12\xbc\xde\x05\xfc\
\xcfM\x9fC\x7f\xdf\x11\xea\x8d\xbc\x14N19\xd1s\
\xbdIt\xb49;;\x8bT*\x85\xd6\xd6Vp\x1c\
\x87\x99\x99\x19\x9aGj\x99RSh\x18\x86\x81\xc3\xe1\
@(\x14\xc2\xc4\xc4\x04\xaa\xaa\xaaT\x07AA<\xf7\
\xd1b\xb1\xe0\xe8\xd1\xa3\x08\x06\x83\xa8\xa9\xa9\x91g\xa3\
0\xa2\xcf\xa7]\xbbva\xe3\xc6\x8d\xb0\xd9lY\xed\
 J\xe9\xb1c\xc7\xd0\xd0\xd0\xb0\xe4V\xafD\x22\x81\
\xc9\xc9I\xb4\xb5\xb5Q\xcb\xc1b\x88\xc5b0\x9a\xcc\
\xf8\xc4\xa7>\x0b\x8eM[J\xd4P\xfe\x06\x0a\xc7h\
2a`\xa0\x1f=\xdd]\xb4\x1f\x98\xcd\xe6\x9cu/\
7D\xb9\x88F\xa3\xd45\x82\xfc^\x13\xe5<\x91H\
 \x12\x89P\xbfVJ\xa4R)\xb8\x5c.\xccLO\
\xe3\xfc\x0b.\xce\xea'\x8ch\xcd\xad\xae\xa9\xc3\xab\xbb\
^\xc2\xe4\xc48\xac\xd6\xf4\xb4l8\x1cFKK\x0b\
:::\xf0\x81\x0f|\x00\xe7\x9e{.^\xf7\xba\xd7\
\xd1\x0d\x01\x9c\xb8h\x9eeY\xe8\xf5z8\x9dNL\
OO\xe3\xf9\xe7\x9f\xc7=\xf7\xdc\x83\xc3\x87\x0f\x83\xe3\
8\x9c\x7f\xfe\xf9x\xf3\x9b\xdf\x8cSO=\x15\x15\x15\
\x15\xe0e\xae_\x16\x83 NS:\x1c\x0el\xd8\xb0\
\x01;w\xee\xc49\xe7\x9c\x83\xca\xcaJD\xa3Q\xea\
\xa3\x8c\x11]\xc9x\xbd^\xb8\xddn\x08\xe2N\xc8\xf4\
T#\x83\xd3N;\x13:\xc9\x1a\xce\xd2\xb4\x0e\xf8\xdf\
\xff\xf7e<\xf0\xe7\xbb\x01\x00\xa7\xbe\xee\x0c\xfc\xf2\xe6\
?\xc8\xb3\x14@\xee\x97\xff\x1cI\xffVd]\xa7\xa0\
\x18[2\x94$s\x9f\xbf\xf1\xa6\xaf\xd1\x04\xa5\x1c\x8b\
DQ\xa4b\xa4\x9c\xfc\x99Ts\xa8&\xe4'\x7fQ\
1G\xfe\x8c\x8a\x14\x5c\xac\xc0\x02\xaf-E\x0b\x99\xd2\
d\x82\xa5\x1f\x9b\x9a[p\xea\xa9\xa7\xe1\xd1\x7f>\x8c\
X,\x8a\xfd\xfb\xf6\x88\x83\xc1\x1b\x8f\xe7\x17\x04\xa4\xf8\
\x14\xae\xff\xf4\xc7\xf0\xf2K/\xd0]\x8cZ\xacQZ\
!o\xced\xdb\xfa\xf8\xf88\x02\x81\x00\x9a\x9b\x9b\xd1\
\xd2\xd2\x82\xdd\xbbw\xc3l6\xc3j\xb5fM\xbd\x10\
\xa4\x83\x86 \x9e%\x17\x0e\x87177G\xdb\xab6\
\xb0\xd8\xedv\xd4\xd7\xd7c\xcf\x9e=\xf0\xfb\xfd\xa8\xaf\
\xaf\x97g\x01$NU\x93\xc9$:;;\xb3\xdaB\
\x06_\xe2T\xb5\xa9\xa9\xa9 \xcbQ\xa1\x10e \x1c\
\x0e\xa3\xba\xba\xba$\xf5$\x13\x09\x9cu\xf6yx\xfd\
\xeb\xcfUT\xac\x95\xef\xe0\x22\x10\x04\xe8\xf4z\xacY\
\xb3\x0e\xb7\xfd\xf1V\x98L&$E\x87\x9f\xc4K\xfb\
j\x80\xe7y\xe8\xf5z\x84\xc3aU\x9f_\x8c8\x8d\
f\xb1X\xe0\xf3\xf9`\xb7\xdb\x15\xef!\x81a\x18\x8c\
\x8e\x8e\xa2\xb5\xad\x1d\x1d\x9dk\xb3\xac$\xbc \xa0\xa2\
\xc2\x85\xdd\xaf\xbe\x8a]\xaf\xbc\x04\x9f\xcf\x87\x8d\x1b7\
\xe2\xaa\xab\xae\xc2\xd5W_\x8d\xf3\xce;\x0f&\x93\x09\
v\xbb\x1dz\xbd\x1ez\xbd\x1e\x1c\xc7\xd1\xa9E\x87\xc3\
\x81\xb1\xb11\xfc\xf8\xc7?\xc6\xcf\x7f\xfesD\xa3Q\
\x5cx\xe1\x85Ta#\xe5\xa4\xedY\x0a\x04qM\xa6\
\xd9l\xc6\xb6m\xdb\xf0\xa67\xbd\x09\x9b7oFy\
y9\xf6\xef\xdfO\xdd\xd0\x98\xcdf\xd8\xedv\xba+\
\xb2\xaf\xbf\x0f\xe7\x9c\xfb\x068]e`\x19\xb6d}\
\xef\xb6?\xfc\x06?\xfd\xf1w\x01\x00\xf5\xf5\x8d\xb8\xe5\
\xd6\xdbaS9\x9d\x22'*\xcf\x13,\xc5\xef\xe4\xb5\
\x86@\xff\xb3\xacp\x9f\xfb|\x11\xae&4\x90u)\
Y\x11j\xa8gTO\xc9\x97\x98\x1f\xf5\xe2\xb2\x14\xf5\
\x8c\x8a\x14\x98=\x8d\xc6B\x8bV\xb4\xe4\xa8\x88S\x89\
^\x04\x12\x89\x0a\xc2\x15\xa2\x00\x00\xf5\x0d\x8d8\xed\x8c\
3\xf1\xc4\xe3\x8f\x22\x1c\x0e\xe1\xd0\xc1\xfd\x18\x1f\x1b\xc5\
\x1b/\xfa/\x08\x82\x80x<\x82/\xdd\xf49\xfc\xe3\
\xa1\xbf\xc0`0\xe4\xddn_,\xc4\xb2\xc00\x0c\xec\
v;\xa2\xd1(\xbc^/\x00\xa0\xb6\xb6\x16\xd3\xd3\xd3\
`\x18&\xcb\x8a\xa5\xa4P\x11Yv\xbb\x1dSSS\
\xe8\xee\xeeFee%\xcc*n(\x88\xd2\xb4~\xfd\
z\x1c;v\x0c\x0b\x0b\x0b(//\xcf\x18`\xd3\xf7\
\x22\x8e\xae\xae.\xb4\xb7\xb7+\xee\xc8#Jd\x7f\x7f\
?\x5c.\x17]\xff\xb6\x14\x08\xe2\xce\xcd\x83\x07\x0f\xc2\
\xedv\xe7\xb4\xb2h\x81\xdc\x83\xc9\x89I\xbc\xff\x83\x1f\
AUu\xda\x02\x98}wK\x0c\xc3\x00\x82\x00\x8e\xd3\
\xe1\xe5\x97_\xc4\xec\xcc4\xdd\x80\xb1\xda\xa6\x1e\x19\xd1\
\x97\x9aN\xdc\x95\xab\x06\x99R\xcc\x95\x8f\xf4Q\x9e\xe7\
\xd1\xd8\xd4\x8cm\xdbv\x88\xf1,\x00\x01\xc9T\x0a\xd3\
\xd3S8z\xe4\x08\x0e\x1d\xd8\x83\x96\x96f\x5c\x7f\xfd\
\xf5\xb8\xe0\x82\x0b\xb0i\xd3&\x08\xe2\xceP\xe2\xefK\
/\x9e\x10\x91J\xa5099\x89\xc3\x87\x0f\xe3'?\
\xf9\x09v\xed\xda\x85\x96\x96\x16|\xe63\x9f\xa1\xbb\x15\
\x89\xc2N\xacc\xcb\x01#N\x97&\x12\x09D\xa3Q\
\xd4\xd4\xd4`\xdb\xb6m\xb8\xf0\xc2\x0b\xb1i\xd3&\x1c\
=z\x14\xe3\xe3\xe3p8\x1c\x80x,Q4\x1aE\
s\xcb\x1a\xac[\xbf\x11)A\xfbN\xcf\x5c<\xf9\xaf\
\xc7\xf0\xb9\x1b>N?\xdfr\xeb\xed\xe8\x5c\xbb>#\
ON\x14\x9e7Rr\xa7\xfe\xfb\x92q\xddBVL\
I\xc9%\xb9h\xe5+KhVD.rg\xce\x9d\
\xaa%\x832\xf9\x8b\x899\xf2g\xcc\xa2\x88\x22\x05\x17\
*\x99\xb2\x95CL\x8e\xa4\x22\x91HT\x10\xae\x10\x95\
\x93\xda\xda:\x9c\xf9\xfa\xb3\xf1\xe4\x93O \x10\xf0\xa3\
\xab\xeb\x10\x06\x8e\xf5\xe3\xcdo\xb9\x04w\xdfu'n\
\xfe\xf5/\xa0\xd7\xe93v.-%\x0c\xc3\xc0`0\
 \x18\x0cbzz\x1a.\x97\x0b\xad\xad\xad\x18\x1c\x1c\
D<\x1e\xa7N,\xe5\xc8\xe3\x18\xd1?\xd2\xdc\xdc\x1c\
\x04A@EE\x85\xe2`C\x1e\xea\x82 \xa0\xa6\xa6\
\x06\x93\x93\x93\x18\x1a\x1aByy9\x9d\xee\xe48\x0e\
SSS\xf0\xf9|\xe8\xec\xecT\xb4h1\xe2\xae\xb8\
\xc1\xc1A\xba\xceE\x9e\xa7Tp\xa2\x13\xd4\xf9\xf9y\
477/\xfa{!S\xbc\x89T\x0a\x1f\xf9\xefO\
@o0\x16\xdc\x8f\x0aF\xac\x80O\xf1p8]\x18\
\x1d\x1d\xc6\x9e\xdd\xafP\xe5K'\xd9\x8d\xb7\xd2H\xfb\
\x08\xe9\x83J\x10\xa5J\x10\xcf\xc5$\xca\x84\x1a\x82 \
`hp\x00\x97]q\x15\x00\x163\xb3\xd3\xe8?v\
\x14w\xfc\xe9w\x98\x9a\x18E(\xe0\xc1\xf9\xe7\x9f\x87\
\xed\xdb\xb7\xa3\xb2\xb2\x12&\xf1 rb\xdd\x22\x0a\xea\
\xc2\xc2\x02\x9e}\xf6Y\xfc\xfd\xef\x7f\xc7K/\xbd\x04\
\x86ap\xd6Yg\xe1\x8a+\xae\xc0\xa9\xa7\x9eJO\
tH\x88GY-e\xdfT\x83X\x8a\xc9\xc6\x0a\x8f\
\xc7\x83\x17_|\x11]]]`Y\x16\x17]t\x11\
\xce;\xef<tuu!\x95J!\x95J!\x10\x08\
\xe0\xcdo}\x07\x12\xe2F\x8c\xc5\xd0w\xb4\x17\xd7}\
\xf0\x1a\xc4c1\x00\xc0w\x7f\xf0s\x9cw\xfeq+\
\xbf\x22\x0a\xcf\x199\xf9s\xfc{\x93}\xfd\xd91\xcb\
E\xc1\xcaWFS\x0bn\xb7r\x01\xe5X\x19\x9a2\
)\xa3\x5cT!V!*\x17\x05fO\xa3\xb9P\xc9\
T\xad49\x84\xe5H*\x02\x99\xb4\xdc\x1f\x8b\xa2\xaa\
\xaa\x1a\xe7\x9c\xf3\x06<\xf3\xf4\x93\xf0z\xbd8\xd2\xdb\
\x83={^\xc5\xde=\xafbnv\x16\x0e\x87C\xb3\
\xef\xa2R\xc0\x88V.\x9e\xe71??\x0f\x93\xc9\x84\
\xc6\xc6FtwwC\xaf\xd7gXE\xe4J\x97\xf4\
3\xcb\xb2\xb0Z\xad\x18\x18\x18\x00\xc7q\x19\xde\xb4\x95\
\xe08\x0e555\x08\x04\x028x\xf0 ***\
\xe8\xce;\xe2\x1b\x8c\x1c\x8f$\x87\xe38\xbc\xf4\xd2K\
p\xb9\x5cp\xbb\xdd\xf2\xe4\x92\x22\x08\x02z{{Q\
VV\x86\xca\xcaJyr\xc1\x08\xa2\xfb\x0d\xbb\xc3\x81\
+\xafy7t\xdc\xe2\x94\xb9\x9c(tX\x9eO\xc1\
d4\xe1\x85\x17\x9eE\x22\x11\xa7\x03\xb5\xdc\xd2\xb9\xd2\
0\x0c\x03\x9f\xcf\x97\xf3\xfb%\xca\xd7\xfc\xfc|\xde\xef\
\x86\x13}\x83\xbd\xee\xb43\xb1\xeb\x95\x17\xf0\xe7\xfb\xee\
\x84Q\xcf`\xe7)\xdb\xd0\xd4\xd4\x80\xda\xdaZp\xe2\
\x19\xa0R\x85\x89\x1cc\xd4\xdd\xdd\x8d{\xef\xbd\x17w\
\xdcq\x07|>\x1f]x\xbf}\xfbv477\xc3\
 9\xeb\x11\x12%r9!k\xc9\x1c\x0e\x07L&\
\x13v\xed\xda\x85\xdbn\xbb\x0d\xbf\xfd\xedo\x11\x0e\x87\
q\xf1\xc5\x17\xe3mo{\x1b6n\xdc\x88\xaa\xaa*\
\xcc\xcd\xcda\xf7\xee\xddp\x95\xb90?7\x8f\xed\xa7\
\xbc\x0e\x95\x95\x95\x10\x04\x1e\xeag\x5c\xe5&\x12\x89\xe0\
\xba\x0f^\x8b\xf1\xb1Q\x00\xc0'?\xfd9\xbc\xe7}\
\xd7\xc9\xb3\x1d\xe7\x84\xd2U\x1cK|S\xf2\x89\xcfR\
\xbe\xb2\x0adE\xe4\x22\x7ff\xc5\x1c\x8a\x91\x85\x91[\
\x84$5wFE\x8a(\x92Fc\xc1\x92\xa9Y9\
\xc4\xe4H*\x02\x05i\xb2(\x85\x1c%\xc5\xed\xae\xc0\
\x1b\xce\xbb\x10\xcf?\xf7\x0c<\xf3\xf3\x18\x1e\x1a\xc4\xcc\
\xf44u\x8a\xba\x12\x905@\x93\x93\x93\xa8\xa8\xa8@\
ss3\xe6\xe6\xe6`\xb1X\x14\xdf\x84\xa5\x8a\x17\x19\
t\x88\x12733\x83\xfa\xfa\xfa\xbc\xd6\x14F\xdc\xa5\
\x08\x00]]]t!pWW\x17\xf5\x99$\x1f\xc4\
\x18\xf1\x10\xea\xbe\xbe>\xea\x1bi\xa9`\x18\x06\x1e\x8f\
\x07\xc3\xc3\xc3\xd8\xb8qc\xde\xeb\xc9\x07\x91711\
\x01\x93\xd9\x8c\xcb\xaf\xb8\xaa\xf4\x8av\x8e\xce\xcb0\x0c\
R\xa9$\xacv\x1b\x9ez\xf2\x09\xcc\xcf\xa7-\x95\xab\
q\xea\x91\x15wc\xb2\xa2;\x0c%\x18q\xd1{(\
\x14\x82\xc9d\xcaZL/\x85a\x18$\x12q\xbc\xf4\
\xc2sX\xb7\xb6\x0do\x7f\xdb\xdbQYYA\x15.\
\xbd\xe8\xa6\x85L\x112\xa2\xd5\xea\x89'\x9e\xc0\xad\xb7\
\xde\x8a\xbf\xfd\xedohoo\xc7\xfb\xdf\xff~\x5cw\
\xddu\xb4\xdf.e\xff\xd3\x8a \xd9\x94\xe0\xf7\xfb\xf1\
\xd0C\x0f\xe1\xee\xbb\xef\xc6\xc3\x0f?\x8cu\xeb\xd6\xe1\
\xbd\xef}/\xde\xf5\xaew\xc1b\xb1 \x14\x0a!\x14\
\x0a\xd1\xb5r===\xd0\xeb\x0d\x98\x9c\x9c\xc4\x9a5\
k\xb1\xf5\xa4\xed\xaaGxi\xe1\xd3\x9f\xbc\x0e/\xbf\
\xf4<\x00\xe0\xed\x97\xbe\x13_\xfa\xca7\xe5Yr*\
\x5c\xea)'\xa0\x08\xf4?K\x82\x16\xc9\xcc\xf4\xac_\
K>M\xe2r\xe6\xc8\x99\xa8\x8d\xdc\x22$\xa9\xb93\
fQ`\xf6\x82\x0b,\x87r\x85\xfc\xc9\x8b@\x94,\
\xab`\xe9\xea\xcb\x8d@\xff\x03LOO\xe1]\xd7\x5c\
\x8e\xde\x9e.@T\x80J\xb5\xa0\xbb\x18\x04A\x80\xcf\
\xe7\x83 \x08\xd8\xbe};\xa2\xd1(\x06\x07\x07\xb1f\
\xcd\x9a\xacAFn\x05\x83\xf8\xe6\x9dL&\xd1\xdf\xdf\
\x0f\xab\xd5\x8a\xb3\xce:\x0b\x5c\x8e\x9dt\x82\xb8\x9e\xea\
\xe8\xd1\xa3\xd4s\xbeN\xa7\x83\xddnGgg\xa7<\
; \x96\xd9\xb7o\x1fX\x96Ekkk\xd6b\xfc\
R\xc2\xf3<zzz`4\x1a\x15\x17\xfe\x17\x0a\xb1\
\xa2%\x12\x09\xb8\xca\xcaq\xdf\x03\x0f\xabN\xedj\xa6\
\xc0\xa2\x02\xcf#\xc5\xf3\xf8\xe5\xcf\x7f\x8c[n\xfe\x19\
\xacV+\x02\x81\x00];\xb7\x9a\x08\x87\xc3\x08\x04\x02\
\x8a\x0ev\x09D\x19\x0f\x06\x83X\xb7n\x9d\xaa\xc3U\
F<\x09ajj\x0a\xdf\xfd\xeewQ__O\x15\
-N\xdc\xb5H\xa6\x84\x8f\x1e=\x8aW^y\x85\xee\
\xa4\xdc\xb1c\x07:;;QWW\x87T*E}\
\xa4\xad\xc4\xef\x94(Z$\x00\xc0\xd4\xd4\x14\xfa\xfa\xfa\
\xb0\x7f\xff~\xcc\xcd\xcd\xc1\xe1p\xe0\xe2\x8b/FE\
E\x05\xaa\xaa\xaa033\x83={\xf6\xe0\xc0\x81\x03\
\x18\x18\x18\x00\x00TUU\xa1\xa2\xa2\x02###X\
XX@\x22\x91@cS\x1b~\xf6\xcb\xdfB\xafO\
[\xf1\x0a\xe5\xdb\xdf\xfa*n\xfd\xcd\xaf\x00\x00\xa7\xec\
<\x0dw\xde\xf3\xd7\xe3\x89\xd2\x07\x9f\x0a\xb9S\xff\xb3\
\xc9\xb87E|7\x85\xa0Ez\x96\xe5+\x93\xfc\x22\
Ts\xa8&hC[\xf1\xdc\xdbfsQp\xb1\x02\
\x0b\x94D\xe1\xd2 BC\x96\x02\x91I\x94|,}\
]\xda\xc8\xfc\xd1H?\x00\x0e\x87\x13,\xc3\xe0\xc9'\
\x1f\x87 .\xec]I+\x04#\x9e\xf7\x97H$0\
77\x87\xb6\xb66@\xf4oE\xa6u\xe4\x16/)\
\xc4Z`2\x99\x10\x8b\xc5\xe0v\xbb\xf3\x0e\xe8z\xbd\
\x1eccc0\x1a\x8d\xd8\xb1c\x07<\x1e\x0f\x16\x16\
\x16PYY\x09\x83\xc1\x90\xb1\xd8^\x10\x04\xba\xd6\xab\
\xb3\xb33\xe3\x1e\xc9\x95\xc3R@\xeeC\xa9<\xe7\x87\
B!LNN\xc2\xe1p\x80aX\xbc\xf3\xcak\xf3\
\xde\x1fE\x16\xd1\x99\x19\x86\x81\xde\xa0C8\x14\xc4C\
\x0f\xfd\x05&\x93\x09\x89D\x02\xf1x\x5c\xd1\xa5\xc7J\
\xa2\xd3\xe9\xa8\x0f\xba\x5cVG\x9dN\x87\xd9\xd9\xd9\xbc\
\x0eW\xf5z=\xa6\xa6\xa6\xe0v\xbb\xb1c\xc7\x0ej\
U\xe3y\x1e###\xb8\xe5\x96[\xf0\xc8#\x8f`\
vv\x16\xa7\x9dv\x1a.\xb8\xe0\x02\xbc\xe1\x0do@\
ss3\xacVkA>\xb9J\x8d N\xb1\xeaD\
\xbf]\xa9T\x0a\xc7\x8e\x1d\xc3\xad\xb7\xde\x8a\x87\x1ez\
\x08\xa1P\x08\xaf{\xdd\xebp\xdey\xe7\xe1\xbc\xf3\xce\
\x83\xcdf\xc3\xec\xec,\xee\xb8\xe3\x0e\xdcu\xd7]x\
\xee\xb9\xe7\xe0\xf7\xfba\xb3\xd9\xc0q\x1cfggq\
\xe0\xc0\x01\x1c;v\x0c<\xcf\xc3\xe9t\xe2\xe0\x81\xbd\
\xb8\xec\x8ak\xe1t\xba\x90L&\x00d\x1f\xe7\xa5\xc6\
\xed\xb7\xfd\x0e?\xfa\xc1\xb7\x01qm\xeb-\xb7\xde\xa1\
\xc9\x8a\xbfzz\xdb\xea\x85\xde#!\xe3S\xc9)D\
\xb2\xc4\xf2\xa5\xadX\xce\x5c9\x13\xb5\x91[\x84$5\
w\xc6\x0c\x0a\xc8\x9a\x8d\xc6\xc2%Q\xb6\x089D\xe5\
H*\x92\xdc\xf7T!jY\xc8\xa87O#6\xad\
oE$\x92\xde\x11\x15\x13\x17\xa8\x1a\x8dFTWW\
/\x89B\x91\x0fA\x5c\xf4>99\x89\xea\xeaj\x9c\
z\xea\xa9x\xfc\xf1\xc7Q[[+\xae\x07I_\x90\
|\x90\x96~f\x18\x06G\x8f\x1e\x85\xd9l\xc6\x19g\
\x9c\xa1\xbaH]\x10\x04\x18\x8dF\x1c>|\x18\xa9T\
\x0ao{\xdb\xdb\xa0\xd7\xeb\xf1\xc8#\x8f\xe0\xd0\xa1C\
\xd8\xb4i\x13\xaa\xab\xab\xe9Z\x16\x86ap\xe4\xc8\x11\
$\x12\x09455!\x95J\x81\xe38$\x93I\x04\
\x83A\xba{\x928\xca\x5c\x0c,\xcbbpp\x10\xa1\
P\x08'\x9dt\x12b\xb1\x98\xe6\x81H\x8e Z\xf8\
\xfa\xfb\xfb133\x83\x8a\x8a\x0a0,\x87?\xff\xe5\
\x9f\x85Y\xbe4f\xcb\x8b  \x16\x8f\xe1\xc3\x1fz\
7^\xdd\xf5\x12\xccf\x0b\xf5\xbdV\xec5.\x05\x8c\
8Mk2\x99PSS\x93\xf3>\x8d\x8c\x8c\xc0\xe1\
p\xa0\xb6\xb6V\xd5B\xc9q\x1c\xf5\x9e\xff\x9d\xef|\
\x07\xc9d\x12\xbd\xbd\xbd\xb8\xed\xb6\xdb\xe0\xf5z\xb1y\
\xf3f|\xecc\x1f\xa3\xeb\xcc\x12\x89\x04U\xb6V\x0a\
A\x9c\xd2'\xeb/\xc7\xc6\xc6p\xe8\xd0!\xdcy\xe7\
\x9d\x98\x9f\x9f\xc7\xc5\x17_\x8ck\xae\xb9\x06&\x93\x09\
\x1c\xc7a||\x1c\x87\x0e\x1d\xc2_\xff\xfaWtu\
u\xc1b\xb1\xa0\xad\xad\x0dv\xbb\x1d\x8c\xe8\xd3\x0cb\
\xfff\x18\x06\x89D\x02G\x8f\x1e\x85\xcf\xe7C8\x1c\
\xc6\xe5\x97_\x8d\xaf|\xfd\xff\xe0*/G8\x94>\
n\x89es\xfb\xb5{\xe6\xa9'\xf0\xc1\xf7_M?\
\xdf~\xd7_pj\x8e\xb3l\xd5\xbf\xc5\x13(A\xef\
W\x8e\xfe_\x0a\x0a\x91\xceL\xcf\xfa\xf2\xe6W\xcd\xa0\
\x9a\xa0\x9d\xfc\x22\xc4\x1c\xf93fQp\x91\x02\x0b\x94\
L\xe1\xca#&Or\x11\xc8$\xe6\xfe\xb8\xac\xd0\xba\
\xf36B\x00\xc3\xb08\xdcu\x10\xef\xbc\xf4-\x00\x80\
\xb2\xb22LOO#\x1a\x8d\x02\xa2\x02VUU\x95\
\xf3M~)I&\x93\xf0\xf9|\xd8\xb0a\x03\xaa\xaa\
\xaa\xf0\xca+\xaf\xa0\xb9\xb99c\xfd\x8d|0$\x9f\
\x19\x86A4\x1a\xc5\xd0\xd0\x10\xb6m\xdb\x86\xda\xda\xda\
\x8c|RX\x96\xc5\xcc\xcc\x0c\xa6\xa6\xa6\xf0\x9e\xf7\xbc\
\x07&\xd1[\xfe\xbe}\xfbp\xf7\xddw\xc3\xe9t\xa2\
\xad\xad\x8d\x1e\xe7\xf3\xf2\xcb/\xa3\xae\xae\x0e6\x9b\x0d\
\xa1P\x08^\xaf\x17\x81@\x80z\x22\xef\xec\xec\x5c\xb4\
;\x08\x88\xce9\x0f\x1f>\x8c\xd6\xd6V:p\x15\x0b\
#\xee\xcc\xdb\xbf\x7f?\x0c\x06\x03L&\x13XNW\
\x98\xf2\xa5!\x8bVx\x9e\x87\xddn\xc1W\xbe\xfcE\
\xfc\xfe\xd6\x9ba\xb3\xd9\x10\x08\x04\xe0p8\xb4\xb7g\
\x19`\x18\x06\xf1x\x1c\x81@\x00\x8d\x8d\x8d\xaa\xbf\x05\
\x96e\x11\x08\x04\xe0\xf5z\xd1\xd2\xd2\xa2\xaa,\x91\xef\
axx\x18g\x9cq\x06<\x1e\x0f\x1c\x0e\x07N=\
\xf5T\x9cy\xe6\x99p8\x1cH\xa5R\x19\xca\xfeJ\
@\xee?\xb1py\xbd^\x1c>|\x18CCC\xd8\
\xbf\x7f?\xaa\xab\xab\xb1u\xebV\x9cs\xce9\xd0\xeb\
\xf5\x98\x9d\x9d\xc5\xe0\xe0 v\xed\xda\x85\xae\xae.L\
LL\xc0\xe1p\xa0\xba\xba\x1a\x16\xf1\xec\xd6\x5c\xdf)\
+z\xf2\x9f\x9d\x9d\x85\xdf\xef\xc7\xfa\x0d\x9b\xb1v\xdd\
\x06\x9c\x7f\xc1\xc5hjj\x82\xc3\xe9\x04\xcb\xa6_r\
\xe4\xd6\xb0c\xfd}\xb8\xf2\xf27\xc3\xeb]\x00\x00|\
\xfb{?\xc1\xa5\x97^)\x91\x9e\x89z+N\xa0D\
\xc6\xfd\xca\xf1\x1d\x96\x82B\xa43SJ\xcaWvL\
Q\xe4\x17#\xe6\xc8\x9fQ\x91\x82\x8b\x15T\xa0\x04\xaa\
U\x1e\x01y\x92\x8bDA\xaa$J!uY\xa1\xf5\
kn\x88zF\x8e\xe3\xf0\xbd\xef~\x0b?\xfb\xc9\x0f\
PWW\x07\x8e\xe3 \x08\x02fff\x10\x89D\x00\
\xd1\x07OUU\x95\xaa\xe5h\xa9\x09\x87\xc3\x88\xc5b\
8\xfd\xf4\xd3155\x85\x85\x85\x05477S\xcb\
\x82\xf4\x81.\xff\x9b\x11\xd7\xe2\xa4R)\x9cr\xca)\
\xaa\x8b\xa1\x89\xac\xbd{\xf7\xe2\xdak\xaf\xa5\xd3\x89\xc9\
d\x12\xdf\xfa\xd6\xb7022\x02\x9b\xcd\x86\x96\x96\x16\
\xc4b1\x8c\x8e\x8e\xc2\xe5r\xc1\xe3\xf1@\x10=\xe7\
777#\x1c\x0ecdd\x04\x1d\x1d\x1d\xaa\x83\xb4\
V\x18\x86\xc1\xe4\xe4$\xa6\xa6\xa6\xb0i\xd3&p\x8b\
\xf4h\xcf0\x0c\xa6\xa6\xa6000\x80\x8a\x8a\xf4\x22\
\xef\xbc\xca\x97BT\xc9\x10\x04\x80a1;3\x8dK\
\xder>\x22\x910U:\xf2\xed\x1a\x5c\x09<\x1e\x0f\
\xaa\xaa\xaar:\x83\x15\x04\x01ccchhh\x80\
\xd1hT\xfc\xbe\x04\xf1 \xf6\xf1\xf1q\x9cr\xca)\
\xb8\xe6\x9akPQQ\x01\x8b\xc5\x22*\x16\xe9\xefj\
\xa5\x10\xc4\xa9E\xa3\xd1\x08\x9e\xe7\xb1o\xdf>\xec\xda\
\xb5\x0b}}}(//\xc7Yg\x9d\x85\x96\x96\x16\
\xda\x87\x0e\x1e<\x88\xdd\xbbw\xe3\xd0\xa1C\xf0\xfb\xfd\
H\x88\xc7\x90\x99\xcdf\xe8r8;V\x83\xfc\xee\xa2\
\xd1(\xfc\xfe\x00\x0cF\x03\x5c\xae\x0a\x9c}\xce\x1b\xb0\
\xa6s\x1d^\x7f\xce\x1b \xf0i\x87\xc3\x0c\xc3 \x11\
\x8f\xe3\x9d\x97\xbf\x19\x87\x0f\x1d\x00\x00|\xfc\x137\xe0\
S\x9f\xf9<\x95WX\xed'\x90\x93q\xff\x0a\xfc.\
\x8b\xa1\x90\x1a\xd2\xaf7\x82,,\x82\xdcb$\xa9\x82\
\xb8^K9\xa3\x22E7Sc\x01!\xe3_\x91\xe4\
h`\xd1\xed\xcf\x89L\xaa\xbc\x12Y\xd4r\x93\xd1\x14\
\xcd\x0d\xc9\x9fQ\x10\x04D\x22ax\xe6\xe7\xc0\xf3<\
U\xae\x18\x86\xa1o\xab\x00\xe8\x81\xbc\x89DB&a\
y \x83\xd2\x81\x03\x07\xd0\xd8\xd8\x08\xb3\xd9L\xa7F\
\xc9@A\x824\x0e\xa2\xe5\xc8b\xb1 \x1c\x0e+\xfa\
\xea\x220\x92ub\x07\x0e\x1c\x80\xc3\xe1\x80\xd5jE\
UU\x15\xbe\xf5\xado\xc1n\xb7\xa3\xa6\xa6\x06\xbd\xbd\
\xbd\xd8\xb7o\x1f\xbc^/\x18q\x97dee%\xb6\
n\xdd\x8a\x8a\x8a\x0a\x0c\x0c\x0c\xc0n\xb7/Z\xf1\x12\
\xc4i\xd7\xa3G\x8f\xa2\xbc\xbc\x1cz\xc9\x91+\x8b\xa1\
\xbb\xbb;\xc3u\x86 \xae\xf1\xcb\xe8'\xf9\xbbNi\
\x10w=v\xac\xe9\x84\xc9lF2\x99\x80^\xafG\
4\x1a]\xb1\xbe\xa6\x06+\x9eO\xe8\xf7\xfb\xc1\x88\x96\
+9D\xa92\x99L\x08\x04\x02\xaa\xdf\x17Q.\x1c\
\x0e\x07\x82\xc1 \xea\xea\xea\xc0\x8a\x0eS\x19\xc9\x02\xf6\
\xe5\x84\x5c\x0f#\xae\xb74\x1a\x8dx\xf0\xc1\x07\xf1\xe1\
\x0f\x7f\x18?\xfc\xe1\x0fQ[[\x8b\x0f}\xe8C\xf8\
\xcaW\xbe\x82\x1d;v\xc0f\xb3\xe1\x89'\x9e\xc0\xe7\
?\xffy\xdct\xd3M\xf8\xc7?\xfe\x81\x94x\xfe)\
\xb1\x10\x93\x17\xb9B!}\xdfb\xb1\xa0\xae\xae\x16u\
\xb5\xb5H\xc6\xc3\xb8\xed\xf77\xe3\x93\x1f\xfb\x00\xde\xf7\
\xae+p\xef=w\xc0f\xb3A\xaf7\xe0\xb3\xd7\x7f\
\x94*^\x97\xbc\xed2\xaax-G\x17\xfe\x8f\xa2\x88\
\xefr\xa9a\xa6f\x14,_\x05\x90\xbb\xb0\xec\xa1X\
 E\x14I\xa3\xa9\xe0\x22\x14,99\x04\xe5HZ\
$2\xc9\x8b\xbb\xd5%G\xa0\xff\xd1JA\x99\xc1\xf3\
)\x1c=\xda\x8b\x0f\xbd\xff\xdd\xf0\xf9|(+se\
=,ggg\x11\x0a\x85\x00q\xfa\xa1\xaa\xaaJ\xd5\
z\xb4\x94$\x12\x09\xf8\xfd~l\xd9\xb2\x05\xa9T\x0a\
]]]\xd8\xb2eKF\x1ei\xdb\xa5\x8a\x18\x00\x0c\
\x0d\x0d\xd1\x05\xce\xb9\x06\xb7P(\x84\xdd\xbbw\xe3\x86\
\x1bn\xc0\xf6\xed\xdb\xa9\xf2\xf6\xec\xb3\xcf\xe2\xd6[o\
EUU\x15=\xde\xa7\xac\xac\x0c\x0f=\xf4\x10::\
:\xd0\xda\xda\x8a\x85\x85\x05\xec\xd9\xb3\x07\x9b7o^\
\xb4\x95\x90eY\x0c\x0d\x0datt\x14\xa7\x9dv\x9a\
\xea\x14\x96V\x18\x86\xc1\xf8\xf88\xfa\xfb\xfbQ__\
\x0f^t\xdc\x09\x86\xc3=\xf7?\x04wy\xf9\xca<\
[\x05\x01,\xc7\xe1\xb1\xc7\x1e\xc1\xf5\x9f\xfa\x08\x8cF\
#\x82\xc1\xe0\x8a\xba;Q#\x16\x8b!\x1a\x8d\xa2\xa9\
\xa9)\xebwB`\x18\x06\x81@\x00\x81@\x80\xee\x82\
U\xeao\xa4\xbc\xd7\xeb\xc5\x97\xbe\xf4%l\xde\xbc\x99\
:D].\x04\xf1\x5cE\x82\xd7\xeb\xc5\xc4\xc4\x04v\
\xed\xda\x85W_}\x15V\xab\x15o~\xf3\x9b\xb1m\
\xdb6\x94\x97\x97\xc3\xef\xf7\xc3\xeb\xf5\xc2\xef\xf7\xe3\x1b\
\xdf\xf8\x06\x02\x81\x008\x8eCEE\x05\xdcn78\
\x8eC*\x95\x82P\xe2\xa9R\xa2\x8c\xe9t:D\xa3\
Q\xcc\xce\xce\x22\x10\x08B\x80\x80\x9a\x9az\xecz\xe5\
E\x00\xc0\xf6\xed;q\xf7}\x0f\x1d/'\x91q\x82\
\xe2\xa1\xf7Q\xa5\xcf\x97\x92Bk\xc8\xf9T\x144\x04\
\xfa\x97\xa0\x1422*\x22\x97\xa7\xa1HvFyP\
\xcc*\xff\xa7\x11\xb9l\x85\xa0\x10EC\xf1\xc8+9\
\x1e\x04A(\xe6V\x97\x94\x8c\xd6\xc9\xdb\x92\xb3!\xf2\
;\x943\xb3*\x82\x00\x84C!D\xa2\x11\xb8\x5c\xca\
\xeb\x93*++\xe9\xc2\xf1d2\x89\xe9\xe9i\xc4\xe3\
qy\xb6%\x87\xbc\x8d\x0f\x0c\x0c\xa0\xbc\xbc\x1c\x06\x83\
\x01\xb3\xb3\xb3\xd4\x0a!\x0ddm\x89T\x01#k\xd9\
rY$\x00\xc0f\xb3a\xc3\x86\x0d\xf8\xde\xf7\xbe\x87\
g\x9ey\x06\xacxX\xf1\xb9\xe7\x9e\x8b\xcf}\xees\
\xe0\xc4M\x00\x0e\x87\x03\xa3\xa3\xa3\xe0y\x1eMMM\
\xe0Ew\x10n\xb7;\xe7\x8e8\xad\xf0<O\xa7W\
\x17\xab\xc8Ab\xbd$>\xcc\x08\x0c\x8a\xee>\xa5A\
\x5c|\xdd\xb1\xa6\x13\xe5\xe5n\xf0<O\x8f\x9aQS\
pV\x0a\xbd^\x8fd2\x89P(\xa4\xaa\x0c\xf3\xe2\
Y\x8f<\xcf#\x12\x89\xa8\xe6#\x16\xaeh4\x8a\xc3\
\x87\x0f\xab\xe6+5\x82  \x95J\x81\x15wX\xc6\
b1\xf4\xf4\xf4\xe0\xf6\xdbo\xc7O~\xf2\x13\xdcs\
\xcf=\xa8\xa8\xa8\xc0'?\xf9I|\xff\xfb\xdf\xc7\xc9\
'\x9f\x8c\xc1\xc1A\xbc\xf8\xe2\x8b8r\xe4\x08ff\
f\xf0\xec\xb3\xcfbrr\x12\x82x\xd6\xe8\xc0\xc0\x00\
zzz044D\xbf7r=\xa5\xf8\x0e\x19\xb1\
\x8f\x90S\x10\xea\xea\xea\xd0\xd4\xd4\x88x,J\x15/\
\xbb\xdd\x81_\xde\xfc{\xa4\xf8TVw.E\x1b\xfe\
S\xa1wn\x95\xdeC\xee\xb3\x9f\xcb\xe3d5\x0b1\
G\xfe\x8c\xaa\x14UTc!q\xc8\x92G\x17F\x9e\
\xe2y\x92\x8bD\x22U\xa5\x02\x95\xe8e#\xa3~\xcd\
\x8d\xd1\x9cQ3\xe4\x01\xf9\xd2\x8b\xcf\xe3_O<\x06\
\x93\xc9\xa4\xaa\x94\x90i\xbfx<\x0eA\x10\x10\x0e\x87\
a2\x99J\xa2\x14h\x85\xe7y\x18\x8dFx\xbd^\
\xe8\xf5ztvv\xd2uXD\x01\x93*b\xf2\xbf\
\x8dF#\x02\x81\x00L&\x13\xca\xcb\xcb\xe5\xe23\xb0\
\xd9l\xa8\xac\xac\xc4\xdf\xff\xfew\xf4\xf4\xf4 \x91H\
`vv\x16O>\xf9$\xba\xbb\xbbq\xd2I'\xd1\
s\x16\xdb\xdb\xdbQVV\x06\x8f\xc7\x83\xbe\xbe>t\
vv\x96\xe4\xbe\xf8\xfd~LNNb\xed\xda\xb5\x8b\
\x1e\x98\x05A@(\x14\xc2\xcc\xccL\xc6\xf17,\xcb\
\x82aX\x5cv\xc5\xd5\xb0\xa88\x10]j\x04\x08\x00\
#\xc0j\xb5\xe2X\x7f?\xfa\x8e\xf6B\xaf\xd7#\x16\
\x8b\xc1h4.z\xfa\xb6\x940\xe2\xae<A\x10T\
\xdda\x10\xa5*\x12\x89\xe4\xccG\xe0y\x1e\xfd\xfd\xfd\
\xb8\xf0\xc2\x0bK\xa2\xb4\xab!\x88/%,\xcb\xa2\xbc\
\xbc\x1c333x\xea\xa9\xa7\xf0\xd3\x9f\xfe\x14{\xf6\
\xec\x81\xcb\xe5\xc2\xe5\x97_N\xcf^d\x18\x06O=\
\xf5\x14\xee\xbe\xfbn\xdcw\xdf}\xd8\xbf\x7f?\x9e|\
\xf2ILOO\xa3\xbb\xbb\x1b\xc1`\x10v\xf1\xa0n\
\x93\xc9\x04A\x10\xb0\xb0\xb0\x80\xb1\xb11\xf8\xfd~@\
TV\xc9i\x11j\x16@)\xe4\xa5\x09\xb25od\
I\x04\x99\xf6\x9d\x9d\x9d\xc5\xc0\xc0\x00\xe6\xe6\xe6h\x9e\
\x93N\xde\x8e\xff\xfe\xd8g\x10\x8dF\xc4\xf32\xd3K\
\x0eH\xd9\xb4U\x114\xed\x04\xf9Q\xef\xb5\xab\x07\xee\
\x06\x99\xf2\x95F4\xa5,\x92\x82E\x14X\xa0\x00\xfb\
\x952\x1a\x8ak\xc8R \x0a\x12eQ\x0a9\x96\x8d\
\xe2\x14,\x14\x9a\xb9h\x04\x00\xc9T\x0a&\x93\x11?\
\xfa\xe1w\xd1\xdfw4\xaf[\x04\x8b\xc5\x82\x94\xe8\xd8\
\x91(`F\xa3\xb1$\x8a\x86\x16\xc8\xc3\x98(\x12\xcd\
\xcd\xcd\xf0\xfb\xfdH\x8a\x87\x0d\x934i>\xf9\xdfd\
@\xd4\xe2>\xc3`0\xa0\xa9\xa9\x09\xa3\xa3\xa3x\xec\
\xb1\xc7\xd0\xd7\xd7\x07\x8f\xc7\x83\x93N:\x09&\x93\x09\
sss\x18\x1d\x1d\xc5\xe6\xcd\x9b\x91J\xa5000\
\x00\xab\xd5\x8a\xea\xeaj\xbav\xa7\x18\xc8\xe0388\
\x88\xca\xcaJ\xb8\xdd\xeeE\xcbcY\x16\xa3\xa3\xa3\x10\
\xc4E\xd4\xa4\x8e\x95R\xbe\xd2\xb5K\xfb:\x03\x9dN\
\x87\xa1\xe1\x01\xbc\xf2\xf2\x8b\xd0\xe9tH&\x93\xe08\
\x8e~\xb7\xab\x05F<W\xd1\xe9t\xaa*\x86\x0c\xc3\
\x80\xe7yx<\x1e\x94\x95\x95\xe5\xeck\x06\x83\x01\x83\
\x83\x83x\xe3\x1b\xdf\x08\x97+{\xda\xbf\x14\x08\x12\xdf\
\x5c\xa3\xa3\xa3\xb8\xe5\x96[p\xfb\xed\xb7#\x18\x0c\xe2\
\xac\xb3\xce\xc2G?\xfaQ\x9cy\xe6\x99\x10\x04\x01#\
##\xb8\xff\xfe\xfbq\xfb\xed\xb7\xe3\xaf\x7f\xfd+\xe2\
\xf18Z[[\xe1v\xbb\x91L&q\xec\xd81\x84\
B!\xaa\x84\x92%\x08\x1c\xc7\xc1f\xb3\xc1l6#\
\x1a\x8dbjj\x0asss\x08\x06\x83TA\xcb\x05\
\xe9\xa7\x90)^\x10\xfb)\xf9\xbd\xf5\xf7\xf7c~~\
\x1e\xe1p\x98\xa6\x9b\xcdftv\xae\xc7[\xde\xf2v\
\xaad\xf1\xbc\x00\x8ec\x11\x8fG12<\x94v\xab\
\xc2\xb0\xe0\xf9\xd2N\x89\x9e`ea&g|\xe99\
\xacEPp\xe9\x82\x0b\xc8\x8b,Z\x80\x22\x1a\xb2\x14\
I\xb62\xbbtui#\xab\xfe\xac\x88|\x14\x5c@\
3\xf9$'\x12\x09\xd8\xed&\x5c\xfa\xb6K\xd0u\xf8\
\xa0f\xb7\x08\x1e\x8f\x87\xbe\xd92\x0c\x83\xaa\xaa*\xd5\
cW\x96\x82T*\x05\x8f\xc7\x83\x0d\x1b6\x80\xe7y\
LNN\xd2i?F\xb2\x10Z:\x88\x91\xbfC\xa1\
\x10FFFp\xc1\x05\x17\xd0\x83\x87\xf3A\xac\x11\xf1\
x\x1c\x06\x83\x81z\x15\xdf\xbbw/\x0c\x06\x03::\
:\x10\x08\x04\xb0w\xef^ttt\xd07\xfd\xc5\x10\
\x0e\x87q\xe4\xc8\x11tvv\xe6\xb5\x9ch!\x16\x8b\
\xe1\xd0\xa1C\xb0\xd9lTY\x16\xc4u4\x0c\xc3\xe1\
\xee\xfb\xc45_\xf2\x82K\x80\xe2\xcb\x9e\x000,\x83\
\xd1\x91a\x5c{\xf5\xa5\x88F#\x88F\x22H\xa5R\
\xabr\xd7\xe3\xd4\xd4\x14\xea\xea\xea\xd4w\x88\x8a\xfdt\
hh\x08---\xd4=\x89\x12,\xcbbdd\x04\
;w\xee\xc4\x97\xbe\xf4%\xf0*\xbe\xc1\xb4@\xea`\
\xc4\xcd#\x10\xbf\xfb\xbe\xbe>\x0c\x0f\x0fc\xf7\xee\xdd\
t\xdd\xe69\xe7\x9c\x83\xd6\xd6V\xe8t:tww\
\xa3\xbb\xbb\x1b/\xbd\xf4\x12\xc6\xc7\xc7\x91J\xa5P^\
^N\xcfw%\xeb\xb88\x8e\x03\xcf\xf3\xf4X \x8f\
\xc7Cw\x1c\x1a\x0c\x06\x18\x0c\x06p\xa2\x97\xfeT*\
\x85D\x22A\x95$\x9dNG\x970\x90\xc5\xf8\xa4\xcd\
\xa1P\x08\xe1p\x98\xee\xb06\x1a\x8d\xa8\xad\xad\x85\xdd\
n\xc7\xd4\xd4\x14\xe6\xe7\xe7\x91H$`\xb1X`6\
\x9b\xb1\xb0\xb0\x80@ \x00\x00\xb0Z\xad`\x18\x06\xed\
\x1d\x9d\xf8\xed\xef\xff\x04\xa7\xb3\x02\xe3c\xa38v\xec\
(\x9ex\xfc\x9f\xe8\xe9>\x04\x9eO\x81e9\x9cq\
\xe6\xd9x\xc3yo\xc4\xb6\xed\xa7 \x95\xe2\x17uv\
\xe4\x7f\x02\xb4\xc7\xaa\xf4\xdd\xa5\xa0\xd0\x9a\x98\xc9io\
\xa1e\x0a\xae\x84\xa2\xb1`:\x9b\xc6\xcc\xb9\xc8!\x22\
GR\x91(H\x94E)\xe4X62\xea.\xb8!\
\x05\x17(\x98Bj \xca\xd7eo\x7f\x1bz{\xba\
\x0a\x1a\xe4\x17\x16\x16\xe0\xf3\xf9\xe8\xe7|\xdb\xefK\x8d\
\xd7\xeb\x85\xc1`@gg'\x06\x07\x07QQQ\x01\
\x93x\x9e#AI\xf9b\x18\x06\xb3\xb3\xb3hoo\
GSS\x13M\xd7\x8a Z\xd0\xc2\xe10v\xed\xda\
\x85M\x9b6\xc1\xe9t\xe2\xe8\xd1\xa3\x98\x9f\x9fGg\
g\xe7\xa2\xadT:\x9d\x8eZ\x176n\xdcH\xeb,\
\x06A\xdc}\xd7\xd7\xd7\x87\xf9\xf9y\xb8\x5c\xae\x8c\xb4\
\xe5T\xbe\x14\x95.dv\xdax<\x8e\xaf~\xf9F\
\xfc\xf5/\xf7\xd3\xe3\x86jkk\x8b\xbe\xfe\xa5\x80\x11\
\x0f\xda\xe6\xc5\xb5~j0\x0c\x83\x89\x89\x090\x0c\x83\
\x96\x96\x96\x9c\xbf\xadX,\x06\x9f\xcf\x87\xdf\xfe\xf6\xb7\
T\xa1\xcbe-S\x82\xbc|\x10e)\x18\x0c\xe2\x99\
g\x9e\xc1\x8b/\xbe\x08\xaf\xd7\x8b7\xbf\xf9\xcd\xa8\xa9\
\xa9\xc1\xbau\xeb\xc00\x0c\xbc^/v\xed\xda\x85\x17\
_|\x11ccc\xe2\xf3\xc0\x0e\x9b\xcd\x06\xa3\xe8\x22\
C\x90L\xdbK!i\xa9T\x8a\xba\x81\x99\x9e\x9eF\
0\x18\x04\xc30\xb0\xd9lT\x11#\xf9\x12\xe2\xe9\x05\
\x89D\x02F\xa3\x11\xe5\xe5\xe50\x99L\x98\x9e\x9eF\
(\x14\x02'\x9em\x19\x89D\xe8\xeed\xa3\xd1\x08\x8b\
\xc5\x02\x93\xc9\x04\xa7\xd3\x09\x9b\xcd\x86\x9e\x9e\x1eLO\
O\x03\x00jjj\xb0v\xedZ\x04\x02\x01\xf8\xfc~\
X\xcd6\x5cv\xe55x\xe4\x1f\x7f\xc5\xc2\xc2<\xac\
\x16\x0b,\x16\x0bt:\x1db\xb1\x18\x92\xc9$\x82\xc1\
\x10\xce|\xfd\x1bp\xdd\x87?\x8erw\x05\xe2\xf18\
m\xe7\x092\xa1wd\x19\xefM\xa15\xe5T\xbeT\
\x13\xf2Q@A\xc90\x93\x11_09\x8a\xe7H*\
\x12\x05\x89\xb2(\x85\x1c\xcbFV\xddY\x11\xb9((\
sQ,\xb6\x86d2\x01\xab\xc5\x8ck\xae\xba\x1c\x07\
\x0f\xec\x83\xddn/\xe8\xad\xdb\xeb\xf5\xc2\xeb\xf5\xd2\xcf\
\xcb\xa9\x80\xa5R)\xa4R)\xd4\xd5\xd5!\x14\x0a!\
\x12\x89\xa0\xb6\xb66\xcb=\x81\x5c\x01cY\x16\xe3\xe3\
\xe30\x18\x0c8\xe3\x8c3\x0av\xdf \x08\x02L&\
\x13\xf6\xed\xdb\x07\x9f\xcf\x87\x93N:\x09<\xcf\xe3\xa5\
\x97^Bcc#]\x7fV,\x8cx\xee\xdfK/\
\xbd\x84m\xdb\xb6-z\xb7\x1f\xcb\xb2TQ\xac\xac\xac\
\xccXS\xb4\x5c\xca\x97\xaa\xd2E\x10\x93\xc9\xbd}\xfa\
\xe9'\xf1\xeek.EEE\x05\xbc^/\x8cFc\
\xd6&\x81\x95D\x10\x15\xe4\xe9\xe9i455\xa9N\
\xbb3\xe2b\xfa\xb1\xb11\xac_\xbf>g\xbf`\x18\
\x06\x03\x03\x03\xf8\xc8G>\x82\xab\xae\xba\x0a\xb1X\x8c\
.\xd6\xcf\xa7\x84\x11\xab\x94\xd3\xe9D*\x95\xc2\xd1\xa3\
G\xf1\xc0\x03\x0f\xe0\xd1G\x1fEGG\x07\xae\xbc\xf2\
J\x9cs\xce9\x80\xa8\xe4\x1d;v\x0c\xaf\xbc\xf2\x0a\
\xee\xbf\xff~x\xbd^444\xa0\xb5\xb5\x95*Z\
\xc5\xdcg\xd2\xc6x<\x8ec\xc7\x8e\xc1\xe3\xf1 `\
\xb7\xca\xa6\x00\x00\xcb\x07IDAT\x95J\xc1n\xb7\
\xc3l6C\xaf\xd7g\xc8\x8d\xc5b\x98\x9d\x9d\x85\xd5\
j\x85\xd9l\xa6S\xcb<\xcfS\xc5\xcaj\xb5\xa2\xa5\
\xa5%c}f\x7f\x7f?\x86\x86\x86\x00\x00N\xa7\x13\
\xdb\xb7o\x07#9_\x92\x1779\xe8t\x1cL\xa6\
\xe3k\xcd\x08\xe9|\xc0\x91#G`\xb1:\xf0\xab\x9b\
\xff\x885\x9dk\xe9\xcb\xdc\x092\xa1\xdfX\x11}b\
1\x14R\x1b\xf7\xd9\xcf}\xa1\xc0\x05\xf7\x0a\x14X(\
3{\x81\x85\xa5\xe4(\x9a#\xa9Hd\x12s\x7f\x5c\
v2\xea/\xaa1E\x15\xd2LI\xa4\x8bBx\x9e\
\x87A\xaf\xc7\xfd\xf7\xdd\x83\x99\x99\x19\x18\x0c\x85-\xf6\
%k8\x88'\xfcP(\x04\xbd^\x9f\xf5\x10\x13\x14\
\xde\x9c\x17\x0b\xc7q\x98\x9b\x9b\x83 \x08\xb0X,\x98\
\x99\x99\xa1V\x1d\xf9\xe0!\x1dP\xc8\xc0I\xdc\x05\xa4\
\x95\x0f\xedm#\xca\xcc\xbe}\xfb\xd0\xd9\xd9\x09\xab\xd5\
\x8a\xc9\xc9I\xcc\xce\xce\xa2\xbe\xbe\x9e\x0e\x02\xc5\xc20\
\x0c\x86\x87\x87\x01\x00\x8d\x8d\x8d\x8b\x92\x05\xf1zGG\
G\x11\x0e\x873\x16\xda\x13\x96r\xcd\x97x\xc7\xe5\xd1\
\x8aQRx\x9e\xc7\xe3\x8f=\x8cp8\x0c\x9dN\xa7\
\xda\xf6\x95\x82|\xc7\xe1p\x18\x0c\xc3\xe4\x9cr7\x18\
\x0c\xf0\xf9|\xe08.g>\x22\xf3\xc8\x91#\x18\x1c\
\x1c\xc4\xfc\xfc<\xdcn7\x0c\x06\x03t:\x1dU \
H\x7f \xbf)\x9dN\x87x<\x0e\xaf\xd7\x8bG\x1e\
y\x04\xf7\xdf\x7f?\x9e{\xee9\xb4\xb5\xb5\xe1\xdd\xef\
~7>\xfc\xe1\x0f\xd3C\xab\x9fz\xea)\xdc{\xef\
\xbd\xb8\xfb\xee\xbb\xd1\xd5\xd5\x85\xaa\xaa*\xac]\xbb\x16\
eee\xe0\xf3x\x9e\xcf\x07\xf9\x8d\xb1,\x8b\xea\xea\
jTWW\xc3l6#\x95Jaaa\x81NM\
\x12\x0b\x93^\xaf\x07'\x1e\xc7\xe5p8\xa8\x92D\x1c\
\x16\xb7\xb4\xb4`\xcd\x9a5\x19/s\xc4M\x0a\xc4\xfb\
z\xd2I'e\xbdL\x904\x96M\xd7\xa3tM\x82\
\x00TWW#\x12\x0e\xe1\xe1\x7f\xfc\x15\x81`\x10'\
m\xdd\x06\x96e\xe9}=\xc1k\x07\xee\x06\x99\xf2\x95\
Ev\x1f\xd0D\xde\xb7\xc6\x5ch,\xaa1[\x01\x88\
\x12e\x82K_Oad\xd4_Pc\x0a\xca\xbc(\
JR\x93F!<\xcfC\xaf\xd7\xe1\x9e\xbb\xef\x84\xc7\
3W\xd4N+\xb2C\x92(`d\xc0$\xd3\x07\xe1\
p\x18\xd1h\x94z\xedV\xb3\x12\x14\x0a\xc30\xd0\xeb\
\xf5\x08\x87\xc3t\xa7\xa1\xc5b\xc9x\xc3&\x0f_\xe9\
\x03\x98<\xe4\x93\xc9$\xca\xcb\xcba\xb5Z%R\xf3\
\xc3\xb2,\x06\x06\x06\x10\x08\x04\xd0\xd9\xd9\x09\x96e\xe9\
1C\xa5P\x10\x04A@ww7:::r\xae\
'\xd2J4\x1a\xc5\xb1c\xc7\xe0r\xb9\x14\xef}\xa9\
\x95/\xf1\xce\xcb\xa3\xd3\xa8D\x13\x18\xd1\xe1jcc\
\x03\x06\x07\x07q`\xff^\x98L&D\x22\x11\x18\x0c\
\x86\xa2\xfa\xe7RA\x14\x8d\xb8x\x08x\xbe\x01;\x16\
\x8b\xe5=\x1a\x8a\xe38\xcc\xcc\xcc \x91H\xe0\xe0\xc1\
\x83x\xee\xb9\xe7044\x84H$\x82\x9a\x9a\x1a\xd8\
\xedv\xfa;2\x1a\x8d\x98\x9e\x9e\xc6\x8b/\xbe\x88?\
\xff\xf9\xcf\xd8\xbbw/\xa2\xd1(\xce=\xf7\x5c\xbc\xe9\
Mo\xc2\x8e\x1d;`\xb5Z1;;\x8b\xd1\xd1Q\
\xfc\xeaW\xbf\xc2\x0b/\xbc\x80#G\x8e\xc0n\xb7\xa3\
\xae\xae\x8eZ\x94\x16\xdb\xc7\xe4\x08\xa2E\xd5,\x1e\x14\
\x1e\x8dF\x11\x0e\x87\xc1\xf3<\xfd\xbd\xb1,K]R\
\x10\xa5\x94LIZ,\x16\x84B!LOO#\x16\
\x8bA\x107\xf7\x1c>|\x98\xd6\xb1e\xcb\x96E\xfd\
\xdex\x9e\x87\xcdf\x03\xc7\xb1x\xe9\xa5\xe7\xd1\xd3\xd3\
\x05\xb7\xbb\x02\x0d\x0d\x8d\x8bZ6p\x82\xe5GY\xf9\
*\xa2OK\x86\x89\x8c\xf8\x82\xc8S4Or\x91H\
\xa4*T\xa0\x10\xb5\xe4d\xd5\x99\x15\x91\x8b\x822\x17\
M\xc9j)B\x10\xcf\x0b`9\x1d\x1e\xfc\xf3\xbd\x98\
\x9d\x9d\xc9\xb2Xi\xc5d2\x81eYz\x14\x11Y\
\x03B\x1e\xa6\xf1x\x1c\xa9T\x0a~\xbf\x1f\x5c\x89v\
\xaf\x11KA,\x16\xa3\x9e\xe8\x03\x81\x00}\x90\xcb\x15\
.\xe9\xdf\x0c\xc3`ff\x06\xbc\xb8fG\xeb\xc3\x96\
\x11\xdd\x0c\xbc\xfc\xf2\xcbX\xbbv-\x5c.\x17\xc6\xc7\
\xc7122\x82\x0d\x1b6\xc8\xb3\x17\x0c\xc30\x18\x1d\
\x1dE0\x18\xc4\xc6\x8d\x1bsz\xe3\xd7\x02#\x1eM\
\x14\x08\x04\xe0t:\xc1+l\xf5/\xad\xf2\xa5\xd0\x09\
\x15\xa2\xf2\x93n\xe33O\xff\x0b<\x9f>|\x99\xe7\
\xf9\x9c\x96\xa3\x95\x80a\x18\x84B!\xaaT\xc9\xef-\
\x81eYx<\x1e8\x9dN\xf1~+\xe7#V\xbe\
\x86\x86\x06l\xdd\xba\x15F\xa3\x11\x13\x13\x13x\xe8\xa1\
\x87\xf0\xcc3\xcf`hh\x08mmm\xd0\xeb\xf5\xf8\
\xfe\xf7\xbf\x8f?\xfc\xe1\x0f\x18\x1f\x1f\xc7E\x17]\x84\
\xb7\xbd\xedm8\xeb\xac\xb3`\xb3\xd9\x10\x8f\xc7\xe1\xf1\
x\xe8\xb2\x80\xde\xde^<\xf6\xd8c\xd0\xe9t\xe08\
\x0e\x1e\x8f\x07\x13\x13\x13\xf0\xf9|0\x1a\x8d0\x9b\xcd\
`T<\xf6\x17\xcb\xc8\xc8\x08]gh0\x18\xa8\xab\
\x1a\x83\xc1\x80\xf9\xf9y\xbaK\x99l\x00a\xc4\xb33\
S\xa9\x14\x5c.\x17\xfd\xae\x83\xc1 \xc6\xc7\xc711\
1Ae\xaf_\xbf\x1e\xd5\xd5\xd5\x92\xda\x8aG\xa7\xd3\
\xa1\xbc\xac\x1cS\x93cx\xf0\x81{Q[W\x8fM\
\x9bOB2\x99\xa4\xcf\x8a\x13\xacn\xd2\xcaW\x91}\
7]\xac\xc8\xc2\xd0^Tc\xb6\x02\xc8\xde}(\xc6\
\xae(\x19\xf5kn\x8c\xe6\x8c%a\xd1\xb5-Z\xc0\
q\xdf9\x0f\xfe\xf9^\xcc\xccLg\xb8 (\x14\xa3\
\xe8\x8f\x89(`\xe4\x0d\x9d<P\x13\x89\x04}\x0bf\
Y\xb6$\x0a\x18\xc7q\x88\xc7\xe3\xd0\xeb\xf5`Y\x16\
\xd3\xd3\xd3(++\xa3\xe9r\xa5\x8b|fDK\x9d\
\xc1`@KK\x8bf\xe5\x0b\xa2\x97\xfc@ \x80\xad\
[\xb7\x22\x1e\x8f\xa3\xa7\xa7\x87\xee\xcaZ,\xa9T\x0a\
\xa3\xa3\xa3\xa8\xab\xab+\xd8\x22\xa7\x04/\xee\x04%\x83\
\xab\xd25\x96R\xf9*\xae\xe7d\x92\xfenbX\xbb\
n\x0d\x1ey\xe4\x1f\x98\x9b\x9b\xa5\xd3\xc4\xc4\xca\xaat\
\x1d+\x01\xcb\xb2H$\x12\xd0\xe9t9\xdd(p\x1c\
G\xdb\x9f\xeb\x05\x87\xf4K\xe2\x19\x9fL\xe1\xb5\xb4\xb4\
\xc0$\x1ey555\x85\xef}\xef{(//\xc7\
\x8d7\xde\x88\xb7\xbe\xf5\xadhmmE8\x1c\xc6\xdc\
\xdc\x1c|>\x1f\x16\x16\x16077\x87\xa3G\x8f\xe2\
\xc0\x81\x03x\xfc\xf1\xc71??Ow.\x92\x1d\x83\
\x91H\x04\x93\x93\x93\x18\x1f\x1f\x07#\xee\x8e$\x8aP\
\xb10\xe2tl\x7f\x7f?x\x9e\x87\xddn\x87\xc9d\
\xa2\xd6\xafd2\x89\x8a\x8a\x0a444\x808\xab\x8d\
D\x22\xb4\xceT*E-fz\xc91M\xe4y\xa2\
\xd7\xeb\xa1\xd7\xeb\xa1\xd3\xe9\xc0\xb2,8\x15W\x1f\x85\
 \x08i+\x98\xc9d\xc4C\x7f{\x10\xfb\xf7\xbe\x8a\
m;v\xd2\xdf\xe0\x09%l\xf9a\xe8+X~\xb8\
\x1b>\xab`\xf9\x92\xb0\x1c\x0a\x96\x86,\xc5\xa32(\
+\xc7.=\xc5)X(4\xf3\xa2(IM%\x11\
\x22'-\x94(_\x0f\xfc\xf9^\xcc.R\xf9\x82\xa8\
\x80\x91\xa9@\x88\xf2\xe5\x08\x82\x80X,\x06\x9b\xcd\x06\
6\xcfB\xe2|\x90\xb7\xe5x<\x8e\xaa\xaa*x\xbd\
^\xba\xb3I\xaalA\xacW\xfa9\x1a\x8d\xa2\xb2\xb2\
\x12\x95\x95\x95\x8a\x16!%\x12\x89\x04\x8e\x1e=\x8a\xd6\
\xd6V\x98L&jAhoo\x97g-\x18A\x10\
\xe0\xf5z177\x875k\xd6hjO.\x04A\
@0\x18\xc4\xc4\xc4\x04,\x16\x8b\xaa\xbc\xc5*_\x8a\
\xcf\xb5\xe2\xbb\x10\x00 \xddT\x16c\xa3#8p`\
\x0f\xf4z=Urr)/+\x01\xd9\xedG\xd6M\
\xa9\xdd\xe7X,\x86`0\x98\xd7g\x1b\xcb\xb2\xf0\xfb\
\xfd\xa8\xaf\xaf\x07\xcb\xb2H&\x93`Y\x16V\xab\x15\
\x8d\x8d\x8d`\xc5uIUUU8\xe9\xa4\x93\x10\x8f\
\xc7133\x03\xbf\xdf\x8f\xb9\xb99\x0c\x0d\x0d\xe1\xd5\
W_\xc5\x0b/\xbc\x80]\xbbvQ\x1f[^\xaf7\
C\xa1g\xc53L-\x16\x0b8\x8e\x83\xdf\xef\xc7\xcc\
\xcc\x0c|>\x9f\xb8`=m%#S\xbd\xd2\x17\x17\
9$\x8d\x93\x1c-\xc4\xb2,\x02\x81\x00B\xa1\x10R\
\xa9\x14\x9cN']\xd8O\x0e\x10\xaf\xaa\xaa\x82\xdb\xed\
\xa6\xcf\x1d\x83\xc1@]\xd8\x90\xb5\x98sss\xf4\x85\
\xcej\xb5\xc2\xedv\xd3\xc5\xfa\xf3\xf3\xf3\x08\x06\x83\x80\
h\xc1\x22\x0a\x19y\xee(\xb5U\x09F\xb4\xfa\x19\x0c\
\x06TTT\xa0\xaf\xef\x08^x\xfe\x19\x18\x0cF\xac\
Y\x93vp\x9c\xeb\xbb\xfd\x8f`\x85.]K\xb5\xdc\
\xf5T\xf9Z\xc4\x93GcQ\x8d\xd9\x0a'\xc7\xc0\xab\
\x9e\xb2\xb4\xd0z57@s\xc6ES\xb2\x9aJ&\
HNn\xc1i\xe5\x8b+\x99\xf2E\x1eN\xa1P(\
\xe3a]QQ\x81d2\x09\x9dNG\x1f\xce\xe1p\
8\xef\x1a\x98|\x90:\x12\x89\x04\xdd\xda\x0e\xf1\xc1-\
W\xbc Q\x06y\x9eG<\x1eG$\x12\xa1\x03\x9a\
\x16\x88\xc7\xf9\x96\x96\x16\xe8t:\x1c=z\x14\x16\x8b\
E\xb3\xbf05\x04\xd1\xf1ioo/\xdcnw\x86\
\xf5\xae\x18\x88\xbc\x9e\x9e\x1e0\xa2\xeb\x015\x8aU\xbe\
\x14\xd7\xa2*D\x15\x03\xc3\xb0H\xa5\x92\xe0y\x1e\x8f\
<\xfc\x10\xf4\xe2\x91>\xc4*\x22\xac\x22K\x04Q\x5c\
\xc8zC5t:\x1d|>\x1f\x5c.W\xce\xb6s\
\x1c\x87\xf9\xf9y\x98L&TUU!\x95JO\xbb\
\x92\xfe\xc5\xb2,\xaa\xaa\xaa\xe8nB\xb3\xd9\x8c\xf9\xf9\
y\xec\xdb\xb7\x0fO<\xf1\x04\x9ex\xe2\x09x\xbd^\
\x94\x97\x97c\xc3\x86\x0d\xf4\x0c\xcf\xd1\xd1QE\xeb,\
#.\xda7\x1a\x8d0\x89\xaeZ\xbc^/fff\
\xe0\xf5z\xe9\x0b\x1a\xb1\xecI\xef=i\x93^\xafG\
*\x95\xc2\xfc\xfc<\xc6\xc7\xc7188\x08\x9f\xcf\x07\
\xa7\xd3\x89\xa6\xa6&\xb4\xb5\xb5\xc1\xedv\xc3j\xb5f\
\xfd\xd68\xd11\xab\xd3\xe9\xa4;##\x91\x08\x9d2\
\x8d\x8akI\x8dF#*++\xc1q\x1cL&S\
\x86\xa5}nn.\xe3\xc83\xe2\xf7\xabP%\x8c\xe0\
r\xb9\x90J&\xf1\xf8c\x8f`bb\x1c'\x9d\xb4\
\x0d6\x9bm\xd1\xcb\x00^\x8b\x1c\xbf\xda\x95\xbb\xee|\
5\xb3\xe9'O\x11O\x1fR,OQ\x8d\xd9\x8aC\
 \x07\x09J\xa2\x96\xba\xce\x1c\xd0z\x0bj\x80\xe6\x8c\
ES\xd2{R2Ar\x96L\xb0&b\xb1\x18}\
\xe8\xe9\xc4\x85\xf7dZ\xb0\xa6\xa6\x86*H\xc9d\xb2\
$\x0f32\x05A\x14\xaah4\x0a^\xdc\xb9\xc5\xf3\
|F q\x04\xaf\xd7\x8bP(\x94\xb7\x0d\x82\xb8C\
\xb2\xbf\xbf\x1f\x95\x95\x950\x18\x0cH$\x12\x08\x85B\
\xd4\x92Q,\x82h%\x98\x9f\x9fG<\x1e/\x89K\
\x05\x96e\xe1\xf5z\x11\x08\x04\x96\xc4\xf5\x87\xa2\xe2U\
b\x18\x86EGG'\xd6\xae\xdd\x80h4J\x07\xf8\
\xd5\xa4xAb\xa1\xc9w^(y\xf1\x98\x9f\x9f\xcf\
R@\xa4p\x1c\x07\x87\xc3\x81\xe1\xe1a\xc4\xe3qE\
\x99\x82h\xc5\xdd\xbd{7\x1e~\xf8a\xfc\xecg?\
\xc3}\xf7\xdd\x87x<\x8eSO=\x15\xe7\x9e{.\
\xda\xda\xda2,Ai%;[\x96\x1cb\xfdq\xbb\
\xdd\x80\xe8\xdaa\xdf\xbe}\xe8\xee\xee\x86\xcf\xe7\xa3V\
eH\xa6]\x07\x06\x06\xb0\x7f\xff~\x1c>|\x18\x93\
\x93\x93\xa8\xa9\xa9\xc1\x96-[\xb0e\xcb\x16\xd4\xd4\xd4\
\xe4\xbc^\xd2&F\xdc\x09YSS\x83\xad[\xb7\xa2\
\xa6\xa6\x86\xba\x8da\x18\x86\xae+e%;\x12u:\
\x1d\xecv;*++\xe9\x8e\xe7}\xfb\xf6\xe1\xc0\x81\
\x03\x98\x98\x98\xa0\xf9\x8b\xc1d6\xa1\xb3s\x0d\xfe\xf9\
\x8f\xbf\xe0\xdd\xd7^\x86\xe7\x9fO\x9f\xf1\xba\xd8\xdf\xe6\
k\x91\xfc\xbdf\xe9\xc9\xd5\x86\xc2\xbfa\x8d\xe3\xa3\xc6\
l\x85!\xe0\xb8\xc2\xa5\xa2t-7Te\xa0\x7f\xc8\
s(QP\xe6\xa2)I\x0d\xd2\xa6.Z\x98\x9c\xe2\
\x04\x17^\x22?dm\x06D\xbf_\xe4\x8d\x99eY\
X,\x96\x0co\xe5>\x9foQ\x0f3R6\x1c\x0e\
\xc3\xef\xf7\xd3\x9dqdp\x22\x81\xe4%\x81\x0cF$\
>\xdf\xa0\xc4\x88kq<\x1e\x0f\xdcn7t:\x1d\
\x06\x07\x07\xe9[\xf8b\xae\x01\xe2\xc0<11\x01\xbb\
\xdd^\x92\xb5^\x10\x8f&\xe28\xae$kb\xa4(\
*^K\xd0\x91\x18\x86A]}\x036m\xde\x8aX\
,\x0aNtK\x10\x15]\x16\xac\x16\x18\xd1\xa1\xa8t\
]\x92\x12\x1c\xc7\xa1\xac\xac\x0c~\xbf?\xe3\x05@\x0e\
\xcf\xf3p:\x9d\x18\x1f\x1f\x87\xd7\xebU\xbcVA\xb4\
l\x0e\x0d\x0d\xe1\xc0\x81\x03hll\xc4\x85\x17^\x88\
m\xdb\xb6\xa1\xb2\xb2\x12Qqw\xb1\xb4\x8f\xeb5\xf8\
\xb3#\xe9\xe4:l6\x1bjjj\xe0t:\x11\x0c\
\x06q\xf4\xe8Q\xec\xd9\xb3\x07\xa3\xa3\xa3\x88\xc5b8\
r\xe4\x08\x0e\x1e<\x88\xa9\xa9)Z\x87\xc5b\xc1\xc2\
\xc2\x02\x86\x86\x860>>\x0e\xbf\xdf\xafI\x09b\xc4\
5g<\xcfcff\x06\x03\x03\x034\xad\xa3\xa3\x83\
\xdec\x8f\xc7\x83H$B\x153At\xe0j2\x99\
PQQ\x81\xba\xba:\xf0<\x8f\xb1\xb11\xbc\xfa\xea\
\xab\xe8\xe9\xe9\xc1\xdc\xdc\x5cF\xbf\xc9w\x1f \x91\xbb\
y\xcbV\xe8u,\xbe\xf9\x8d/\xe2\xcf\xf7\xdf#\xfe\
\xd6K\xdc\xd9_\x030\x00\xc4\xf5\x00+\x06#\x09R\
r\xf7,\xe9\xd8\x98\xe3\xbb\x93gQ\xc9V\x18\x022\
\x15-\xb1\xf3\xc8\xeb)Y}\x1a\xa0\xf5e6)O\
\x03\xe4-\xcd\x99\xb9`\xe4\x92\x17U\x8b\x5c@QB\
\x94\x90\x0b\xd5.\x5c^B[\xa9\xc2\x10$\xdb\xc6!\
.\xb6\xb7\x88\xe7A\x9aDO\xd6\xd2\x01\x8aX\xa3\x8a\
\x85\x918W\x8c\x8bG\xfe$\x12\x09\xa4\xc4\xc3t\xa5\
\xca\x96\xf4o\xb9\xf2\x95\x0bA\xb4z\x1d<x\x10\x0e\
\x87\x03N\xa7\x13\x91H\x04###\xa8\xac\xac\xd4l\
QP\x83\x15\xd7\xc6\xcc\xce\xce\xa2\xae\xae\xae(Y\xe4\
\x1a\xc8 \xe7\xf1x\xe0\xf1xrN7\x16\x8a \xfe\
\x93D,]G\x12\xe1y\x1e\x17\xbf\xe9-H&\xd3\
\x96E\x9dNG\xd7\xff\xac\x16H\x9fO$\x12\x88\xc5\
b\xf2\xe4\x0c\xacV+\x82\xc1`^\x05\xd2d2\xc1\
n\xb7\xd3\xb38\xe5\x90\xfe\xae\xd7\xeb\xe9\x11Af\xb3\
\x99nn!\xbf\x09\x82\xdc\xc2,H\xce9\x8d\x8b\xe7\
\xb4\x0a\xa2\x05V\x9a\x8f(\x89F\xa3\x11N\xa7\x13.\
\x97\x0bz\xbd\x1e\xf3\xf3\xf3\x18\x1b\x1b\x83\xc7\xe3\xa1\xb2\
M&\x13\x9dB$\xd6\xd6\xe9\xe9i\xf4\xf6\xf6\xe2\xc8\
\x91#\xb4\x9e|D\x22\x11tww\xd3\xcf\xeb\xd6\xad\
Css3\xd6\xae]\x8b\xf5\xeb\xd7\xa3\xa5\xa5\x05z\
\xbd\x1e~\xbf\x1f\x1e\x8f\x87\xba\xb0 p\x1c\x07\xab\xd5\
\x8a\xb2\xb22\xd8l6$\x12\x09\x0c\x0f\x0f\xa3\xa7\xa7\
\x07===\xf0z\xbdT1%\xd7*m\x17\xb97\
d\xe9\x82\xcf\x97\x9e\xfe\x9c\x9c\x98\xc0\xcd\xbf\xfc1\x86\
\x87\x07\xc1q\xc7\xad\x7f\xffq0L\xb6\xf6\xb3\x02H\
\x9b\x90\xa9|i\x1c\xe54f+\x1c*4S\xf2\x92\
\xd4\xa5\x01is\xb4)Z\x84\x822\x17E\xc9\xa4/\
YS\x8b\x17\x5c|\xc9\xe2\x10\x04!c!} \x10\
\xa0\xd6(\xbb\xdd\x8eH$B\xbdWC\x1cLK\xf1\
\x10\x93.(7\x18\x0cY\xca\x16\xf9[\xfaY\xaf\xd7\
\xd3#Q\xc8\x83V\x09V\x9c\xc2\xeb\xef\xefG{{\
;8\x8e\xc3\xd4\xd4\x14\x00,z\xad\x17\xc4{Fv\
i:\x9d\xce\x82\xe4\x91\xeb\xd1\x89\x8b\x8d\xfd~?\x06\
\x06\x06\xd0\xd3\xd3C}(\x95\x02Ek\xd72\xb1u\
\xeb6X,\x16\xaal\x84\xc3\xe1EM\xf3.\x05d\
MT.K\xae *iV\xab\x15~\xbf_5\x1f\
De\xa9\xba\xba\x1a\x93\x93\x93\x8a\xd64Ft\xb1B\
^\x22H\x9f\x96+]\xa4\x7fDDO\xf9\xa4,\xc3\
0\x08\x06\x83\x88\xc7\xe3\x98\x9b\x9b\xc3\xc8\xc8\x08\xa6\xa7\
\xa7\x11\x89D\xc0\xf3|\xc6\xa6\x06\xf2\xbb!eM\xe2\
1?\x0b\x0b\x0b\xd0\xeb\xf5(++\xa3\xfe\xf2H{\
\xc8\xc6\x1bA\xdc\x5c3??\x8f\x81\x81\x01:m\x9c\
\x8b\xee\xeen\xaa\xc4677\xa3\xbe\xbe\x9e^\x1bY\
\xf7\xb5n\xdd:\xec\xdc\xb9\x13\xf5\xf5\xf5H$\x12\x98\
\x98\x98\x80\xc7\xe3A<\x1e\xa7S\xad\x82\xf8\xd2d\xb1\
X\xe0r\xb9\xe0p8\x10\x89Dp\xe8\xd0!\xec\xda\
\xb5\x0b\xe3\xe3\xe3\x08\x87\xc3\xd4:L\xea0\x18\x0ct\
A\xff\xbe}\xfb\xb0g\xcf\x1ex<\x1e\x98\xcd&\x98\
-fX\xad\xda\x8f`\xfbw\xe3x\xcfZ\x05\xda\x97\
\xa4\x15\xac\x96\x91N\x9a%G\xb6\xe2Q\xd0n\x96\xb4\
>\x0d\x14\xa6la\xc9[\x5c\xd2\xef\xa0d\x82\xa4,\
\xae\x85\x85\x96dK\xfc&\x93L&\xa9\xf5+\x16\x8b\
ahh\x08\xe1p\x18ccc\x19V\x8b\x9a\x9a\x1a\
I\xa9\xc5\xc1\x8b\xeb\xbd\x04\xf1\x80\xde\xa4\xe8\xa3\x87\x04\
b\xed\x22\x9f\xc9\xb6|\xb3\xd9\x0c\x97\xcb\x05>\xc7N\
&A\x10044\x84\xba\xba:\xb8\x5c.\x84\xc5\x03\
\xaf\x9b\x9b\x9b\xf3N\xa5h!\x16\x8baff\x06\xb5\
\xb5\xb5\x80X\x9fV\x04qjdll\x0c\x87\x0e\x1d\
Bww7\xb5xY\xadV\xc5\x81\xbb$ho\xe2\
\xa2\x10\xc4\x1dh_\xf9\xda\xb7\xe8\xba/V\xe2On\
\xb5\x90J\xa5\xa8\x7f\xad\x5c\xdf_J\xdc\xf5\x17\x08\x04\
2\xac5r\x04A@YY\x19\x92\xc9$\xe6\xe7\xe7\
\xb3\xd2 \xf6\x1b\xa2d\xe4B\x10\x04\xbah\x1d\xe2\xef\
\x93\xe7y\x18\xc5#\x9b\xce=\xf7\x5c\xdct\xd3Mx\
\xeb[\xdf\x0a\x9f\xcf\x87X,\x86h4\x8aD\x22\x01\
AeJ^\x10\x04$\x93I8\x9dN\xaadAb\
y\xf5\xf9|T\x91imm\xc5)\xa7\x9c\x82\x8d\x1b\
7B\x97\xc7\x8dEWW\x17\xbc\xe2qeUUU\
\xe8\xe8\xe8\x90g\xa1\xbfaA\x10\xd0\xd0\xd0\x80\x9d;\
wb\xcb\x96-(++C(\x14\xa2\xee6\x94\x14\
t\xa7\xd3I\x0fC\x1f\x1d\x1d\xc5\x81\x03\x07p\xf8\xf0\
aLLL \x99L\xc2\xe3\xf1\xd0\xa9\xd4\xbe\xbe>\
p\x1c\x87\xfa\xfaz\xb8\xddn0\x0c\x0b\x8b\xc5\x8a\xb2\
\xb2\xf2\x9c\xcf\x8b\x7fw\x18:\x05)OY\x19\x18\x00\
\xac|\xc8T\x0aEA\x05\xc8\xa6\x0e%\x9d\x90\x86R\
\xd5\x99\x0fQ\xb8B\x93\xb2\x822\xf2V\x96\xa6\xc5r\
IJ!'\xf2\xcc\xf9BA\xc8\x0b\xab\x05e\xe4\xb9\
\xd4Ba\x88o\xcb%\xfa%1\xe2\x96m\x97\xcbE\
\xd7zAr\x0e#\xc1j\xb5\x22\x1a\x8d\xd2\xb7\xd4R\
@\x14.b\xf9\x92*\x5c\x10\xd7\x85-,,d\x1c\
\xfe\x9b\x10\x1d\xc0\x02\xe9\x87\xba\x1c2p\xcd\xcd\xcd\xa1\
\xb3\xb3\x13\x00055\x05\xbd^\x8f\xca\xcaJ\xc5\x07\
|!0\xe2Vz\x83\xc1@\xe5\xe5{\xa8\x13K\xc7\
\xcc\xcc\x0czzz\xd0\xdb\xdb\x8b@ \x00\xb7\xdb\x8d\
\xcd\x9b7\xc3j\xb5\xc2P\x12o\xf0d\xa2Qr_\
\x8a\xebd\xc5#\x00\x0c\xc3\xe2\xcc\xb3\xce\x86\xdb\x9d\xbe\
?F\xa3\x11\xa1PH\x9esE\x11DKj*\x95\
BD\xe2\xb3J\x0e/\xae\xe7\x22\xd6(5H\xdf4\
\x9b\xcdXXX\x90'\x83\x91L;\xe6R\xe2H_\
\x09\x85B0\x1a\x8d\x08\x04\x02\xb0\xd9l\xd8\xb8q#\
\xde\xf9\xcew\xe2\xf2\xcb/GCC\x03\x9e~\xfai\
x<\x1e\x5cq\xc5\x15\xf8\xe1\x0f\x7f\x88\x8f\x7f\xfc\xe3\
\x08\x04\x02\x08\x06\x83\x08\x87\xc3Ym\x95\x8e9\x90\xfc\
\xeeI\x1aq\xabA\xd6e-,,`vv\x16\x89\
D\x02\x1c\xc7\xd1)?\xe9}\x1a\x18\x18\xa0\x16e\x87\
\xc3\x81\x8d\x1b7\xd24%\x18q7c\x22\x91@y\
y9\xda\xdb\xdb\xb1y\xf3f\xb4\xb5\xb5\xc1f\xb3\xd1\
5\x9a\xa4\x1d\xd26Z,\x16\xb8\xddn\x94\x97\x97#\
\x91H`||\x1c\xbd\xbd\xbd\x18\x1a\x1a\x82\xcf\xe7\x83\
\xcdfCEE\x05\xdd\x1d*\x08\x02\x04\x9e\x87\xc9d\
\x86\xcdf\xcby\xcf\xffS`\xc0\x1c\x9f\x82T\xee\xee\
\xcbFiF\x10B\xc6h\x9a\xfd\xc4\xcb\x8eY\x1e\xa8\
RUT\xfd\x19\x17UR\x16-u\xd1\x02\x94\x90^\
oq\xc2\x17Wz\xe5 \x0bo\x89\xc9\x1f\xe2\xba\x11\
V\x5ct\xefr\xb9\x10\x958\xcd\x5c,\xc4\x22B\x94\
/ \xfd\xc0L\x89^\xf5\xc7\xc7\xc7\xe99\x90N\xa7\
\x13n\xb7\x1b\x0e\x87\x03\x89D\x82>\x98\xe5\x08\xe2\x11\
)d\xd7Tyy9\xa2\xd1(fff\xd0\xd4\xd4\
T\x92\xb7\xdfx<\x8e\xd9\xd9Y444\xe4T\xbc\
\xc8`\x15\x8f\xc7\xd1\xd5\xd5\x85\xbd{\xf7b||\x1c\
n\xb7\x1b\xed\xed\xedhooGYY\x19\x12\x89\x04\
\xe6\xe6\xe6`\xb3\xfd\x9bL\x8d0@\x22\x11Gss\
+.\xfe\xaf\xb7P\xe5K\xaa4\xaf\x06\xc8\xc0N\xda\
\x96\x0b\xd2G\xf3\xad\xfb\x12\x04\x01V\xab\x15\xe3\xe3\xe3\
\x8a\xd3u\x82\xa8\xf0\x092\xd7\x0f\x82\xb8v\x8beY\
\xf4\xf5\xf5\xa1\xbf\xbf\x9fnBy\xfb\xdb\xdf\x8e\xeb\xaf\
\xbf\x1e\x9b6m\xc2\x8b/\xbe\x88\xdf\xff\xfe\xf7\x88\xc7\
\xe3x\xcf{\xde\x83\x9bn\xba\x09\xefx\xc7;p\xf7\
\xddw\xe3\x0f\x7f\xf8\x03\xce?\xff||\xfd\xeb_\xc7\
\xb7\xbf\xfdm\xd8\xedv\xea\x7f\x8b\xd4#U@H\xdf\
$\xf1\xa9T\x0a\xe5\xe5\xe5`Y\x16\x83\x83\x83\x18\x19\
\x19Aoo/\x0e\x1c8\x80\xbd{\xf7\xa2\xab\xab\x0b\
\xe3\xe3\xe3\x88\x8b\xbb9'''188\x08\x88\xbf\
\xe5\x0d\x1b6d(K\xb9\x90\xe63\x18\x0c(++\
\xc3\x9a5k\xb0~\xfdztvv\xc2b\xb1`n\
n\x0e333\xb4>\x92_\xba>,\x16\x8b\xc1b\
\xb1Pk\x9e\xbc~\x01\x02\x0c\x86\xf4i\x00Z\xda\xf5\
\x9f@\xba\xd7\xa9\xf7\xe1\xe5b\xf1\xcaW\xc6H\x9b9\
\xecJ?-\xeb\xd7.V\x98\xdb\x8a\x95\x8f\xa5ku\
\xd1\x92\x97\xec\x86.^\xe8\xe2%\xac\x0e\x1c\x0e\x07}\
3\xdf\xb1c\x07\xce<\xf3L\xbc\xfe\xf5\xafGYY\
\x19\xe2\xf18\x0c\x06\x03\x8c\x8b\xf4+F\xe0y\x1e\xc1\
`\x90Z\xd8b\xb1\x18\xbc^/\xddmE\xce\xb2#\
\x169-u\x927\xeb\xf9\xf9y477#\x16\x8b\
Q+\x80\xbd\x04g.B\xb4\xd6\xc5\xe3q\xd8\xed\xf6\
\xac\xb7iF\xb2\x91`nn\x0e\x07\x0f\x1e\xc4\xfe\xfd\
\xfb\x91J\xa5\xb0~\xfdzl\xde\xbc\x19UUU\xd0\
\x89\x07+\xa7R)\xf4\xf4\xf4\xd0{P\x5c\xfb\x18\xda\
\xfb2J\xaf`\x87\x14\x04\x01:\x9d\x1e\x0dMM\xf4\
\x9ep\x1c\x97wq\xfbr#\x88\xca\xd0\xc2\xc2\x82\xea\
\xbd'}\xca\xe1p\xe4]\xf7\x05\xf1\x85%\x16\x8b!\
\x16\x8be(jD\x0e\xb1\xf2\x12\x88\x15yhh\x08\
/\xbe\xf8\x22\x06\x06\x06p\xe8\xd0!\x5cr\xc9%\xf8\
\xf6\xb7\xbf\x8d\xba\xba:|\xeb[\xdf\xc2_\xfe\xf2\x17\
\xd4\xd7\xd7\xe3\x8f\x7f\xfc#\xae\xbd\xf6Zp\x1c\x87\xaf\
|\xe5+\xf8\xf2\x97\xbf\x0c\xb7\xdb\x8d\x1f\xff\xf8\xc7\xb8\
\xe1\x86\x1b\xb0m\xdb6\xb4\xb5\xb5\xe1;\xdf\xf9\x0e>\
\xf4\xa1\x0f\xd1\x17\x0e^a\xa3\x8ct\x8a\x9b\xa41\xe2\
\xf9\xabUUU\xa8\xad\xadEyy9]\x03:2\
2\x82\xdd\xbbw\xe3\xd9g\x9f\xcdX`\xdf\xda\xdaJ\
\xa7'\x95\xac\xe2\xf2z\x95 \xf7\xc6\xedv\xa3\xb3\xb3\
\x13;w\xeeDUU\x15\xa6\xa6\xa6077\x97\xf5\
[\xe3y\x9e\xae\xa1S\x93/\x08\x00\xcb\xa5=\xea\xab\
\xe5\xf9O\x84*`+h\x01\xcb\xee%\xb9 \x0f3\
\x1a2#\xe4\xc9\xcb\x86\xa4R\xa1$\x16\xae\xc2K\xe7\
\xa2(\xc9\xf2B\x9a\x0b\xe6B.\xb0p\xc1\xf2\x92\x85\
KX\xfd\x94\x95\x95\xc1l6\xd3E\xe0\xc7\x8e\x1dC\
0\x18\x04\xcf\xf3%Y\xacN \x03BR\xf4\x1d\xe6\
\xf3\xf9\xc0\xf3<***P[[\x0b\x9bx\xf0\xb1\
 Z\x06\xa4\x03\x99\xfcAL`\x18\x06>\x9f\x0f~\
\xbf\x1f\x0e\x87\x03\x06\x83\x01cccp:\x9d\xe0D\
\xdfN\xc5\x22\x88V\xb5\xd1\xd1Q\xd4\xd6\xd6\xc2`0\
P\xc5\x02\xa2Elnn\x0e\xfd\xfd\xfd\xe8\xeb\xeb\xc3\
\xd4\xd4\x14\xdcn7\xb6l\xd9\x82u\xeb\xd6\xc1`0\
P%\x93\xac\xe1\x09\x06\x83\x10$\x96\xbf\x7f\x17X\x96\
\x85\xdf\xef\xc5y\xe7]\x88\x86\x86\xb4\x02f2\x99\xf2\
\xae\xafZn\x88\xa2\xc1\x8b\xeb\x0f\xd5`\xc4\xb5PI\
\xd1il.t\xa2\x9f\xbc\xa3G\x8f*nN1\x9b\
\xcd\xd0\x8b\x0eh\xa7\xa6\xa6p\xf0\xe0A\xec\xdd\xbb\x17\
\x93\x93\x93hmm\xc5\xf6\xed\xdb\xd1\xd1\xd1\x81}\xfb\
\xf6\xe1\xc6\x1bo\xc4=\xf7\xdc\x83k\xaf\xbd\x16?\xfb\
\xd9\xcfp\xe6\x99g\xe2\xae\xbb\xee\xc2\x0f~\xf0\x03<\
\xf9\xe4\x93x\xeb[\xdf\x8a\x1f\xfd\xe8G\xf8\xc0\x07>\
\x00\x9dN\x07\x8f\xc7\x83\xd1\xd1Q\x0c\x0f\x0fcjj\
\x0a\x07\x0e\x1c\xa0\xeb\xc0\xc8o\x86\xfc\xa6 Q\xbe\xa4\
\x16\x5cA\xb4\xc2\x91\xdf\x9cN\xa7\x83\xd9l\xa6\xbfK\
\xf9\xd4\xbd\xc5b\xc1\xf4\xf44zzz\xd0\xd7\xd7\x87\
\xbe\xbe>\x0c\x0f\x0fcaa\x01\xd1h\x94*HD\
1\x93\xd6C\xdaA\xeab\xc4M\x09\xc1`\x10\xd3\xd3\
\xd3\x88F\xa3\xd4Q\xaa\xd4:\xc9H\x94\xc9\x5c\xbfi\
\x9e\xe7\xc1\x80Yio\x0b\xab\x92\x0c\xbdk\x05\xeeO\
\xb6\xf2%\x1fU\x05HLH\xe9 ]U\xb1\xac\x03\
\xb0\xc2\xda,\xa9\xb2\x95\xbb\x0d\xf2\xd6\xca\xc3\xe2\x91K\
T\x95,\xcf\xa0\x14\x16\x85\x5c\x98v\xa1\xf2\x12\xf2\xf0\
\x9f\x82\xd9l\x86\xddn\xa7o\x8c\xc4\x93u\xae\x07]\
\xa1\x90\x07'+\x9eMW^^\x0e\xa7\xd3I]-\
\xc8\x07--\xb0,\x8b}\xfb\xf6\xa1\xa2\xa2\x02&\xf1\
l\xba\x99\x99\x19\xea|r10\xa2b777\x87\
\x8a\x8a\x0a\xb0\xe2Q/~\xbf\x1f\xfd\xfd\xfd8x\xf0\
 =\x93\xb1\xad\xad\x0d\xed\xed\xed\xd4\xad\x05Q0\xa5\
\x16\xae\xd9\xd9Y\x0c\x0e\x0e\xd2\xcd\x03\xc5s\xfcY\xb4\
\x9aH+\xd2\x95hhjF<\x1e\x07'\xfa\xfc*\
\xde\xc2\xb74\xb0,\x0b\xbd^\x8f\xe9\xe9iE\xab\x0d\
\x81(U3339\xf31\x0c\x03\xa7\xd3\x89\x89\x89\
\x89\x0c\xa5\x86\xf4\xf5x<\x8e={\xf6\xe0\xa9\xa7\x9e\
\x82\xd7\xeb\xc5\xa9\xa7\x9e\x8a\xf2\xf2r477\xa3\xa6\
\xa6\x06eee\xd8\xb8q#&''QVV\x06\
\x8b\xc5\x82\x81\x81\x01|\xf3\x9b\xdf\xc4\xf3\xcf?\x8f5\
k\xd6\xe0\xd3\x9f\xfe4\xae\xbb\xee:\xec\xdc\xb9\x13\xd1\
h\x14\xd3\xd3\xd3\x18\x1f\x1f\xc7\xcc\xcc\x0c\xc6\xc6\xc6\xf0\
\xf4\xd3O\xe3\xce;\xef\xc4\x8b/\xbe\x98\xa1\xec\xc8\x7f\
\xbf\xa4}\xf2\xfe\xa7\xa4$\x91\xeflff\x86*_\
.\x97\x0buuu\xa8\xa8\xa8\xa0/8q\xf1\x80\xf0\
\xa1\xa1!tuu\xe1\xe0\xc1\x83\xe8\xee\xee\xc6\xc8\xc8\
\x08\xa6\xa6\xa6\xe8\xeeR\xb2\xc6\x91\x11\x15\xbcD\x22\x81\
\xa9\xa9)\x1c>|\x18\xdd\xdd\xdd\x98\x9d\x9d\x05\xc30\
\xd4\xf2F\x14BB.\x8b\x17!_\xfa\x09\xc8\xdaa\
\x89\x15\xact\x8f\xf8\x9c\x1c\xff\x05e=\xbd\x8e\x0f\xb9\
+6\x00K*%JVq\x14_R+\x9ajX\
\xf2\x1bXx\x05+\xf6\xdd\xbe\x06 \x83\xc5b-F\
\xf9`Jx\xe8\xf2\xfc\xfc<\xe6\xe7\xe7\xd1\xd2\xd2\x02\
\x83\xc1\x80\xee\xeen\xbau}1\x08\xe2\x16\xf8\xe1\xe1\
a8\x1c\x0e\xba\xae\xe7\xd5W_\xc5\xc1\x83\x07\x91J\
\xa5\xd0\xd9\xd9\x89\xcd\x9b7\xa3\xba\xba\x1a\x8ch] \
\xca\x964\xb0\xe2\xce\xb2\xf1\xf1\xf1\x92+\xb4\xab\x09\x8e\
\xd3\xc1j\xb5\xe1\xedo\xbf\x1c\x89D\x92\xae\xf1\x93\xba\
PX-\xd8l6z\x9ea.\x1c\x0e\x07\xbc^o\
\xde\xf6\x9b\xcdf\x84B!\xea4\x17b\x1fJ&\x93\
\x18\x1e\x1e\xc6\xd6\xad[q\xd3M7\xe1'?\xf9\x09\
>\xf8\xc1\x0f\x22)\x1e\xe3E\xf2AT\x8cjkk\
q\xfa\xe9\xa7C\x10-Wg\x9du\x16.\xbc\xf0B\
\xf0<O7\xa2LLL`bb\x02###x\
\xe0\x81\x07\xf0\xd3\x9f\xfe\x14w\xddu\x17\x12\x89\x04\x9c\
Ng\x86\x5c\xe9o\x8da\x18\xda\x1f\x89e\x8a(Y\
\xa4\x8c\x1c\xe2\xda\x02\xe2=\xab\xa8\xa8\x00$\xbfa\x96\
ea\xb3\xd9PYY\x89\xea\xeajTVV\xd2\xa3\
\x99\xe6\xe6\xe6\xd0\xd7\xd7\x87\x83\x07\x0fb\xf7\xee\xdd\xd8\
\xbbw/\xf5\xc0O\x9c\xab\xf6\xf5\xf5\x81eY\xba\xb0\
^/9\xa3R\xfe;\x91Z\xf2r\x92'\xf9\x04D\
\xe7:\xfe/C\x11[\xa2\xfbw\xdc\xd5\x04\x901\x0c\
\xaf\xd8\x80,\xab\xb8\xf86,\xfd\x15\xe4\xacA\x9a\xa8\
\x9ai\xb1\x14_A\xe1%\xfe3!\x0f\xd5\xbc\x0f\xb8\
\x12P\x8a:\xba\xbb\xbb\xd1\xd4\xd4Dw\x9c\x8d\x8d\x8d\
\xa1\xa5\xa5eQ\xb2\xc9\xf5\x13\xc5N\xa7\xd3a\xdf\xbe\
}\x98\x9b\x9bCUU\x15\xb6m\xdb\x86\xf6\xf6vX\
,\x16D$\x0e0\xa5\x0a\x17\x19P\x89\xe2544\
\x04\xbb\xdd\x9ew\x10\x7f\xad#\x08\x02j\xebjQ\xee\
vS\xebW\xbeE\xeb+\x01Y\xafD\xdc-\xa8a\
6\x9b\xa9\xe2\xa3\x96\x8f(/.\x97\x0b333T\
\xb1I\xa5Rhmm\x85\xddn\xc7\x9e={h\xd8\
\xbbw/\xa6\xa7\xa7\xc1H\xa6\x03I\x9f\x13D\x17+\
F\xa3\x11\x1b6l\xc0\xef~\xf7;\xfc\xf9\xcf\x7f\xa6\
\x87\xc3\xf7\xf4\xf4\xe0\xf9\xe7\x9f\xc7\x1dw\xdc\x81\xdf\xfe\
\xf6\xb7\xe8\xeb\xeb\xc3\x9a5k\xf0\x8ew\xbc\x03[\xb6\
l\xa1\xe7%\x92v\xc9\xfb\x1b/\xf19F\xd2\x18\xd1\
\x12%\xbf>\x8f\xc7\x83@ \x00\x88\xeb\xda\xaa\xab\xab\
3\xd2\xa5m&\xeb\x22\x05qC\x83\xd3\xe9DEE\
\x05\x1a\x1a\x1a\xe8:N\x8e\xe3\xa8\x07\xfe\x89\x89\x09\x94\
\x95\x95\xa1\xb6\xb6\x96\xae\xcd$V9\xf2\xb7\x1c\xb92\
)'=3$\xc0\xe5t!\x95\x12NL=\x16\x00\
U\xc2\x8eG\x94\x1cz\xb6\xa3|\x1aqY\x91U\x5c\
|;\x8a/\xa9\x05\xa9\xf4\xac\x1ar&\xae.Vy\
\xf3NP\x04\x82 \xd0s\x11\xd7\xae]\x0b\x9e\xe71\
>>\x0e\xa7\xd3\x89b\x9c\xa0Br\xd0w8\x1c\xc6\
\xe0\xe0 \xfa\xfb\xfba\xb7\xdb\xe1r\xb9\xa8\xf7n\xb7\
\xdbM\xa7\xd3\x12\x89\x04x\xd1U\x06Q\xb8\xa4\xf52\
\x0cC\xa7c\xccfs\x86[\x8f\xe2I\xff\xe0\x96\xe0\
\xd9X\x12x\x9e\xc7I'm\xc3\xd6\x93\xb6!\x18\x0c\
\xd2\xb5N\xb9\x5c;\xac\x04\x0c\xc3\xc0\xe1p\xe4\xf5\xe5\
\xa5\xd3\xe9PVVF\xfdZ\xc9!\xd3ud\xfd\xd8\
\xc4\xc4\x04u\xb1!\x88\xd3\xf7;v\xec@[[\x1b\
\x06\x06\x06\xf0\x8b_\xfc\x02\x0f>\xf8 \xd6\xacY\x93\
!\x87\x17\xdd1\x90\xb5\x80\xa4Ouvv\xe2\xd9g\
\x9f\xc5\xf3\xcf?\x8f\xdbn\xbb\x0dw\xdf}7^}\
\xf5U\x98\xcdf\x9c|\xf2\xc98\xfd\xf4\xd3\xd1\xd4\xd4\
\x04\xa3\xd1\x88H$\x92\xe1+L\x10\xd7,J\xef;\
Q\xc8\xa4\x8a\x19Qt\xa4}\x97\x1c\x11\x04\xf1\x1a\x89\
uW\x0d\xa9R$H|\xf6A\xbc\x87F\xa3\x116\
\x9b\x8d\xee\xf65\x99L\xf4\xf7\xa0t\xff\x95~\xbfD\
\xf9\x92+\x94\xc7I+\xc1-\xadmH\xc4\xe3`\x19\
:\xc1VP\xf8O&C\x09\x93\xdf\x98E\xde\x1c\xea\
\xe7k\xc5\x90\xad\xd9*\xac-\xc5\x97\xd4\x8a\xa2ty\
\xb5KSu\x0e\x8a\xaf\xb4\xb8R'X\xcd\x90\x073\
9\x1c\xd8l6#&z\xc1ojj\xcaR\x82\xd4\
 y\xc8\x9a\xb3\xa9\xa9)\xec\xdd\xbb\x17\xbbw\xef\x86\
\xc7\xe3A\x22\x91@[[\x1b***`\xb1X \
\x88o\xf8d\x1d\x13\x19`\x94\xeab\x18\x06\xd3\xd3\xd3\
\x18\x1c\x1c,\xe1Y\x90\x99\xf5,\xf2Y\xb8dp\x9c\
\x1e\xdb\xb6\xed\xa0\x9f\x19\xf1\x88\x9c\x5c\x83\xf7J`6\
\x9b\xa9\xa3R5\x04\xd1\x95D \x10@,\x16\xa3}\
\x8b\x13\xfd`\x05\x02\x01\x0c\x0f\x0f\xa3\xbb\xbb\x9b\xca!\
\xfe\xe9Hy\x88\xd3\x97\xc4\x91)y9\x90\xbf$\xe8\
\xf5z\x98L&\xaa\x8c\xf0<O\x9d\xf0>\xf0\xc0\x03\
\x08\x85B\xd8\xbau+v\xee\xdc\x89\x96\x96\x16:\xbd\
G\xda\x14\x17\x0f\xac\x97B6\x89\x10\x04\xd1J'H\
\x940\xb9\x95)\x22;\xe1\xa2\xba\xbazQ\x1bDH\
\xfbH\x80\xa8\xd0)\xfdn ^\xb7\x9aBF\xa6t\
\x95I\xaf+k\xef\xe8D<\x1e\x03\xc3\xa8)i\xb9\
\x91\xeb\x1b\xf2\xf0\x9f@\xc6\x94dfB\xd17\xa2\xb8\
oc\xb1\x88\xba\x83\xb0\x8a\xd7q)\xaa7\x8a\x91\xcb\
I\xf1\x0d(\xbe\xe4\x09V;\xe4!>33\x83\x8a\
\x8a\x0a\xfa\xb7^\xafGyy9\x9d\xbe\xc8\x87 \x08\
\xf0\xfb\xfd8r\xe4\x08\x0e\x1c8\x80\xb1\xb11TU\
U\xe1\xb4\xd3NCyy9\xdd\x05\x9a\x10\xcf\xa1$\
;\x16\x89\xc2\xa56xD\xa3Q\xf4\xf6\xf6bbb\
\x02\x15\x15\x15\x8b\x1a\xb82)\xf2\xa9\xb7\x8c\x10E\xeb\
c\x9f\xb8\x1e\xd5\xd5\xb5H&\x13\xd4\xe1*\xd9i\xb7\
\x1a J\x88\xd1hD8\x1c\x96'S\x04A\x80\xc5\
b\xa1\x0a>\xc4\x1d\x83\xd3\xd3\xd38v\xec\x18\x86\x86\
\x86\xa0\xd7\xeb\xd1\xde\xde\x8e5k\xd6\xc0f\xb3ab\
bB\xb5\x7f\xf0<\x0f\xbd^\x8f\xda\xda\xda\x0cEB\
\x10\xa7\xeb\x88\x7f*\xa2T\xe9t:,,,\xe0\xa2\
\x8b.\xc2\xe9\xa7\x9fN_\x02\x94\xe0\xc5\x9d\xc4\x04\x22\
\x87@d\x12\x0b/Q\xc2\xa4\x8a\x0e\xb96Bee\
e\x89^\x1c2QS\xa2\xe4J\xab\x14A\xe2\x1bM\
\x19\x06,\xa7Cee\xd5\x92\xf65\xb92\xb6\x08}\
\xe45\x81&EL\xc3\xc5\xab}k\x8b\x87\x8c\xf6b\
\x10\x14v'\x16\x86L`\x09\x90K\x14p\xbc\x8d\xd9\
\x09\xf2\xd2\xaf\x1d^\xc3M?A\x1e\x04q\xd7\xd4\xf8\
\xf88\x9d\x12J\xa5R\x98\x9d\x9d\xa5\xbe\xc9\xd4\x14/\
\x12\x1f\x08\x04055\x85\x9e\x9e\x1e\x8c\x8e\x8e\x02\xa2\
\xdf\xa2\xf5\xeb\xd7\xa3\xbe\xbe\x9ez\xcb\xaf\xaaJ?\xc4\
\xb5(\x5c\x0c\xc3 \x1a\x8df8\xa2\xac\xac\xacT]\
\xc8\xbc8$\x03\xaa\xf4\x93\xc6\x87\xe0R\xc30\x0c\x12\
\xf18\xce;\xff\x8dH&St\x90\xcf\xe5\xdaa%\
 })\x14\x0aQ\xc5D\x09V\xdc\xe5:??\x8f\
\x91\x91\x11\x8c\x8e\x8e\x22\x16\x8b\xc1\xedvc\xcd\x9a5\
\xa8\xad\xad\x85\xd9lF$\x12\xa1\x87r\xabA\xfa\xa0\
\xdc\xb2C\xdab0\x18h;H\x9f\x22S\x87\xc4\x8f\
\x98Z\xff&}\x95 \xaf\x83\xf4a\x22C\xbe0\x1f\
\xe2\x02{\xa2\xb8\xb8\x5c.8\x9d\xce\x0c\x19\x8b\x85(\
P\xa4O(\xc1\x8bk\xe6\xe4\xd7\xc9\xf3|\xd64\xaa\
\x14A\x10\xc0\xb1lz\xcd\x17\x9f\xcaV\x0e\x96!(\
D\x15\x14V;RE,\xf3\x1f\xd2\x8e\xf4%A~\
q\xa5U\xbe\x14\x14\x95\xc5\xe9-\x0a\x02KD\x96\xc4\
\xa5\xa9\xa6\x84\xac\xea\xc6\x9d`\x85`Y\x16\x89D\x02\
}}}\xa8\xae\xae\x06\xc7q\x08\x87\xc3\xf0\xf9|p\
\xb9\x5c\x19\x0ft\xe9\x9b\xb2 Z\xc7\x0e\x1c8@\x0f\
\xb4\xae\xad\xadE{{;\x1a\x1b\x1b\xe9\xfa\x93x<\
\x8e\xee\xeen\xea\x02CI\xe9\x22\x83\x15y\x03\x8f\xc5\
b\xe8\xef\xefGoo/\x16\x16\x16`\xb5Z\xe1p\
8T\x07\x89\xc5\x93-7#f\x85\x9f\xe6\x8cx\xec\
\xceeW\x5cE\xef\x1bQr\xd4\x06\xdc\x95\x80\x17\xcf\
N$\x9e\xf8\xc9\xf7%\xfdn\x03\x81\x00\x06\x06\x06\xb0\
\xb0\xb0\x80X,\x06\xa7\xd3I\x17\x91\xdbl6\xe8t\
\xba\x8c)h2\x95\x19\x0c\x06sXh\x941\x88\x0e\
\x8d\x89\xd2\xc4\xb2,=\xa0\x5cI\x19\x91C\xfa*\xc4\
>*\x9fN\xe4\xc5udDN,\x16\xa3\xd7\x95H\
$2v6Z\xadV\xba\xb3\xb1\x94\x90\xdf$\xb1\xbe\
)A\xe2\xe5\xd7\xac\xc5\xa2\xcd\xb2,,V+\x04a\
\xf1'[\x14\x85\x82\xd2Q\xc8\xef\xb1\xc0\xec\xab\x08y\
\xcb\xe5\xca\x19S\x02\xe5KE?R\x88*\x90\xc5\x95\
\xd6\xcc\xe2\x1b\xba\x0c\xac\xfa\x06\x9e`\x85`Y\x163\
33\x88D\x22\xa8\xaa\xaa\x02\x00\x1c:t(\xc3_\
\x18p|\x00\xf5\xfb\xfd\x18\x1b\x1b\xc3\xae]\xbb08\
8\x88\xca\xcaJ\x9ct\xd2Ihll\x84\xd3\xe9\xa4\
\x8a\x02\x99V\x1c\x19\x19\x01\xcf\xf3\xa8\xaf\xaf\xcf\xb2\x1c\
\x10X\xd1w\x93\xc7\xe3Aww7\xba\xba\xba\x10\x8f\
\xc7QQQ\x81\xb2\xb22\xe8%\x87\x18/'\xab\xe9\
a-\x08\x02\xaa\xabk\xb0u\xeb6\xf0<\x0f\x93\xc9\
\x84\xa4x\xaeg)`DK\x95\xdaw\xa4\x05\xd2G\
\x04\xf1\xa0w\x8e\xe3\xc0\x8b\xe79\xce\xcc\xcc\xa0\xaf\xaf\
\x0f3330\x99Lhjj\x02\xc7q\xd0\x89\xbe\
\xbf\xc8\x06\x0b\xa9rN\xae\x8d\x9cO\xaaU\xf9bY\
\x96\x9em(\xbd?\x8ch\xf9\xd2z\xcf\xa4\xca\x17\xf9\
\xac\x94\x1e\x13O\x96\xf0x<\xf0\xf9|\x88\x8b\xce\x82\
\x89\xc5Nig\xe3r\xc3J\xfc\x8eAE\x99T\x86\
\x81N\xaf\x07\xaf\xf1\x9e-;\xd9:J\xce\x1f\xae\xc6\
l\xaf\x09\xb4\xfd\x1a\x94PPZH\xd4\xe2\xbf\xe6\xc5\
KP\x22\xa3}\xa5i\xe8\x09N\xb0b\x10E\xe9\xf0\
\xe1\xc3hii\x81\xd9l\x86\xc7\xe3\xc1\xcc\xcc\x0cj\
jj\xe8@\x1a\x0e\x871::\x8a#G\x8e\xa0\xaf\
\xaf\x0f\xd1h\x14\x1d\x1d\x1d\xd8\xbe};U\xd8\x88\xb5\
#%\xba\x86\xe0y\x1e\xd3\xd3\xd3\x98\x9f\x9fGkk\
\xab\xbcj0\xe2\x8e\xb6d2I},MNNB\
\xaf\xd7\xa3\xba\xba\x1a.\x97\x8b\xd6\xafu\xb0\x5c\x0a\xb2\
\x1e\xd0+\xf4\xd4\x16\x04\x01\x15\x15U8\xe5\xd4\xd3\xc0\
\xf3\xc7\xd7\x19\x91uS\x8b!\x91H\xc0\xe3\xf1\xc0\xe3\
\xf1\xc0\xef\xf7#\x14\x0a\xd1\x93\x03\x0a\x85a\x18\xba\x9e\
kjj\x0a\x13\x13\x13\x98\x9e\x9e\x06\xcf\xf3\xa8\xab\xab\
Ckk+*++\xc1q\x1c\xf4z}\xc6\xe1\xd5\
D\xb9\x91~\xe7\xc4\xfa\x95k\x1d\x99\x14A\xb4\x04\x85\
\xc3a$\x93I\xaap\x90x\xa2\x10i\xb1\xe2\x082\
W\x0c\xe4\xb3\xb4m<\xcfcnnNV2\x0d/\
N\xf7\xb9\xddn\xcd\x8ac\xa1hQ\xa0\x04\x85]\x9a\
\x10\xdbG~cJ\x08B\xda\x87\x01\xc3\xb2+\xd3\xe9\
\x17\x83\x5c\xcbRi~\x9e\xe4U\x8d\xf6\x1e%\xd5\x5c\
\xc4\xefZ!j\x91\x94N\x92\x94,\xa9\xa5\xaf\xe2\x04\
'X\x11\xa6\xa6\xa6\x10\x0e\x87\xd1\xde\xde\x8ed2\x89\
\xc1\xc1A477C\xaf\xd7cjj\x0a\xbd\xbd\xbd\
\xe8\xed\xedE$\x12\x81\xdb\xed\xc6\xfa\xf5\xeb\xd1\xd8\xd8\
\x08\xbb\xdd\x8eD\x22Aw*\x12\x85\x8bLe\x90u\
^\x8d\x8d\x8d\xf4\xc0k2\x00\x0a\xe2\x94\xe5\xc8\xc8\x08\
\x86\x86\x86\x10\x8f\xc7\xa9/#\xe2WIm@(%\
\x02\x04\x08\x02/>y\xd5\x1f\xc3\x8a)\x8a\x91KG\
z\xe0\x14p\xc6\x19\xaf\x87\xdd\xe1\xa0\xca\xcbb\xd7}\
%\x93Ix\xbd^z\x84\x8d\xddn\x87\xd1hD*\
\x95\xa2>\xa9\x0a\xc5d2!\x10\x08@\x10\x04TT\
T\xa0\xbe\xbe\x1e\x95\x95\x950\x9b\xcd\x808\xa8\x93|\
\xc41\xabT\xa1!}\x85\x04\xe2=_nyR\x83\
a\x18j\x15\x94\xf6#\xa2\x94\x91\x1d\x8breD\x8e\
\xb4\xbf\x92\xcf\xd22r\xcb\x98\xc3\xe1@ss3,\
\x16\x0bl6\x1b-#\xdf1YJ\xa4\xf7.\x17r\
\xe5O\x10\xad\x8c\xb9\xee\x81 \x08\xe03\x94;i\xa7\
_\x8a\xb0\xc4\xc8\xab\x93\x05F\x1e\xb2\xb3,G+5\
\x93[\xf9R\xd1\xac\x14\xa2\x16I\xe9%\xaa\xb2L\xd5\
\x94\x96\xd5\xd4eN\xb0\x9a\x98\x9a\x9a\xc2\xe6\xcd\x9b\xa1\
\xd7\xeb\x11\x0e\x87133\x83p8\x8cW^y\x05\
\xc3\xc3\xc3\xa8\xa8\xa8\xc0\xc6\x8d\x1b\xd1\xd9\xd9\x09\x87\xc3\
\x01H\xd6\xba\x90\xff\x93\x01\x80\x0cV\xf1x\x1c\xfb\xf6\
\xed\xa3G\xbd\x90\x87\xbc\xc1`\xa0\x0b\xe8\x17\x16\x16`\
6\x9b\xe9A\xe4\xf2\xc1a9`Y\x0e&\x93\x19\xc8\
R\xf6\xd4\x7f/\x8a)\xcb\xf4T\x16\x04\x01\x1dk:\
a\xb7;\xc0\xf3\xe9{\xbd\x98u_\x0c\xc3 \x1c\x0e\
C\xa7\xd3\x81\xe7yX,\x16$\x12\x09\xea\x06\xc2\xed\
v\xc3\xeb\xf5\xe6\x1c\xa0\x95 ;\xef\xccf3\x0c\x06\
C\x86\x05S\x1a\xc8\xba52=H\x94\x19\xf9\xffY\
\x96\x85\xd7\xeb\xd5\xb4F\x09\xa2\xa2\x11\x89D\xb2\xee\x0b\
#Zz\xe5\xee\x22r\xc1J\xa6\xebH[ \xca\x92\
Na\xea\xf5z\xea\xaaB/\x1e\xaa\xad\x17\xbd\xcbK\
\xad{\xa5\x84\x11\x8f5b\xb2\xfao&J\xd61r\
\x7f\xd5vIB\xcc#\x08\xcb\xe9\x03O\xae\xe6(\x85\
eD^\xb5X\xbdB\xd4\x8a\xa0\xfc\xc4\xcc\xa1\x0b\xa9\
D\xbf6xM7\xbe\xf8n\xb2\xd2\x9d\xec\x04K\x03\
\x19\xb8\x87\x87\x87\xf1\xec\xb3\xcf\xe2\x85\x17^@]]\
\x1d\x18\x86\xc1\xfa\xf5\xeb\xb1u\xebVz\xb6b$\x12\
\xa1V.\xf2\x7f\xf9\x9b?\x91y\xe4\xc8\x11z.c\
(\x14B(\x14\xc2\xf8\xf88zzz\x10\x8f\xc7\xa1\
\xd7\xeb\xe9\x02\xfa\x5c>\xa1\x96\x9a\xc9\x89q\xfc\xf0\xfb\
\xdf\xc2\xde\xdd\xbb\xd2;\xd52.E\xbd\xc7\xab>|\
\xb3\x22J\x8c \xa0\xccU\x86K/\xbd\x02\xf3s\xb3\
0\x1a\x8d`\xc5\x0d\x13\xc5\x90J\xa5\xe8tq<\x1e\
\xc7\xec\xec,=;0\x1e\x8f\xc3\xe5r\xc1\xedv\xd3\
\xdd\x8b\x85`4\x1a\xa9SQ2\x88\xcb1\x18\x0c\xe0\
\xc4\xb3\x0cI\x1ei\x80djL\xbe~+\x17D)\
!;\x00I\xdb\x19\xd1\x22\xa6\xd5U\x89\x92eH\xfa\
Y\xaa\xd4\x10\xa5\x8c\xd4\xc7\x88\xd3\xafXB\xe5\x8b(\
P\xf9\x90N\xbfBr\x0d\x82\x82\xc7~)\x82 \xc0\
b\xb5\x81eXq\xff\xddj@\xfe\xeb\xd3\x1aJ\x84\
\x5cl\x1ek\xd9R\x92\xfd\xcd\xa9\xfc>r\xe8c\x8b\
di\xa4\x9e \x9b\xe5\xeaT'Xzt:\x1d\x0e\
\x1e<\x08\xbd^\x8f\xed\xdb\xb7c\xdd\xbau\xf4\xac\xb9\
\xd6\xd6V\xd8l6\xf0<Own\xf19\xdcC\x90\
7o\xb2v\xcb\xedv\xc3\xedvc||\x1cSS\
S\xf4\x88\x18\xb3\xd9\x0c\x8e\xe3\xe8BlRv\xa5\xe0\
\xf9\x14\x9ey\xfa\x09|\xe5\xcb\x9f\xc7\x17\xbfp=\xba\
\xba\x0e\x00\x12\x8b\x8bV\xe4\x0f\x5c&+B^\xa28\
\x04\x00\x06\xa3\x11\x9b6o\x05/\x08\x10\x84\xb4\x95I\
\xcbY\x89r\x18\xf1\xb8\x9eH$\xa2\xa8\x1c$\x93I\
tuua\xdd\xbau\x08\x87\xc3\x05)x\x82 \xd0\
ii\xa2\xa0\xc8\x15+\xa2\xa48\x9dNjA\x22\xca\
\x04\xf9\xbf\xd4\xf2\xa5\xd4\xef\xd4 \xd7\xa6\xe4\x96$\x95\
J\xc1d2\xe5\xedw\xac\xb8\xb9DZ'+\xee\xf4\
%}Wj5\x22\x8a\x1a\xb1\x023\xa2\x7f6\x88V\
\xb1\xa5\x80\xfc\xee\xc8\xff\xd5P\xb3|1\x0c\x93\xc3\xf2\
\x95\x96Y[[\x07\x9dNW\xb4w{\xb5\xb0\xfc\xc8\
[\xa0\x16\x16\x89L\x5c\x86b&\x0f\xd9\xd9\x0b\xe2\xf8\
/~\xe9\xb4\xab\x13\x94\x8cB\xbf^u\x8a\xe9,'\
X=\x8c\x8c\x8c`aa\x01\x0d\x0d\x0d`\x18\x06\xc3\
\xc3\xc3\xd0\x89\xe7\xd1I\xad[\xc4\xd7\x91\x92BB\x06\
\xc4h4\x8a\xbe\xbe>\x8c\x8f\x8f\xc3j\xb5\xc2\xe3\xf1\
`pp\x10\x82 \xd0cO\xa4\xd37\xab\x09\x97\xcb\
\x85\x9a\xea*\x1c\xe9=\x8cO\x7f\xf2\xbf\xf1\xdd\xef|\
\x13\x16\x8b\x15:\x9d\x1e</\x14\xdd\xd3\xb3\x1e\xaa\xf2\
\x88\x22\xc42\xa2o\xaaSv\x9e\x86\x8b.~\x0bB\
\xa1 L&\x13\xe2\xf1xA\xca\x11\xc1\xef\xf7S\x1f\
T\x0c\xc3\xc0n\xb7S\xdfX\x10w\x19\xee\xdd\xbb\x17\
'\x9dt\x12\xc2\xe1pA\xdf\x9ftM\x9a\xbc\xdf\x10\
\x88\x020??O\xfb\x92<@\xa2\xf4\x90\xb6jE\
\xea\xe3\x0b\xe25\xf2\xe2\xf4j\xaek\x11D\x85\x8f\x1c\
kD`D_^:\x9d\x8e\xfe>\x88\x9cD\x22\x81\
X,F\x95/r\xa2\x03\x00\xd8\xed\xf6\x0c9\xa5\x84\
\x97\x9d))G\x90\x9c\xf1(\x87\x91\xecN\x95\xc30\
\x80 \x00uu\x0d\xd0\xe9\xf4\x8a\xe5\x17\x83\xfcg\xa0\
\x14V\x06y+\x96\xb0%\xf2jT\x142\xb5\x16\xa8\
\xben\x11]\xec\x84N\xb6\xdaP\xfb*\x8bC\xdeI\
\xf2u\x98\x13\xac,d`\x19\x1a\x1aB}}=\xf4\
z=<\x1e\x0f\xc6\xc7\xc7QUUE\x15-\x12\xf2\
\x11\x8dF\xd1\xdf\xdf\x8f`0\x08\x87\xc3\x81x<\x8e\
\xf2\xf2\xf2\x9c\x9e\xc3W\x1b\xa9T\x0a\x0e\x87\x035\xb5\
U\xf8\xf3\xfdw\xe2\xb37|\x0c{\xf7\xeeB($\
.8\x17\x8aW\xc2\x08\xaa\xbf\x0d\xd5\x04e\x04\x81\x87\
\xd3i\xc7\xdau\xeb\xc1\x88\xd3[\x8c\xb8v\xab\xd0\x01\
\x92\xec $\x0a\x85\xc3\xe1\x80\xd5jEgg'\xf5\
\xd3699\x09\x9b\xcd\x96S\x89RB\x10=\xd9\xab\
M)\x92@\xac\xa0d\x1a[\x1e\xa4\xd3\xdb~\xbf_\
^\x8d\x22\xe4\x9eX\xad\xd6\xac6\x0b\xe2\x02\xfe|0\
\xa2\xa2K \xbf\x9bH$\x82\xd9\xd9Y,,,\xd0\
iY\xc2\xd4\xd4\x14\xe6\xe7\xe7\x11\x0c\x06\xe9\x94+\x00\
\x94\x97\x97\xd3\xbfK\x0d\xb9\x87\xf2\xeb\x94\xa2\xa4|\x09\
2\xdfz\xca\x08\xe9]\xc7\xdc\xca\xbc8\xc9\x7f\x1a\xf2\
\xb0|\xc8k^\xc2\xda\xe5\xd5\x88A\xc9R\xc6\xfeG\
iWK|\xdf\x97\x8f\xe5\xb9\x10ygY\x8ap\x82\
\xc2`\xc4\xb7\xff\xea\xeajTUU!\x16\x8b\xa1\xab\
\xab\x0bUUU\x19\x0e.s=\xcc\x19\x86A(\x14\
\xc2\xec\xec,\x86\x86\x86`4\x1aQYY\x09\x9b\xcd\
F\x95.\xf2p_\x0e\x0a\xadG\x9e\x9f\x11\xa7m\x8c\
\x06#6n\xdc\x84}{v\xe1\xeb_\xf9\x02~\xf6\
\xd3\x1f\x82a\x18$Uw|\x15\x8f\xbc\x1f\xd3 >\
h\xb3\x12D\xd2\xd3aA\x5c}\xcd\xb5\xa8\xae\xaeA\
*\x95\xa2\x8eH\xb5(\xcb\x04A\xe2\xe7\x89(\xcb\x89\
D\x02,\xcbbaa\x81\xba\x10\x81\xb8\x8e\x8f\x94\xd1\
\x0a#\xba\x12!\x0a\x8cT\xe1\x92\x06\xa9\x22D\xe4K\
\xffO\x02\xcb\xb2\xf0\xf9|Y\xdf\x9d\x12\xa4\xef\x99L\
\xa6\x8c~H\xd6\xb7i\x91A\xda/\xcd\x9bL&\xe1\
\xf3\xf9`\xb3\xd9\xb0u\xebV\xacY\xb3\x06\xdb\xb6m\
\xcbP\xae\xe2\xf18\xfd\x1e\xf4z=\xea\xeb\xebi\xda\
R\xc0\x88\xd6\xb8\x5c\xdf\x8d\xd4:F \xf7%\x9f\xe2\
f\xb5\xd9D\xab\xb5B\x9f\x5cL(\x01r\x91ZC\
i\x90K\xd5\x12\x16\x89L\x5c.\xb5\xf9\xdf\x86\xac\xdb\
\x96\x15\xf1Z\xa5\x84\x1dc\x85\x90wo\xad\xe1?\x1d\
rT\xcf\xd8\xd8\x18\x0c\x06\x03\xb5zI\x91\x0e|\xe4\
\xef\xd9\xd9Y\xf4\xf6\xf6bff\x86Z\xbb,\x16\x0b\
\xf5#\x94\xebA\xbe\x94h\x1dPI\x1bC\xa1P\xd6\
\xa0D\x06\xa4\xda\xdaZX,f<\xf5\xaf\xc7\xf0\xe8\
?\xff\x01\x83\xc1\x90VT\xb2\xaem\xe9z\x95\x5c2\
Q\xca\x18\x86A\x8aO\xa2\xa9\xb9\x15\x1dk\xd6\x22%\
\xaemJ$\x12\x05M=J\xa7\xf0B\xa1\x10\xaa\xaa\
\xaa\x10\x0a\x85\xa8\xaf7i\xfa\xd0\xd0\x10P\xa0\xf2%\
\x88\xbb\x19\xc9\xdf\xe4\xff\xd2\x00qzR\x10\x84\x8c\x1d\
\x8f\xd2 \xcd\xaf\xd5\xa7\x19#Zt\xa4\xd6W\xa92\
\xa8\xb5\xaf$\x12\x09\x9a\x97a\x188\x1c\x0e\x98\xcdf\
\xf8\xfd~\xf4\xf5\xf5azz\x1a\x89D\x02\xad\xad\xad\
p:\x9d0\x9b\xcd\xd0\xeb\xf5\xf4\xf7TWWG\x17\
\xdd/\x15\xf9\x94/r\xef\xa4\xeb\xdf\xc8}\xd6r\x1f\
\xccfs:\x9f\x86\xbc\x05\x91\xd5\xc1K\x104\x22/\
\xa65,\x1e\xb9\xc4BB6\xab@\xf9RnX\xa9\
\xc9\xba\x05Y\x11\xafu\xe4_v\xbe\xf0\xda\x86\xf9\x8f\
1\xd7\xaa333\x83\xe1\xe1a\xba\xc3\x91 \x1d\x18\
u:\x1d\x02\x81\x00\x06\x07\x07\xb1w\xef^,,,\
P_P\xf4\xc1\xbc\x8a\x11$\xd3+\xf1x\x1c^\xaf\
\x17SSS\x08\x85Bhnn\xce\xf0A&-c\
4\x1a\xd1\xd2\xd2\x8c\x9bn\xfc\x14\x1e{\xf4aX,\
\x16\x0d\xdd^\xfe\x1b\x91\x87\xd2\xc0\xb1\x1c\xc2\xc1\x10\xae\
\xba\xfa\xddt\xcaP\xa7\xd3\x15\xe4OJ\xa7\xd3\xd1\xa9\
\xc5h4\x0a\xbb\xdd\x0e\xab\xd5\x8ax<\x0e\xa7\xd3\x89\
\xa9\xa9)\x9a\xd7\xef\xf7\xd3\xf5\x80\x85\xc0\x88\xeb\x07\xd5\
,\xa9\xd28\xe9\xf4\xa44M\xfa\x7f-\xbb\x14\x19q\
G\xa3\xdc)+Q\xbe\xe2\xf1x\x96\x15H\x0d\xe9.\
A\x86a`4\x1a\xe1r\xb9PYY\x09\x86ap\
\xec\xd81\xbc\xf0\xc2\x0b\xf40\xf0\xda\xdaZ\xd8l6\
z\x1c\x96\x96\xe9\xcd\xc5\xa0tO\x95\x10\x14v5*\
-\xc2\x97#\x08\x028N\x07\x96\xd1v\xbfV\x1c\xf9\
\xcf\xad\x90\xa0\x01y\x91\x5c\xa1\xf4\xc8k(\xc5\xf1B\
\xaf1\xb2nlV\xc4\x7f\x0a\xd9\x9d\xa1\xb4ai\x10\
\x04\x01\x0cX0X\xbei\xb1\xd5H \x10@\x7f\x7f\
?\x1a\x1a\x1a2v<1\xe2\x1b\x7f,\x16\xc3\xe8\xe8\
(\xc6\xc6\xc6066\x06\x86aP__\x9f\xb1x\
X\xeb\xc3\x7f\xa5\x10\xc47|\xbf\xdf\x0f\x8f\xc7\x83@\
 \x00\xbb\xdd\x8e\x8d\x1b7b\xfb\xf6\xed\xa8\xa9\xa9A\
2\x99\xa4\x9b\x0a\x04\xd9T)\xcf\xf3X\xbbv\x1d\xfe\
\xef\x7f\xbf\x8ao|\xfdK\x18\x19\x19&\x92i\x9e\xc2\
\x90\xf7\xf1\xe2\xfa\x1f\xc3\xa4_\x1djjj\xe1p8\
\xc1\x8bn\x15\xe2\xa2\xc3U\xad\xdf\x0bq\x04\x9aJ\xa5\
p\xf8\xf0a\x00\xa0\xca)\xb1\x82:D\x87\xae\xc4\xad\
E!\x90\xbe$\xb7\xa8J\x11D\xab\x8cTI\x93[\
\xbcH\xb0\xdb\xedy\xaf\x8d\x11\xd7j\xf9\xfd\xfe\x8c\xf6\
\x92x^\xf4m\xa5E\x8e\x5ci\x91\xb6\xc5l6\xa3\
\xa6\xa6\x06\x15\x15\x15`D\x1fv\xa4\x8c\xfa\x0e\xc2\xd2\
\x22\x08\x82\xa6M\x08\x8c\xc2\xda.b\xf9\xcau\x1f\x04\
\x9e\x17{h\xda\xd7W\xae\xf0\x9aG~AJ\xa1\x00\
\xe4E\xe5\xa1\x14\xa8\xfe\x1aKYI~V\xa66\x1a\
\xe4[H\xb32\x9c\x08\x85\x07\x85\x9b\xaa\x14\xb2\x0b*\
\x06\xf2\x8c\xd1\xe9\xf4\x18\x1c<\x86\xfb\xee\xbd\x0b\x93\x93\
\x139\x1f>\xff\xce\x8c\x8d\x8d\xa1\xac\xac\x8c\x0eh\x1c\
\xc7!!\x1e3377\x87P(D\xa7\xb3\x88\x02\
\xb3\xb0\xb0\x901]\xb7Z\x95WA\x9cV\x9c\x99\x99\
\x81\xcf\xe7\x83\xc9dBss3\xb6l\xd9\x82\xba\xba\
:D\x22\x11\x1c;v\x0c\x87\x0e\x1dBww7\xba\
\xbb\xbb\xd1\xdb\xdb\x8b\xe1\xe1a\xcc\xcc\xccd,P\xb6\
X,\xa8\xad\xad\xc5_\x1e\xb8\x07\xbf\xb9\xf9\xe7\x08\x06\
\x03y\x07\xad\xc2\xc8\xee\xabZ\x02\xc3\xb0hk_\x83\
\x93N\xde\x81X,\x06\xbd>\xbd#M\xebt\x12D\
\xe5\xcb\xe5r\x01\xa2\xe5iff\x86*p\x10\xd7,\
\x99\xcdf\x04\x83\xc1\x9cS[\xb9 \xf7J-@T\
\xf0\x94\xf2\x11\xa5M\x9aO\x0b)\xd1\xf1\xaf\x1cb]\
\x93N\xc1\xa9A\xea\xccu/\x05\xd1\x1ag\xb3\xd9\xa8\
\x95KP\xb02-\x15\xd2{\x94\x0fy\x9b\xf2\xf5\x13\
\x86a\x90L%!\xd0<\xd9}0\xa3?j\xfe'\
/Y\x9a\xb0,\xc8+]D\x90\x0fc\x9a\x82L\x0c\
K\xffZ\x15\xac\x9e\xc6\xc8oT\xbep\x82\x22\x11o\
\xa0@\xac\x11\xe4oI<\xcb\xb1\xd0\x1b\x0cH$\x92\
\xf8\xc5\xcf~\x88\xeb>\xf4n\x5c\xff\x99Oahp\
\x80>d\xff\xd3\xa8\xa9\xa9\xa1\x8b\xec\xa3\xd1(\x0e\x1f\
>\x8cp8\x0c\x93\xc9\x84\xb6\xb66477\xa3\xad\
\xad\x0d\x9b6m\xc2\xa6M\x9b\xd0\xd9\xd9I\x1dnN\
LL`bb\x02>\x9f\x8f>\xc4s=\xc8\x97\x0b\
2\xb0\xfa\xfd~$\x12\x09ttt`\xf3\xe6\xcd\xd8\
\xb0a\x03\xdcn7\x12\x89\x04\x0e\x1c8\x80\xb1\xb11\
\xc4\xe3q\x98\xcdfX\xadV\xea\x7f,\x10\x08``\
`\x00\xfb\xf7\xef\xa7\xd3V\x82 \xc0d2\xc2\xe5*\
\xc3\xbd\xf7\xdc\x89\xbf<p\x1f,\x0a\xbb\xe8\x96\x1bF\
\x9c\x06\xdb\xb0a#x\x9eG0\x18\xa4\xae\x0e\x0a\xf9\
.\x5c.\x17***\xe8\x14$$\x03\xb5N\xa7C\
0\x18Dee\xa5\xa6)?%\xd4\xacX\xd2@<\
\xea\xcb\xe3Iy\xa2`H\x0fz\xcf\x85 \xae!\x93\
\xc2\x88\xd3\x91:\x9dN\x93\xe5\x8b WZ\xf2!,\
\xb3\xe5+\xdfu\x90{'\xef\x13\xe4\x05*\x17\xc9\x94\
\xa8\xd8\xb1\xda\xfbS~\xe4#_\xae\xa0\x1dyI\xa5\
\xf0\x9aGvA\xb9\xbf\xbd\x7f\xa7\x0b_b\xe4\x1d\xe5\
\xc4}+\x0cA\x10\xe0\x0f\xf80?7G\x95\x01\x96\
MO{\xec\xda\xf5\x12\xbe\xf1\xb5\xff\xc1\xa5o\xbb\x08\
\xbf\xfe\xd5\xcf\x90\x88\xc7q\xdai\xa7\xd1i\x97\xffD\
x\x9e\x87\xd7\xeb\xc5\xc0\xc0\x00\x92\xc9$6l\xd8\x80\
\xaa\xaa*TTT\x00\xa2\x95 \x99LR\xab\x8a\xdb\
\xedFKK\x0bv\xec\xd8\x81SO=\x15---\
tp\x9e\x9b\x9b\x83\xcf\xe7C4\x1a\xa5\xd6\x05\x82\xfc\
\xa1\xbf\x94\xc4\xe3qttt\xa0\xb1\xb1\x11\x1c\xc7a\
||\x1c\x03\x03\x03\x98\x98\x98\x80\xd7\xeb\xc5\xc2\xc2\x02\
8\x8eCYY\x19\x9cN'l6\x1bU\xc0\xacV\
+\xecv;\xecv;x\x9e\xcf\xf0\xea.\x08\x02\xdc\
\xeer\xd4\xd4\xd4\xe0\xdb\xff\xf7u\xec\xd9\xfd*\x0cF\
\xc3\x8a\xffP\x19\x06\xb8\xe2\xcak\xc1\xe9t`Y\x16\
\x06\x83\x01sss\x8aV\x9f\x5c\xd8l6\xd4\xd6\xd6\
\xa2\xae\xae.\xe3\x10\xe8H$\x02\x9b\xcd\x96\xe5/K\
+D\x11\xc9;\xc8'\x93`e\x8eT\xe5\x7fk\xb5\
\xf0\x10%+\x95Je\xd5\x9bJ\xa5\xa0\xd7\xeb5)\
GI\xf1lH\xad\xfdW\x9aO\x8be\xad\x14\x90{\
\x94\xab\x8d\xd2ukR\x04\xc9F\x1a\xa5t\x00\xd0\xb1\
\x1c\xacVkz\x96]>0\x15\x13\x0aF.@\x1e\
\x0aC^Z\x1e^kp\xd7\xdfp\xe3\xd7\xe4\x91J\
,\xef\xc5\xbdVog6\xf2\x0e\xf2Z\xee,K\x81\
 \x08\x88\xc7\xe3\xb8\xff\xde\xbbp\xcb\xcd\xbf\xc0c\x8f\
\xfc\x1d\xfb\xf6\xedA\x22\x11G\x22\x9e\xc0O\x7f\xfc\x03\
\xfc\xfe\xd6_c\xef\x9eW\xc1\xf3<\x9a\x9a\x9aP]\
]\x0d\x86a0;;\x0bAt\x04Z\xcc\xe0\xb2\xd2\
\xa4D\x0f\xe5N\xa7\x13\xf1x\x1c:q\x10V{\x98\
B\xbc_\xc1`\x10\x16\x8b\x05\xe5\xe5\xe5\xa8\xae\xae\xce\
\x9a6\x01\xd2\x83\x09\x09\x90\xbcA\xb3,\x0b\xbdx<\
Pee%\xaa\xaa\xaa\xa8\x8b\x09\xd2\x9eX,\x86p\
8\x9cQF:\xe0\xe5z\xe0\x17K<\x1eG(\x14\
B,\x16\x83\xc5bAEE\x05,\x16\x0b\x8cF#\
\x92\xc9$\xa6\xa7\xa7\xa9r\x18\x08\x04\x10\x89D\x10\x0a\
\x85\x90L&\xa9\x0b\x82\x94\xe8\xb6\xa1\xa6\xa6&\xc3\x7f\
\x13\xc4k\xe0y\x9en48\xf9\xe4\xed\xe9{M2\
\xc8\x7f\x9c\xcb\xf0C\x15\x04\x06&\xa3\x09\x0b\x0b\x1e\x1c\
:\xb8\x9f\xba\x9c k\xb4\x0a\x85\x94\xe38\x8eZ\xfe\
8\x8e+z\xc7\x1e\x99\xfe\x93\x97\x97~\xf7\x0c\xc3\xc0\
\xe7\xf3\xd1\x9d\x82\xd2\xdf!\xf9;\x95J!\x1e\x8fc\
\xfd\xfa\xf5Y\x0a\x95\x1cV<<{tt\x14\xed\xed\
\xedt:\x96\xe38\xea\x83\xab\xbd\xbd]^\x8cB\x94\
\x12\xaf\xd7\x8bc\xc7\x8e\xc1h4\x16\xd4W\x83\xc1 \
\xccf\xf3\xb2(`\xa9T\x0a\xe1p\x98:\x8dUj\
g\x5c\xdc\xe1)w\xf4\x1a\x89D2\x1c\xea*\xc1r\
\x1c.\xb9\xe42465\xcb\x93\x8aC\xfe\xbb\xd0\x1a\
T\x91gT\x0a\xda\x91\x97\x5c\x8e\xb0\x18$+\x1a\xf3\
K\xd5\x90\xa5\xc4,om\xcb\x8d\xfc~.UX\xad\
\x90\x07\xe5\xee]/\xe3\xf7\xb7\xde\x8c=\xaf\xbe\x02\x86\
\xe1\xb1w\xf7.|\xf3\xeb_\xc2\xfb\xdfs%\xee\xbf\
\xf7N\x8c\x8d\x8e\xc2\xe1p\xa0\xba\xbazYv!\xbd\
\x16p8\x1cp:\x9dT)\xca\xa7|J\x1f\xec\xd2\
7n\x8e\xe3\xe0r\xb9PUU\x85\xb6\xb66l\xd9\
\xb2\x05\x1b7n\xa4S\x9a\x81@\x00\xd3\xd3\xd3t\x1d\
\x19D\xcb\x00\x19D\xf3\xd5\xab\x15\x97\xcb\x85\xb2\xb22\
D\xa3QLLL\xa0\xa7\xa7\x07###\x08\x04\xd2\
\x8eR\x9b\x9b\x9b\xb1~\xfdztvv\xa2\xac\xac\x0c\
f\xb3\x99\x0eLz\xbd\x1e\x95\x95\x95\xd8\xb8q#:\
::\xe0v\xbb\xe95\x12\xc8n?\xa3\xd1\x88W_\
}\x051\xc9\xda(\xf9\xef%+\xc8\xd7nh\x08\xd9\
B\x94~\x8c<\xf4\x06=\xae}\xd7\xfb`\xb1Z\xc1\
\xf3<L&\x13\x02\x81\xc0\xa2\xee\xab\xd5j\xa5\x83\xb2\
\xdf\xef/\xd8\x92F \x8a\xba\x1croI\x1bI_\
\x92\xc6K\xd3b\xb1\x18\x0c\xe2\x01\xddZH\xa5R\xb0\
X,Yu\xf3\xa2w\xfb|\xd3\x8e\x8cx4\x10\x99\
R\xd7\x0a\x99b-\xa4L\xb1\x90\xfb\x95\x0f%\x0b \
A-\x9e`6[P]]\x93\xd5\x05\x0b\x09%A\
.\xb4\xa0\xa0\xf0\xe3*4d\x0bU\x09\x85#\x97P\
H\xc8\xfd\xed\xe5A*h\xe9Y\xde\xda\xfe\x9d\x90\x7f\
\xe9\xa5\x0c\x8b\x81O\xa5\xe0v\xbb\xf0\xa7\xdb~\x87d\
2\xbd\x85\x5c\x10\x80\x8a\x0a76l\xd8\x80-[\xb6\
`\xd3\xa6MhooG$\x12AOO\x0f\x0e\x1c\
8\x80#G\x8eh\xf6\x96}\x82\xc2\xd1\xe9thi\
i\xc1\x96-[\xb0u\xebVtvv\xa2\xa2\xa2\x82\
.\xea\x9e\x99\x99\x81\xd7\xebU\x9d\x12)\x16\xbd^\x0f\
\x97\xcb\x85\xea\xeajTVV\xc2h4\xc2\xeb\xf5b\
pp\x90~\xf7\xf3\xf3\xf3hhh\xc0\xda\xb5k\xd1\
\xd1\xd1\x81\xaa\xaa*0\xa2\xdb\x80\x83\x07\x0f\xe2\xe8\xd1\
\xa3\x08\x04\xd2\x8b\xea!S\x0eY\x96E,\x16\x05\x04\
\x1e\xa3\xc3\xc3%\xe8\xc1\xea\xc8\x7f'4d\x8c\x09\x0c\
b\xf1\x186n\xda\x8c\xab\xaf~\x0f\x92\xc9$\xb5\xe2\
\xca]-\x14\x8a\xd4RB\x14\xd8B`D\xd7\x0e\xc8\
\xa3`\x93\xb4\xf4o7S\xf9\x22\xcaL*\x95B[\
[[A\x8b\xfeY\x05\x0b0\xcf\xf3\x9a\xa6\x1d\xa5\xca\
\x97V\x18q\xb3C!e\x16\x0bQ\xf4H\x90C\xda\
\xa4\x96\x96\xef~\x1a\x8c\x06\xd8\x1d\x8b;\x1a)\xab\xff\
\x16\x10V\x0d\xf2\x86\xa9\x86\xa5W\xd6\xa4\xa8+_\xf2\
z\xe4\xa1\xc0\xec\x0aE\x16\x81\x5c\xb2Z8\xc1R#\
\xbf\xe3\x85\x04R>\xed\xa0\xf1\xf8\x22R\x9e\xe7\xe9\x81\
\xc1.\x97\x0b\xf5\xf5\xf5\xd8\xb0a\x036o\xde\x8c\xaa\
\xaa*D\x22\x11\xf4\xf7\xf7/z\x80Zi\x94\x1e\xaa\
+\x89t H&\x93\x88\xc7\xe3\xd0\xeb\xf5\x19V\xb1\
\xad[\xb7\xa2\xb9\xb9\x19V\xab\x15\xc9d\x12\xf3\xf3\xf3\
t\x17e\xa1^\xda\x95\xe0\xc5#it:\x1d\xecv\
;***PSS\x03\xa7\xd3\x09\x86a\xe0\xf1x\
\xd0\xdb\xdb\x8b\xbd{\xf7bvv\x16\x8c\xe8<s\xcd\
\x9a5\xa8\xa9\xa9\x01\xc4#u\x8e\x1e=\x8a\xa3G\x8f\
brr\x12\x1e\x8f\x07\xd1h\x14:\x9d\x0eV\xab\x0d\
\xa1P\x08\xc3\xc3\x83`K\xba\x10\xb9p\x18\x00,\xc3\
 \x16\x8d\xe2u\xa7\x9f\x0e\xa73\xbds\xd1d2e\
L\xfb\x16\x83\xddn\xa7Sg\xc5(_\x90x\xc6\x87\
\x82\xb5K\x1a\xcf\x8ag7\x924\xb9\x12\x96H$\x0a\
Z\x9f\x99L&a\xb1X2\xa6\xfex\x9eG4\x1a\
\xcd\xa8G\x0d\x86a\xa8\xcf\xb4B~c\xa4\xbd\x85\x94\
Y,\xf9\x14\xc9T*\x95\x95\x87\xb43\x97\x05P\x10\
\x04\xe8tzX,\xd6\xe3\x0f\xdbeF\xfe\xbc_\xca\
PR\xe4\xc2U\x83\x82\x95\xad\x80\xa0\xae|\xe5#\xab\
!\xf9\x03\xc3dE\xd1\xb04\xc8kY\x8ap\x82b\
a\xc4\xc3_\xe3\xb1\x18\xcc&S\xc6\x9b'Q\x02\xc8\
Cwhh\x88z\xa5\xd6\xf2F\xfeZ\xa2\xd8\xeb\x90\
\x0fr\xa5D\xfa6N\xbe\x17\x9dN\x07\xb3\xd9\x8c\xaa\
\xaa*\xacY\xb3\x06k\xd7\xae\xc5\xbau\xeb\xd0\xda\xda\
\x0a\xbb\xdd\x8ep8\x0c\x8f\xc7\x83\xf9\xf9y\x04\x02\x01\
\xba\xe8\x99\x0c\xce\xd0p\xad\xa4NAb9a\xc5\xc5\
\xe8\x0e\x87\x03n\xb7\x1beee\xb0\xd9lH\xa5R\
\x98\x9e\x9eF\x7f\x7f?\x06\x07\x07199\x09\x9dN\
\x87\xaa\xaa*\xea\xc3\xc9l6czz\x1aG\x8e\x1c\
\xc1\xdc\xdc\x1c\xdd1WVV\x96\xb7-\xcb\x01\xc30\
\x88D\xc28\xf9\xe4\xedhni\xa5\x8b\xca\xc9z \
F\xe3\xf4\x94\x12\xc4\xfa\x95J\xa5\x8a\xb2\x14\x93\xf5^\
\xf2\xfa\xa5\xfd\x8d\xecr$\xf1\xe4;#\x7fC< \
\xdbf\xb3\x15\xa4L\x12\x0b\x97\xb4?D\x22\x91,E\
D\x09Fv\xae\xa3V\xa4\xcf\x9e\xe5\x80\xf4\xed\x5c\xf5\
\xf1\xa2\xb5O\x0a\xb9\xbf\xb9\xca\x81\xac\x014\x99\xd2\xa3\
\x94|\xd8*eX\x05\xc8\x9b\xb4T\xa1\x94\x14\xaf|\
\x15\x8b\xfcj\xc4\xa0\x10U\xf2\x8b]\x1a\xe4-V\x0b\
'\x90\x93J\xf10\xeax\xd8\xecv@\x1cdFG\
G\xe9\x1b\x1dy\x80\x1f9r\x04333\xb0\xd9l\
p\xbb\xdd\xa8\xae\xaeFMMM\xce\xc5\xa6\xaf\x05\xf2\
=<s\xc1q\x1c\x0c\x06\x03\xf4z=]\x94\xbc\xdc\
p\x1cG\x15\xa2\xb6\xb66\xec\xdc\xb9\x13\xa7\x9cr\x0a\
=\x0f\xcf\xe3\xf1`zz\x1a\x1e\x8f\x07\xa1P\x08\x82\
\xe8JB:E\xa5\x15i^F\x5c\xbbe\xb5ZQ\
VVF\xd7\x02\xc6\xe3q\x8c\x8e\x8e\xe2\xc0\x81\x03\xe8\
\xed\xed\x85\xcf\xe7C<\x1eGKK\x0b\xea\xea\xea\xd0\
\xd0\xd0\x80\xe6\xe6f\xa4R<\x9a\x9a\xdb\x90\x22[\xf1\
W\x18\x9dN\x0f\x93\xc9\x8ak\xde\xf5>\xaa\x1c\x1a\x0c\
\x06\x04\x83A\xf0\x1a\x5c\x0a\xa8A\xfco\xa1@\xeb\x17\
#\x9e\xfd)\x1d\xe0\xc9\xf7%\xff\xce\x82\xc1`\x96b\
-U\x0eR\xa9\x14\xecv;\xca\xcb\xcb5+_\x0b\
\x0b\x0bY\xd7L\x94\xd1|Sm\x10\xdb/=ZH\
+\xfc2\xbb]\xc9w\x1d\xa0\x16\xac\xcc\xc5\xff\xe4\xb9\
\x98\x0f\x96e\xa1\xe3t\x0acQ\x89\xc7$\xb9\xd8b\
\xc3k\x00y\x93\x8b\x0dX\x11\xe5K\x0dy\xeb\xc4\xb0\
\xfc\xd6\xb2\xa5B\xde\xfa|\xe1\xdf\x1bA\xf4\xfb\xf3\xb3\
_\xdc\x82\xa9\xc9\x09\xc4b1466\x82\xe7\xf9\xac\
\xf3\xdb\xacV+\x5c.\x17\x92\xa27s\x12\xb4<\xbc\
\xfe]\x99\x98\x98@WW\x17z{{q\xf4\xe8Q\
,,,d\xf9FZ\x0e\xc8@K\xacc\x8c\xe8I\
\x7f\xfb\xf6\xed\xd8\xb1c\x07:;;QYY\x09\x9e\
\xe7\xe1\xf3\xf9\xb0\xb0\xb0@\x95\x22b%)v\xb0\x93\
*\x04\x9c\xe8\x82\xa2\xbe\xbe\x1euuu\xb0X,\xd4\
\x15GWW\x17\xc6\xc7\xc7177\x87\xf1\xf1q\xcc\
{\xe6\xf0\xf7\x87\x1e\x80\xdf\xef\x05\xc3\xb2t\x1a\x80\x86\
\x95\xf8\x0d2\xc0)\xa7\xec\xc4\xb6\xed\xa7 \x14\x0aA\
\xaf\xd7\x83eY\xcc\xcf\xcf\x17\xdd\xcf\x19qJ\x16\xe2\
\xd4\xbet\x1a1\x17\x82\xb8\xe6\xccn\xb7+~7\xd2\
\xfb\x9eH$`\x15\xfd\xa6\x91@\xf2@\xdc\xad\xa7\xd5\
\xb9*\xc4rJV:\xf2\x5c0\x1a\x8dy\xef\x07#\
N\x9b+\xb5=\x17\x82\x06KT)\xd1\xdaF%\xe5\
Kz\xaf\x95\xe0y\x1e\x10\xd2\x9e\xed\xa10\xba\xa4\xc3\
b\xff\xc9\xe5\x15\x1e2\x90'\x16\x12^c0\xabJ\
\xf9\xca\x85\xfcF\x8bA\xfe\xcc\xfc\xf7\x0a\xc7\xd7\xdf\xac\
\xa6\xa0\xd0\xd0\x82\x83\x80\xf4\x9f\x0f>x?~\xf5\xf3\
\x1f\xe3\xd8\xb1~\xcc\xcf\xcf\xd3\xad\xf6^\xaf7]\x97\
\xf8\xf6\xd6\xd4\xd4D\x0f\xbe\x85\xf8\x16\xffZ_\xefU\
*\x12\x89\x04\xfc~?\x86\x87\x87\xd1\xdb\xdbK\xa7\xaa\
V\x12A<6E\xa7\xd3\xa1\xb2\xb2\x12MMMX\
\xbf~=6l\xd8\x80\xe6\xe6f8\x1c\x0e\xb0,\x8b\
@ @}\x8c\x15\xb3;M\x8e *\x81\x1c\x97\xf6\
oTVV\x86\xca\xcaJ:\xf8\xfb|>\xcc\xcf\xcf\
#\x14\x0c\xe2\x9e\xbb\xfe\x84\xaf}\xe5&@\x10\xe8 \
E\x03\xed\xaa\xd9\xfd\x7f)Cuu\x0dn\xfa\xe2W\
\xc1\xb2\x1c\x92\xc9\x04L&\x13b\xb1\x18\x82\xc1\xa0\xfc\
R5#]x\xaf\xa4\xd4(\x91\x10\x0f\xf9&\x07[\
+\x05\x88\x8aU\x22\x91\xa0\xd6(r\xff\x89R\xcd\xf3\
<\xe2\xf18\x9a\x9a\x9a\xe85\xe6\x83\x17Oc\x90\xaf\
g\x22r\xb5\xba\x95!\xfd@K\x9d@\xfa\xbb\x86\xca\
B\xff\xa5\x22\xa9\xe1h!\xa8(_\x90\xb4Y\x89d\
2\x99v[\xad0n\x96\x0e\xb9\xe0\xc2C\xc9\xfe)\
\xfc\x9e\x96\x22\x1c\x7f8d]J\xc1\xe1\xb5\xa1|\x9d\
`\xd5\xa0\xd0\x87\x8a\x0a\x9e\xb99\xdc\xfe\xc7\xdf\xa1\xa1\
\xb1\x01,\xcb\x22\x14\x0aavv\x16uuu\xf4X\
\x19\xb2\xbe\x83\xe38\xd4\xd6\xd6\xa2\xb9\xb9\x19\xcd\xcd\xcd\
X\xb7n\x1d:::^\xf3\xd3\x8e\x8b\xc1`0\xc0\
l6\xc3f\xb3\xa1\xac\xac\x0c\x0e\x87\x03\xe1p\x98\xde\
7\xe9\x03\x9a\x042\xb009\x1e\xda\xa5\x86\x0c\xca\x9c\
\xe8\x83\xaa\xac\xac\x0c\xed\xed\xedT\x19[\xbbv-\x5c\
.\x17\x02\x81\x00&''155\x85@ @\x15\
\xb1\xc5\xb4W\x10\xadjD90\x99Lp:\x9dH\
$\x12\xa8\xae\xae\xc6\xffo\xef\xbc\xe3\xe3*\xce\xbd\xff\
;\xdb{\xd1\xaa\xda\x92eI\x96{7\xa6\x9a\x0e\x01\
\x12J(7\x10Bp \x04\x02\xc9\x9b\x9b\xe4\x86\xf4\
z\x93\x5cHBH\x80$\x90\x84\x12;\x0d\x08\x81\xd0\
\x12\x8c\xb1\x8d{/\xb8\xc8\x96\xabdui\xb5\xda\xde\
\xf7\x9c\xf7\x0f\xcd\x0cg\x8fvUW}\xbe\xfa\x8cv\
\xcf\x9c9\xbd\xcco\x9fy\xe6\x99\xfd\xfbv\xe1\xa5\x17\
W\xc3h\xec\xdb\x9a2\xdc\x08\xa4\x19~\xc1\xc2\xc5\xf8\
\xcew\x7f\x84x\xbc\xbb\xd9\xccf\xb31q:\x184\
\x1a\x0dsv\x8f\xc5b\xfdZO0\x18\x84\xd9lN\
k\xfeW\x22\x11\xab\x17\xbd>Tp\xc9\xcb\x07\x83A\
\x94\x95\x95\xb1\xc0\xbf\xfd\xc5\xef\xf7\xf7\xd8&]/\xb5\
|\xf5uOP\xf1E\xa1\xe16z\xbb\x9fD\xd2\xc4\
\xabl\xf2\x1c.\xfa\xb2|\xf5v\xee)\x99\x96\x17H\
sow\xb9\x9e\xf3{\xbc\x8cs\x95&\x01\x1f\x1e\xee\
\xd0\xfe0\x19\x07\xd6\xe6\x8c.\x92$A\xad\xd6`\xf5\
\xea\xe7\x11\x0c\xfa\xd9\xcbC\xab\xd5\xa2\xa5\xa5\x05\xe1p\
\x18N\xa7\x13\x1d\x1d\x1di\x15E*\x95b\xbf\x145\
\x1aM\xda\xaf\xc1L/\xa0\x89\x0e\xb5:$\xc9\xa0\xd2\
]]]\x982e\x0a\x9cN'\xabh\xe2\xf18k\
\xea\xa3\x8e\xf0\x1e\x8f\x07]]]\x08\x87\xc3\x19_\xec\
\xc3\x05\xad\xf4$\x12z\x80:s\xbb\x5c.TTT\
\xa4\xf9\x8b\xa9T*\xf8\xfd~ttt\xb0\x80\xaa\xdd\
=b\xd3\x05e\x7f\x90o\x97&Q\x14\x91L&Q\
^>\x1dk\xfe\xf3o\xd4\x1c\xa9!/\xc4\xd1E \
\xbeJ7\xdd|+\x96-;\x97U\xcef\xb3\x19^\
\xaf\x17\xf1x\xbc\xdf\xc7-G\xde\xec\xd7\x9b\xef\x97D\
,\x96r\xab\x97|\x9e\xf2~\xa1\xd7P9_\xbe\x9e\
\xe9\xd3\xa7\xf7\xcbI\x9e\x22\x92\x0e66\x9b-m{\
T\x8c\xf7\xc7\xf2%\x92\x1e\xb3\xf4\xda\xc7\xe3q&\xec\
\xbd^o\xd6^\xb9\x12\xf1\xaf\x1a\xcc9\x1e\x0c\xf2}\
\xcc\xc4\x87\x02*]p\xa1\x1f1\xbe\x12\x89\x04\x5c\xae\
\xfc\x5c\x19iz\xa4\x8c(\x0b\xe52M0\x04 \xb7\
\xa3>q8}\xa1R\xa9P{\xac\x06\xeb\xd6\xaea\
\x91\x9dA,9j\xb5\x1a\xa7O\x9f\x86V\xab\x85\xc5\
bAmm-:;;\x01\xa4W\xb8\x92,>\x0e\
m\xda\x90\xe7\xd12\x13\x99P(\x84D\x22\xc1\x22\xba\
\xcf\x9f?\x1f\xe5\xe5\xe50\x18\x0cH&\x93hjj\
b\xfe`g\xcf\x9ee\xe39655\xe1\xcc\x993\
8~\xfc8\x8e\x1d;\x86\xf6\xf6\xf6\x11=W\xf4\x1a\
\x092!&\x11_\x1b\xa3\xd1\x88i\xd3\xa6a\xc1\x82\
\x05X\xb0`\x01\xaa\xab\xabY\xb0\xd7H$\x82@ \
\x00\xaf\xd7\x8bP(\xc4\xae\xb9\xbc\x99\xa8?\xc7A\x85\
\x01\x0d=\xd1\xd9\xd9\x81\x97_\xfa+Didc<\
eC\x92\x00\x93\xc9\x8c\x07\x1e\xfa\x12l6;\xeb\xf5\
\xa7\xd7\xeb\xd1\xd9\xd9\xc9B(\xf4\xe7X):\x9d\x0e\
&\x93\x09\x00\x10\x0e\x87\xb3\xf6\x04\xa4M\xc1\x06\x83!\
\xad)Q\xbe-:-\x92p0j\xb5:\xcd\xea%\
\xff^^^\x8e\xd2\xd2\xd2~7\xafQ2\x09\x12\x89\
XO\xfb\x12_\x82  \x1c\x0e\xa7u\x04H\xa5R\
\xd0\xe9tp:\x9d\xd0\x90\xb1C\xbb\xba\xba\xe0\xf5z\
\x99\xa8\xa7\xf7\x85r\xbb\xc3\x09\x15_\xd9\xa0\xe7SY\
F\xea\x87\xe5/\x91\x88\xa3z\xe6\xac>E\xda`Q\
j\xa3\xa1\xa4~\xa1\x5c(\x17i\x94Q\xa1\x87A\xac\
\xbf\x7fc\xe6\x188\xe3\x04\xfa\x02=z\xf4\x08\x04\xa1\
\xdb\xdaE+a\x000\x1a\x8d\x10\x04\x01\xcd\xcd\xcd\xd0\
\x90@\x9f\xed\xed\xediA3\x81\x0f_\xce\x95\x95\x95\
\xb0\xdb\xed\xacW\x1d\xb5\xe8@\x16\xd1\x5cYyL\x14\
t:\x1dR\xa9\x14Z[[q\xe6\xcc\x19\xb8\xddn\
6\xf6a0\x18\x84\xc7\xe3\x81\xd5jEQQ\x11\xf2\
\xf2\xf2`\xb7\xdbY\xa2\xd3\x1a\x8d\x06\xf5\xf5\xf5#n\
\x05\xcb\x86|\x1f\xb4Z-\x9cN'\x8a\x8b\x8b\xd9\x00\
\xdb\xb3f\xcdB~~>T*\x15|>\x1f\xda\xdb\
\xdbYOJ\x814/\xf6\xe7\x9a'\xc9\x98\x97\xa2(\
\xc2l6\xa3\xee\xcc)tvv@\xadV\x01\x90\x94\
.\x8a\xccz0\x12\x08B\xb7\xe5\xe6\xfc\xf3/\xc0G\
\xaf\xbf\x09n\xb7\x1bj\xb5\x1aZ\xad\x16z\xbd\x1e\x1e\
\x8f\x07\xe1px\xc0\x95j_\xd6/jm\xa4V/\
\xa5\x10\xa5\xe7\x93V\xfc4\x0e\x99\x5c|\x89\xc4/K\
\x14E\x14\x17\x17c\xf1\xe2\xc5\xaci\xb2?\xc8\xaf\x9d\
\xc5bI\xbb\x86\x92$1\x11\xd9\xdb\xb5\x15\x88\xf5P\
n%\x94\x88E\xcb`0\xc0l6\xb3\x10$\x92$\
1K\x98D~\x08\x8c$R?bue\xa37\xdf\
4\x81X\xfb\xaa\xabgA\x10T\x19T\xc7\xd8\xaa\xbd\
\x95{4bI\xf9\x8c\x93\xd4\xb3\xe0\xf0\xa4\xee\xc1\xcd\
\x06\x95>\xdc[Z\x19fM\x03\xfe\xcb\xb0\xb9q\x9a\
82\x04\x01\xd1X\x14;\xb6o\x81@|\x90R\xa9\
\x14\x8a\x8b\x8b\xa1\x22\xe1\x07\x8cF#\x22\x91\x08N\x9c\
8\x81d2\x89\xb2\xb22444\xa0\xb6\xb6\xb6\xc7\
\xaf@\x93\xc9\x84\xea\xeaj,\x5c\xb8\x10\xd5\xd5\xd5\xb0\
Z\xad\x08\x04\x02hmmE{{;\x82\xc1`\xd6\
\x17\xd4xG$Mg B3\x18\x0c\xe2\xe8\xd1\xa3\
\xd8\xbbw/\xce\x9c9\x83\x14\x89\xed\x94)\xd8\xa4D\
z\xb3\xf9|>X\xad\xd61\xef;G\xdf#\x06\x83\
!-\xd8kuu5\x9cN'\x22\x91\x08ZZZ\
\xd0\xd6\xd6\xc6\x9c\xca{\xbb\xee\xb4R\xa3\xf7`}\xfd\
\x19\xec\xda\xb9\x1dFc\xb7u(#\x19^\xd2\xc3\x95\
T*\x01z\x83\x1e_\xfb\xfa\xb7p\xd1E\x17\xb3\x1f\
\x1fZ\xad\x16F\xa3\x11^\xaf\xb7\xdf\xce\xf3\x14\x83\xc1\
\x00\x83\xc1\x00\x10_,\xb95J\x10\x04\xf8\xfd~\xf8\
|>\xe4\xe5\xe5\xb1sG\x85\x10\x85~\xa7V/\x9d\
N\x97f\xe9\x92d\xc2\x8cZ\xebz\x13\x10\x99\x90\x0b\
%\x0a\xdd\x1f*B\xfbZ'\xed0 \x17\xa8\xf2\xfb\
A \x02\xcd\xe1p@\xa5R!Az\x09\x8bC\x08\
\xeb1P$Y\xe7\x90l(\xdfwr\xe4n\x17J\
\x04A@*%\xa2\xb8\xa4\x04*\x95\xd0\xe3\xfeJO\
\x19\xea\xeb\x1c\xa6\x0c\x1b\x1c\x5c\xeaQ\xb3\xf6\x96\x86\x86\
rm\xc3\x95F\xe6NSn\xb5\xcf\x94\xe1\xe4gL\
\xca\xe5\xc6^\xea\xb1\xcb\x930A\x00$H\xd0j\xd5\
\xd8\xf8\xfe:l|\x7f\x1d\x13[\x14\xf9w\xb3\xd9\x0c\
\xadV\x8b\x93'O\xc2\xe3\xf1\xa0\xb0\xb0\x106\x9b\x0d\
\xc7\x8e\x1dC[[[Z\xd9$\x89\x86]\x5c\x5c\x8c\
\xea\xeaj,[\xb6\x0c\x8b\x17/\xc6\xd4\xa9S\xa1\xd5\
j\x11\x0e\x87\xe1\xf5zY\x0fI\xda\x5cE\x11\x04\x81\
}\x1fO\xd0\xde\x9f\x89D\x02\x1e\x8f\x07\x81@\x00N\
\xa7\x93\xc5S\xa2\xc7\xe5\xf7\xfb\xd1\xd8\xd8\xc8\x1c\xd9\xe3\
\xf1\xeea\x9c\xf2\xf2\xf2P^^\x8e\xea\xea\xeaQ\x8b\
\x13\xd6_\x04Yg\x01Z\xb1\x1a\x0c\x06\x14\x15\x15\xa1\
\xb2\xb2\x12\x8b\x17/\xc6\xd2\xa5KQVV\xc6z\x08\
vvv\xc2\xe7\xf3\xb1\xc8\xfbr!A+w:\xad\
\xd5j\xb1y\xf3\xfb\xa4\xa9J\xdd\xf3!\xee5\x0d\x0f\
bJ\x84\xd1`\xc0\x0b\xab\xff\x8e\xab?r\x1d\x13\xd1\
\x1a\x8d\x06&\x93\x09\xc1`\x10n\xb7\x9b\x09\x87\xfe\x90\
\xa9\xe7\xa3$I\xac\x83C~~>\xbb\x0f\xb2=\x9b\
\x02\x11Wq2\x10<=\xaf4\x05\x02\x01TTT\
`\xe1\xc2\x85\x83\x162\x82 0_2\x90\xedSK\
\xa5\xd2\x22\xa7D a&\xe4Mz\x99\x9a\xf7\xa8h\
L\x92^\xb94O\xf9^\x1aN\xe8}\x9d\x0d\xba?\
\xca}\x97\xfa\xd1\xec(I\x12\x9c\xce\x0f\x85\xf4h\xa1\
|Z\x06\x9d2\xd4)\xd9S\x86J(S\xea\xb9\xa0\
\x22\x0d/\xd9\xaf\xfc\xb8@y\xb2\xc6k\x9a\x98H4\
\x18\xa0\xf4aw\xfe\x8d\x1b\xd6!\x95\xfcp\xc8\x0c\xfa\
B\x8d\xcb\x07:&V\x0e\xadV\x8b\xa6\xa6&\xb4\xb5\
\xb5A\xaf\xd7\xa3\xa8\xa8\x08\xb1X\x0cMMM\xe8\xea\
\xea\x82D\xcc\xf6r+\x90V\xab\x85\xc9d\xc2\x94)\
SX\x04\xf6\x193f\xa0\xb4\xb4\x14z\xbd\x1e\xa1P\
\x889\xa0\x87\xc3a\xb6\x9c\xfc%G+\x92\xb1\x0c\xb5\
~h\xb5Z\x18\x0c\x06V)\xb6\xb6\xb6\xb2\x0a\x8a\x1e\
\x8f\xd3\xe9\x84^\xafG,\x16c\xf1\xb5L&\x13\x1b\
\x98[\xadV\xb3Jg\xac\x1f\xbb@~QK2\x7f\
1j\x11*))\xc1\xcc\x9931{\xf6l\xcc\x9c\
9\x13eee0\x9b\xcd\xcc?.\x16\x8b!\x91H\
@\xaf\xd73\xcb\x8aDzA\xfe\xe7\xed\xb7\xe0\xf7\xfb\
z\xad\x0c3\xa3|\x96s\x93\x04A\x85TJ\x84Z\
\xad\xc5\xf7\x7f\xf0\x13\x9c\x7f\xc1\x0a\xc4\xa2Q\x08*\x15\
\xd4$\x94\x86$Ilx'z\x1f+\xc5\x93\xfc\x9a\
\xca\x07\xab\x0e\x04\x02\x88\xc5bp\xbb\xdd\xcc\x8a%\x17\
S\xcaei^*\x95\x82\xcf\xe7K;\x7f\x12y\xce\
C\xa1\x10\x8a\x8b\x8b\xb1d\xc9\x92\x1e\x96\x19\x8dF\xd3\
\xab\x95G\x8e*\xc3\x80\xdeT|\xf6\x87D\x22\x81\x14\
\x19\x90Z\xca\xe0\xcb%\xc9\x9a\x18%bi\xa3\xc70\
\xf0\xeb?x\xfa\x12_\x12y\xbf\xc9\xf7] \xe2\xb2\
?X\xad\x1f\x06\xd9\x9dh\xf4|b\x06\x912\xe8\xb1\
\xf4\xd4\xd3\x92\x97\x8bD7\x90\xfd\xcasF\x90\x1e\xb7\
\xc5\xb8NDkA\xa5R\xc3`\xe8\x1e\xa3-\x14\xec\
\xc2\xc3_\xfdol\xde\xf4>t\xb2\xe6\x88T*\x85\
\xbc\xbc\xbc\x8c/!\x9dN\x07\xbb\xdd\x0e\xbf\xdf\x8f\x83\
\x07\x0f\xc2\xeb\xf5\xc2\xe5r\xc1`0\xa0\xae\xae\x0e\x1f\
|\xf0\x01\xfc~\x7f\x9a\x83\xb0\x1c\x81\xf8\x01\xd9\xedv\
\xb8\x5c.\xcc\x9a5\x0b\xe7\x9e{.\x16.\x5c\x88\xbc\
\xbc<$\x93I\xb4\xb7\xb7\xb3\xf1\xff\x22\x91\x08{\x19\
\xd3\x8aB\xb9\xce\xb1\x82\xddng\x03P\xd3\xf1\x0f]\
.\x17,\x16\x0b\x22\x91\x08f\xce\x9c\x89\xf2\xf2r\x98\
L&\x04\x02\x01\x84B!\x98L&\x98L&\xf8|\
>v\xfe\x8e\x1c9\x82\x86\x86\x06x\xbd^h4\x1a\
\xe8\xf5\xfa4?\x9e\xf1\x02\xddW\x81Thv\xbb\x1d\
\xf9\xf9\xf9\x981c\x06\xce?\xff|,_\xbe\x1cU\
UU\xc8\xcb\xcbc\x96U\xbaLwe\x9cDo\xfe\
^CM\x83\xa1\xdb_\x07(.\x99\x82\x9f\xfd\xe2\xd7\
p\xe6\xe5#\x1e\x8b\xb2\x0a\x99\xfa0%\x12\x09\xf6\x83\
\x84Z\xf9\xb4$H+\x15\xd7\x1a\xd2C\x98\xfa~I\
\x92\x84\xb6\xb66\xf6|P\xdf#\xf99\x91C\xc5\x89\
\xfc>\xa1\xe5\x05A\x80\xc9d\x82\xcb\xe5\xc2%\x97\x5c\
\xd2\xe3Y\x0c\x85B8q\xe2\x04\xdcn7\xb4dD\
\x86l\xf7W\xa60\x13\x02\x19.\x88\x8a)\xa1\x0fA\
A\x85\x15-\xaf\xb4|\xc9\x8f\x13d\xfd4?\xd3{\
h8\xa0\xdb\xef\xebX2\xedO\x7f}\xd3tZ\xcd\
\x90\xee?\xce\xf0@\xafI\xcf+\xcb\xe1\x0c\x12\xfaB\
\xe9\xb6\xbcH8u\xf28\x9e\x7f\xeei|\xf9K\x0f\
\xe2\xeb\x0f\x7f\x0d\xad\xadM\x10H\x0c\x9aT*\xc5,\
4Z\xad\x96E\xb0\xcf\x84\xc3\xe1\x80\xddnGgg\
'jkk\x11\x89D0c\xc6\x0c\x14\x15\x15\xa1\xb9\
\xb9\x19\x87\x0e\x1dBss3\x92$\xea}\xb6\x17\x1a\
\xb5\x90\xe9t:TWW\xe3\x9cs\xce\xc1\xd2\xa5K\
QUU\x05\x9b\xcd\xc6b\x8d\xb9\xddn\x84B!\xb6\
\xbe\xb1H,\x16c]\xe6\x13$zy8\x1cF\x22\
\x91@AA\x014\x1a\x0d\x1c\x0e\x07\xe6\xcf\x9f\x8fs\
\xcf=\x17\xb3g\xcf\x86\xd9lF4\xda]y[,\
\x16\xe6\xb3\xe3\xf3\xf9p\xec\xd81\x161\xbf\xa5\xa5\x05\
\xf1x|L\x1f\x7f\x7fI\xa5R\xcc\xe9[Mz\xd3\
\x16\x14\x140\xb1\xc1D\x80$e\xaf\xa6\x94Jj\x10\
\xa9\x87\xa0\x1b\x80\xb0\x93D\x11EEE\xf8\xc3\xb3\xab\
0k\xf6\xbc\x1e\x96\x1cj\xc5L$\x12p\xbb\xddh\
ooG{{;\xba\xba\xba\xd2\xc2\x8c\xb8\xddnD\
\xa3\xd1\xb4e\xcdf3\xa0\x10[\xf4\xbbR\xa4\xd0\xfb\
\xcbh4\xb2gW\x22M\x82\x05\x05\x05\xb8\xe0\x82\x0b\
z\x08/\x90\xe1\x82\x8e\x1f?\x8e\xdd\xbbwc\xe3\xc6\
\x8d\xa8\xa9\xa9A4\x1a\xcd(\x22\xa8\xbf\x98\x1cI\x92\
\x10\x8dF\xfb\xe5\xef%\x90\x1e\xd0\xf4;24;\xd2\
\xe3\x12IH\x0a\x9a\x87~\x0ct\x9d+\xb2\xbd\xeb\xe4\
H\x19\x86\x16B\x1f\xbe`H\xbb\x96\x1f\xde`=\xee\
\xbb\x11J\xec&\xe6\xf4@\xa5|\xd0\xb3%\x0e\xa77\
\xd4\xaa\xee_\xd7\x0d\x0d\xf5\xf8\xcf\xbf\xdf\xc0o\x9ez\
\x1c\xbf\xf8\xf9O\xb1a\xdd\xbb\x98V6\x15\x9fYy\
7\x1ez\xe8!6\xd4\x0c}\xf1\xd1\x17\x89\xc3\xe1@\
,\x16\xcb\xfaR\xd2\xeb\xf5\xccg\xa5\xa9\xa9\x09'N\
\x9c@\x22\x91@~~>\x5c.\x17$IB}}\
=\xea\xeb\xeb\xd1\xd9\xd9\xc9^\xb8\xca\x97\x14\x9d\x16I\
l,\x8f\xc7\x03\xbf\xdf\xcf\x86tQ\xab\xd5\xac9\xcb\
\xe3\xf1\xc0\xe7\xf31\x9f*\xb9\xf3\xbar\xbd#\x0d\xfd\
U\xaf\xd7\xeb!\x8a\x22l6\x1b\x0a\x0b\x0b\x99\x1f\x97\
N\xa7\x83D\x9a\x5cR\xa9\x14\x1c\x0e\x07\xf2\xf3\xf31\
m\xda4\x14\x16\x16\xa2\xa0\xa0\x00N\xa7\x93U\xbe*\
\x95\x0a\xc9d\x12>\x9f\x0fmmm\xa8\xaf\xafGm\
m-\xea\xea\xea\xd0\xd2\xd2\xc2\xa2\xac\x8f\x85c\x1f\x08\
t\x7f\x93\xc9$\x1a\x1b\x1bQYY\x09\xab\xd5\xcaD\
\x17\x15\xe4b\x1f\x95\xfa\xb0\xa1|\xd1fI\xa2(b\
\xfe\x82\x85\xf8\xf5\x93O\xe3\xca\xab\xaeAL\xd1\x9bO\
\xadV\xc3h4\xc2j\xb5\xb2fhz\xed\x93\xb2\xe1\
\xb8\x0c\x06\x03\x0b;!\x8a\x22\x82\xc1 \xab\xac\xa9(\
\xa1\xdf\xe5\xc4\xe3q\x04\x83A\xb6n\x9a\x07\x00\xb3g\
\xcf\xc6\xec\xd9\xb3\xd9\xe0\xd9\xca\xfbC\x14ETVV\
\xe2\xca+\xaf\xc4\xf4\xe9\xd3\x11\x0e\x87\xb1\x7f\xff~\xec\
\xd9\xb3\xa7G\xf4\xfed2\xc9\x84\xb12\x9fZ\xcc\xfa\
B\x92\x85 \xa1\xd7XnA\xcat\xbc \xf7J\xa6\
m\xe7\x1azm\xfaC\xa6f\xc7\xbe\xce\x01\x9d\xdf\xbd\
\xdc\xe8&\xf6\x97\xa1\xf9-\x97\xa9\x87\xea\x1b\xd2\xb1\x8f\
\x0c\xfd\xee\xed\xa8<.\x9e&o\xea\x1e\x99\xb1\xfb\x05\
\xd7\xdd\xa4\xa1\xc6\xbe\xfd\xbb\xb0\xea\xf9\xdf\xe3\xa1\x07\xee\
\xc5\xff\xfe\xf0\xbb\xf0\xb8\xdb\xf1_\xb7\xdd\x8ao\x7f\xfb\
\xdb\xb8\xf5\xd6[QXX\x08\x8b\xc5\x02\x8dF\x83\x04\
\x09\x0e*\xb7\x80\xb9\x5c.\xcc\x981\x03\x81@ \xe3\
/b\x00\x10\x88#\xae\xc3\xe1\x80V\xabEss3\
\x8e\x1f?\x0e\xb7\xdb\xcd\xba\x90\xdb\xedv455\xe1\
\xd0\xa1C8}\xfa4\x8bi\xa4RD\xae\xf6x<\
\xa8\xab\xab\x83\xdb\xed\x06\x88\x05\x806O:\x1c\x0e\xa8\
\x89_\x0d\x00L\x9b6\x0d6\x9b\x0d\x01\x12\x85\xbd\xa3\
\xa3#-<\x03{\x01\x8c\x00t;\xc5\xc5\xc5\x983\
g\x0e\x8a\x8a\x8aP]]\x8d\xe2\xe2b\xe4\xe5\xe5\xb1\
\x1e\x5c\xf2\xf2\xb1X\x0c555\xd8\xbau+\xb6o\
\xdf\x8e\xc3\x87\x0f\xe3\xf0\xe1\xc3H\xa5R\x981c\x06\
f\xcc\x98\xc1bj\xa9T*\xc4b1\xf8\xfd~f\
a\xf1z\xbd\xa8\xa9\xa9\xc1\x07\x1f|\x80\xda\xdaZ\xf8\
|>H\xc4\xc2H+9d\xa8\xcc\xc6\x0a*\x95\x0a\
n\xb7\x1b\x06\x83\x819rS\xf1O\xc5\x89J\xf5a\
/k\xf4|\xfd\xe54\x0d\x06z\x8eKK\xcb\xf0\x93\
\x9f\xfe\x1c+W~\x96\xc4\xa9J\xf6\xb8\xde*\xe23\
\xa5\xd7\xeb\xa1\xd7\xebYs\xb3\xc1``\xf75]\x1f\
\x0d\xcd\x92\xe9\xba\xd1kL-jt\xf9h4\x8a@\
 \x80\xbc\xbc<\x5cq\xc5\x15\x98?\x7f~\x9f=f\
5\xa4\x93\x03\x1d\xf7\xf3\x82\x0b.\x80$Ihii\
ae\x042\xa0\xb7\xd2R\x05b\xbd\x92w\x92\xe8\x0d\
I\x16,\x95\xde\x93TT\xd1<\xc8\x9c\xeei\x9eJ\
\xa5\xcahi\x1a\x0e\xa85\xb67\xb2\x1dk&\x81+\
\xe7\xc3\xe3\xea\xf9\xee\x1e\xb1\x94\xe1\xbe\x1f\xca\xfd\xdf\x17\
\xcam\x08\xc8\xb0O\xfdN=\xc5\xddp$\xde\xec\xc8\
\x19\x10\xf4%\x05\x00-\xcd\x8d\xd8\xb4q=\xee\xf9\xf4\
\x1d\xf8\xf67\xfe\x07/\xbf\xfc7\x5c}\xf5UX\xb5\
j\x15\xee\xbb\xef>\xcc\x993\x07j\xb5\x9a\xbdh$\
\xe2\x7f\x11\x8dF\xd3~\x95\xd3\xcf\xc2\xc2BTWW\
\xf79\xce\x9f@\xfc]\xf2\xf2\xf2`2\x99\xe0\xf1x\
X\xd3c*\x95Bee%\xe6\xcc\x99\x03\xbb\xdd\x8e\
\xc3\x87\x0f\xe3\xe4\xc9\x93\xac\x09\xa6\xbb\xa2\xed\x0eq\x01\
\x00\x16\x8b\x85UP\xf2\xcaJ\xaf\xd7\xb3_\xda&\x93\
\x09UUU8\xf7\xdcs\xb1l\xd92\x14\x15\x15!\
\x95J\xc1\xe3\xf1\xc0\xedv#\x18\x0c\xa65\xa3d\xdb\
\xef\xa1\x22\xca\xa2\x7f\x0b\x82\x00\xb7\xdb\xcd\x1c\xe8\xe5\xc8\
\xb7\x1f\x8dF\xb1m\xdb\xb6\xb4J\x8e\xe6\x9f9s\x06\
G\x8e\x1c\x81V\x16Sk\xe1\xc2\x85X\xb6l\x19f\
\xcd\x9a\x05\xa3\xd1\xc8z\x89Z\xadV8\x1c\x0e\x84B\
!\x9c<y\x12\x07\x0f\x1e\xc4\xf1\xe3\xc7\xd1\xd1\xd1\x01\
\x9f\xcf\xc7*L\x9a\xc6\x124R>m\x8e\x95d1\
\xa9\x92\xc9$\xe9\x11\x19\x83J\xdd=\xc8\xb6\xd0\xf3m\
<\x88\xa4\xac\x09>L}\xcc\xee5\xa9\x04\x01\x16\x8b\
\x05\xdf\xfb\xfe\xff\xe2\xa5\x97\xff\x05\xa73\x0f12\x10\
=\xdboE\xc5M\x05\x08E\x90\xf5&L&\x93l\
$\x09ZF^\x96\xf6\x166\x91\xd8_\x22\xb1\xb2.\
Y\xb2\x04\x97\x5cr\x09l6[\xaf\xcf*d\xce\xf2\
\xf4\x1d\x90L&\xa1\xd7\xeb{\x086I\x92\x10\x89D\
\x90\x9f\x9f\xdfCxH\xc4\xca\x9b\xed\x87\x19E\x22M\
\x94\xf2\x1f\x05b\x06\xcb\x17\xdd\x17\xc8\xf6\x8b\xfe@S\
n{8\xa0\xe7\xac\xb7\xf3F\x8fU\xb9?t_3\
!\x10\xb7\x0e\xb3\xd9\x0cM?\x9ai\x87\x0d\xe5\x8d+\
K=\x1e\x95\x5c\xa6\x9e\x9bC\xf63<\xba\xa8\xff\xe7\
k\xdf\xfc\xa12\x93\xc3\xa1\xb0\x17\x14\x80\x94(!\x1c\
\x0ea\xe7\xf6\xadx\xf1\xef\x7f\xc1_\xff\xb2\x0a;\xb7\
oA\xe9\xd4)\xb8\xf6\xba\xebp\xdf}\xf7a\xde\xbc\
y,\x00\xa8\xbcB\x06\xf9\xb5\xb7k\xd7.\xd4\xd6\xd6\
\xc2h4\xb2_\xa7\xf4E)IR\xf7K\x83D\xa1\
\x061\xbb\xd3\x97%]\x8f\xfc\xc5\xa9\xd5j\xd92\xb1\
X\x0c]]]\x08\x06\x83\xf0\xfb\xfd\xd0\xe9t(.\
.\x86\xc9dB\x924;\xa5H\xfc+I\x92\xe0t\
:\xe1\xf3\xf9\x00b\xf9\xf2z\xbd\x90$\x09\xc1`\x10\
\x89D\x02:\x9d\x0e\xa5\xa5\xa5\xccIY \xb1\x96\x1c\
\x0e\x07\x0b^J\x9d\xb7\xa3\xd1(\xa2\xd1(\xf3\xc5\xa2\
\xc8+\x01%\xa2(\x22\x1c\x0e\xc3f\xb3\xb1\xae\xfb\xf2\
\xf2\x02ib\x88\x91\xc1\x95c\xb1\x18\xd4j5\x5c.\
\x17\x0b\xa4\x1a\x08\x04X\xcf5z^\xe8z$I\xc2\
\xc1\x83\x07\xd9\xfe\x18\x0c\x06\x94\x95\x95\xc1\xe9t\xc2\xeb\
\xf5\x02$\xe6\x93\xc1``A-\xe9y\xd6\xeb\xf5(\
((@AA\x01\xacV+4\x1a\x0d\x13z\xb4\xa7\
]4\x1aE8\x1c\xee\x1e\xac:\x14\x82\xcf\xe7K\xb3\
\xa4t[E\xbb-\x09\xec>\xcar.r\x09=\x8e\
x<\x8e\x86\x86\x06x<\x1eTTT0\x1f7z\
o&\x93I\xd6\x9c\x16\x8dFp\xff\xe7\xbf\x08S\x1f\
A<\xfb\x8f\xf2\xf5\xafH=j\x8d\x01$r\xefL\
\xaf\xa8\xc4\xb2s\xceA(\x14B{[\x1b\x22\x910\
\x04\xc53\x03\xd99\x97\x9f{\x8dF\xc3\xae\x95(\x8a\
,\xc01\xc8\xf2\xf4\xbc\x88d0k\x87\xc3\x81\x193\
f`\xce\x9c9X\xb8p!\x0a\x0a\x0a2\xaeW\x0e\
=\x8f\x8d\x8d\x8d0\x1a\x8d\xc8\xcb\xcbcyj\xb5\x1a\
g\xce\x9c\x81\xd5j\x85\xd3\xe9\x04\xc8z\x1a\x1a\x1aX\
\xcfU\xf9=\xd3\xda\xda\x0a\x87\xc3\x01\xab\xd5\xca\x8eM\
\xbe.\x10\xa1\xd8\xd2\xd2\x82\xe3\xc7\x8fC\x221\x03S\
\xa9\x14{\xc6\xe8\xbd\x9d\x22~\x80Z\xad\x16\x91H\x04\
6\x9b\x0dI\x12x\xb7?br\xa8\x08\xc4\xc2\x07\xe2\
\xaf\x97\x8dH$\x02\x8dF\xc3D\xaaDDW0\x18\
\x84\xd1hd\xc7-G\x10\x04D\xa3QTUU\xe3\
\xf6;\xeeb\xee\x07\x93\x86\x0c\x8f\xdaP\x1f\xb7>S\
\xcf\xcd\xf5H\x99P\x7f\xedk\xdf\xfa\xa12\xc4i.\
\xffz\xee\xc6\xc4O\x13\xe1\x0fR\xf7\xe1\xe8\xb4\xdd\xc3\
\xfe\x88\xa98\xdez\xf35\xfc\xf4'?\xc2\xc6\x8d\xeb\
!\xa6\x12\xb8\xfc\xf2\xcb\xf0\xc9O~\x12\xcb\x97/G\
YY\x19{!f{\xd8\x13\x89\x04v\xec\xd8\x81\xb3\
g\xcfB\x14E\xe8\xf5\xfa\x1ebC\xa5R\xc1b\xb1\
\xc0l6\xa3\xa5\xa5\x05)24H\xa6\xcaD\xfe]\
M\x82:\xea\xf5z\x08$\xecBWW\x17\xda\xda\xda\
\x90\x22>\x5c\x85\x85\x85,\xb2\xbb\xc7\xe3\x81H\x9c\xd5\
Eb92\x9b\xcd(,,\xc4\xd4\xa9SQXX\
\x08\xa7\xd3\xc9\xba\xd4+\xb7\x0b\x99\xf0\xb3Z\xadp\xb9\
\x5c(,,d\x95w\x92\xf8O\x05\x83A\xb6}\xda\
\x03\x0d\xe4E\xaa\x14_T\xacPk\xa1\xdf\xefg\xbd\
\xcb\x9cN'*++\xd3|\xe6\xd4\xc4?\xcd\xeb\xf5\
\xa2\xb5\xb5\x95\xc5}\x0a\x87\xc3l\xe8\x97\x93'O\x02\
$\xdc\xc4\xf2\xe5\xcb\xe1p8\xe0t:QRR\x82\
\x86\x86\x06@6\x00r&\x04\x22\xc4,\x16\x0b\x1c\x0e\
\x07\x5c.\x17l6\x1b\xbbnI2T\x8fZ\xadF\
\x8c\x0c\xdc\x1c\x8dF\xd3\xc6\xd1\x039\xb7T\x14\xc8+\
\xd5\x5c#\x11\xf1\x19\x89Dp\xfa\xf4i\xa8\xd5j6\
\x08;\x15^I2\xee`\x82tT\xe8\xe8\xe8\x8en\
\x7f\xff\x03_\x80\xd1\x98+\xf15\xfc\xa4R)\x14\x15\
\x15\xe3\xb2+\xae\xc0G>r\x0dB\xe1(\x9a\x1a\x1b\
\xe0\xf3\xf9\xd2\x9a\x16\xe5\xc7#\x7f\x86Db\xf9\xa3\xcf\
\x18\xbd\xd7}>\x1ff\xcf\x9e\x8bX,\x86X,\x8a\
e\xcb\xce\xc19\xe7,\x83\xcb\xe5b\xbd\x1c\x07\xc2\xd9\
\xb3ga\xb3\xd9X\x0c:z\x8d\xea\xea\xea`6\x9b\
\x91\x97\x97\x07\x90}\xaa\xab\xab\x83\xd3\xe9\xeca\xfdj\
kkCaa!t:\x1d{\xcf\xa8\xd5j\xe8t\
:\xb4\xb4\xb4\xe0\xd8\xb1c8t\xe8\x10\xbb\xf7\xa9h\
\xa4\xcf\x98\xddng\xdb\xa0\xf7\x00\x15\x99V\xab\x15\xf1\
x\x1c\xf1x\x1cv\xbb}D\xc4W \x10\x80\x9a\xf8\
\xe9)\xa1\xef\xbap8\x0c\x9dN\x07\xad,\xec\x86\x8a\
\x0c\x01e2\x99\xb2\x8a\xafp8\x8c\xf3/X\x81\xeb\
>z=\x04\x81\xbd\xd1s\x9a82\x94''C\xea\
!\xd8\x84\x11\xb0|e\xd8\x8f\x09\x9f\xc6;\xec\xa5-\
J\xd8\xbau#^{\xf5e\xfc\xf2\x97?\xc7\x9aw\
\xfe\x8d\xf3\xcf;\x0fw\xdey'>\xf1\x89O`\xda\
\xb4iH\xa5\xbacv\xf5\xe7e\x95H$\xb0}\xfb\
v\xd6\x9b\x8e\x0a\x0d\x90m\xd2\x04\xf2\x8b\xd0\xe5r\xb1\
!\x83\xa8\xa8\xa2e)\x99\xbe\xd3\x97\x1a\xb5\xaeE\xa3\
Q\xf8\xfd~\xb4\xb7\xb7\xb3\xb1\x22\xa7L\x99\x82\xbc\xbc\
<X,\x16\x808\xf4777\xa3\xb5\xb5\x15\x9d\x9d\
\x9d\x08\x04\x02\xd0h4\xcc\x22\xd0\xdb\xf1\xc9\xf7\xddd\
2\xa1\xb0\xb0\x10EEEp8\x1c\xb0\xd9lH\xc8\
\x02\xa1F\x22\x11\x08\x82\xc0\xac\x83T|\xc5b1\xe8\
t:$\x93I\xb8\xddn\xf8\xfd~8\x9dNL\x9f\
>\x1d\xe5\xe5\xe5p\xb9\x5c\x10E\x11\xc7\x8f\x1fGC\
C\x03\xa2\xb2\xa6[\x9dN\xc7\x8e#\x1c\x0e\xc3\xedv\
#\x99L\xa2\xbe\xbe\x1e)\xd2tA\x1d\xcd\xa9\xf8\xd3\
h4L\x1ci4\x9a\xac\xe2+\x13*\x12\xca\xa1\xb8\
\xb8\x18\xf9\xf9\xf9\xb0X,\x10\xc8K?!\x1b+\xcf\
d2!\x12\x89\xe0\xec\xd9\xb3hkk\x83\xcf\xe7K\
\xab\xe4\x87\x03\xb5Z\x8d@ \x80C\x87\x0ea\xca\x94\
)(//g\xfb#\xb7xQ\xabWKK\x0b\x04\
\x12\x11\xfc\xf3\x9f\xff\x22LD|)\x9f\xe91\x99\xd8\
}\xa9\x82\xc3\x9e\x87\x9bo\xb9\x09\xe7\x9e{\x01\xa2\xd1\
(\x0e\x1e\xfc\x00q\x12PXC,\xcc\x02\x11-\xf2\
\xe7\x8469\xa6R)\xc4\xe3\x09h\xb5:\xdc~\xfb\
\xa7\xf0\x93\xff\xfb9\xae\xbd\xee\x06TV\xce\xc0\xfa\x0d\
\xebP{\xec\x18T*\x15\xb3R\xf5\x07\xba\xad\xfa\xfa\
z6\xa4\x15\x15M\x81@\x00\xb5\xb5\xb5Lh\x81\x1c\
OCC\x03\x8a\x8b\x8b\xd9\xfdLiooGaa\
!\xd4$&\x9d \x088y\xf2$v\xef\xde\x8dS\
\xa7N\xc1h4\xa2\xb4\xb4\x14j\xb5\x1a\x1e\x8f\x07j\
\xf2cL\xfe\x03\x87\xeeOJ\xd6\xd1'\x91H\xc0b\
\xb1 \x16\x8b!\x95J\xa5Y\xd6\x86\x0b\x81\x88/\x9d\
N\x07\xbd^\xaf\x9c\xcd\xc8&\xbe\xc2\xe1p\x9a\xb8\x96\
\xa3R\xa9\x10\x0a\x85p\xe9\xe5W\xe2\x92K.\xeb\xfe\
a\xd9}\xb3\xe44\xd1\xfbiL\xa7\x8c\x7f\x19\x9e\xa3\
\x1c\xa7\xfe\x224\xb7y\x07\xf63\x863\xa1\xa0/\x1a\
A\xe8\xbemb\xb1\x18\x8e\x1d\xab\xc1\x89\xe3\xb5hj\
j\xc4\xda5o\xa3\xb0\xb0\x08\x97\x5cr\x09\x16-Z\
\x04\x97\xcb\x05\x95J\x85(\xe9\xb2N\x97\xeb\x0b\x89\x0c\
i\xf3\xcb_\xfe\x12\xdb\xb7og\xcdXN\xa7\x13&\
\x93\x89\xbdd4$\x1e\x91\x8a8\xbf&\x93I\xb4\xb6\
\xb6\xa2\xa3\xa3\x03\x02\xf1\xf5\x92\xff\xe2\x93o\x9f~W\
\xe6\xa9T*f\xf5\x08\x93\xc0\xaa\xf4\xe5K-:\xd4\
\x99W\xa5RA\xaf\xd7\xc3\xef\xf7\xc3\xef\xf7\xb3m\xc5\
\xe3q\xd8l6\xf6\xb2\xd4\x92\xc0\x9er\xe1\xa9\x92\xf9\
\x8b\xd0\xed\x82Ulq$\x12\x09tuu!\x10\x08\
0\xcbK\x22\x91\x80\xcb\xe5B\x98D\x0d7\x99Lp\
:\x9d\xcc\xca\xa0\x22\xfei*\x95\x0ammmhi\
i\x81\xd9lN;\x0f\x12\xb1\xa2%\x12\x09D\x22\x11\
D\x22\x11TUU!\x91H\xe0\xd0\xa1C\x00\x09\xd7\
\xa1V\xaba2\x99`\xb5Z\xa1\xd7\xebq\xfa\xf4i\
\xd6\xecz\xc5\x15W` \xd0\xe3\x84\xacG\x16=\xc6\
@ \x00\xbf\xdf\x8fT*\xc5:<8\x1c\x0e\xd6\xb9\
\x81^\xe3\xbc\xbc<\xe8t:\x18\x8dF&\xae\xe9\xb9\
\x94\xaf\xbf?H$\xbazSS\x13\x0c\x06\x03JK\
K\x99\xb5\x8b&*\xba\x12$\xe0\xaa|\x08*Q\x14\
q\xe0P-\xf2\xf2\x5cL\xb0\x8e'$I\x82$\x8a\
0\x18\x0d\x08\x85Bhkk\xc3\xbe\xbd{\xb0\xee\xbd\
w\x11\x8dE\xd1p\xb6\x1e\xf5\xf5uH%\x93\x80$\
A\x92\xf5p\x0d\x93\xe6\xc7_<\xfe$\xae\xbe\xfa\x1a\
\xe4\xe7\x17@\xadVA\xa5VC V\xa7\x96\xe6f\
\xac\xfa\xd3shmm\x86\xcf\xdb\x85\xfc\xfc|X\xad\
Vf\x81\xa1\xf7\xa0\xfc\xd9\xa3\xd3\x9b7oFuu\
5\x8cF#<\x1e\x0f\x9a\x9b\x9b\xc9\x8f\x10@\xab\xd5\
a\xe9\xd2\xa5\xb0\xdb\xed\x10\x04\x01\x9b6m\xc2\xe2\xc5\
\x8b\xd3\xc6vL\xa5R\xd8\xbf\x7f?\xeb\x90C}-\
\x05\xf2cGC\xdc\x14\x82\xc1 \x8a\x8b\x8b\xe1\xf5z\
\xd9\xf3\x1a\x8dF\xe1\xf1x0e\xca\x14\xb6?4\x8c\
\x0c\x15\x9f\x05\x05\x05\xf0\xf9|H&\x93(..F\
*\x83\xc3\x7f.\x11\x04\x81=\xc7\x99\x9a\xb9\xe9\xb4\xdb\
\xed\x86\xcdfK\xebh \x08\x02\xda\xdb\xdbQPP\
\x90\xb6\x0cE\xa5R\xa1\xb3\xb3\x13\xdf\xfa\xf6\x0f\xf0\xb9\
\xfb\x1fd?\xf6\xb21\xb0\xa7\x8c\x93K\xb8\xf8\x1a&\
\xb2\xdf\xee\xa3\x8f$\x01\xa2\x98\x82\xa0\x12\xa0\xd5h\x91\
L&\xe1\xf7{\xb1c\xfb6\xec\xdc\xb9\x1d\x1b6\xac\
\xc3\xd4)S\xb0b\xc5\x0aL\x9f>\x1d\x95\x95U\xd0\
\xe9\xba\x7f}\xd1\x8a\xa9\xb7\x07:\x13J\xf1\xa5'\x11\
\xd7\xa3\xd1(k\xae\xd3\x91(\xdbT\x84\xa9HoJ\
\x95J\x85H$\x82\xba\xba:\xd6\x9cf2\x99\xd2*\
jy\xc5\xad\xdc\xb7L\xf9\xd4\x02\x92\x22M\x82T\xbc\
\xd0}\xb0\x93\xe1{\xa8P\x08\x93\xf8C\x02\xf9\xe5\xdc\
\xda\xda\x0a\xab\xd5\x8ap8\x8c\xc2\xc2BV\x89\x9bH\
\xaf2*\xc4\xe8\xf1\xa8\x883\xaf@\xac\x0f\x89D\x02\
QY\x9c.\x81ts7\x99Li\xe5\xe8\xb1\x81\x08\
\xe3\xc6\xc6F\xf8\xfd~\x08D\xdc\xa9ISe8\x1c\
\x86V\xabE*\x95BQQ\x11\xf2\xf3\xf3\x91J\xa5\
\xb0m\xdb6\x80\x88\x9f\x993g\x22\x1e\x8f#\x14\x0a\
\xc1M\x06\xe2\xa6\xf3\xe6\xce\x9d\xcb\xce;\xfa\xd1\xa3*\
\x1b\xf2\xfd\x96\x88\x03u<\x1eG\x8c\x0c\xf9\x93\x22\xd6\
'\x95J\x05\xa3\xd1\xc8\xfc\xd8t:\x1dt:\x1d\x1c\
\x0e\x07k>V\x93`\xaf\xa2\xacC\x81\xfc\x9a\xd3\xf9\
\xc1`\x10MMMP\xab\xd5p8\x1c\xacb\xa2\xcb\
\xd2mR\xe1\x15\x8f\xc7Ydx5\xb1\x92\x06\x02\x01\
\x1c<|\x02\xce\xbc\xbc\xee\xcaw\x88Op\xff_\xaa\
\xfd/\xd9\x1f\xe8\xfdB\xcfM\x8aXy\x1a\x1b\x1bp\
\xe6\xf4)$\x89\xf8\x82J\x80Z\xa5\xc6\x993\xa7\xf0\
\xfd\xef~\x0b\x00\xf0\xa9\xbbV\xe2\xb1\xc7\x9f\x84\xa8\x08\
\x80\xaa&\x22?\x99L\xa2\xa3\xbd\x1d5G\x8f`\xdb\
\xd6\xcd\xd8\xbeu3\x92\xc9\x04\xca\xcaJ\xe1p8a\
\xb1X\xd83%\xdf\x97m\xdb\xb6A \xbdn\xf5\xe4\
G\x96\xd9b\x85\xde\xa0\xc7\xd2\xa5\xcb\xb1k\xe7v8\
\x9dv\xe8\xf5\x06\x1c>|\x08\x17_|\x09\xdb\x07\x81\
4m\xef\xd9\xb3\x07\x11\x12\x04\xd9\xe1p@\x10\x04t\
uu!\x16\x8b\xb1\xe7)\x99L\xb2&\xf1\x04\x89G\
\x16&c\x98\xca\xc5\x97\xd7\xebe\xcfc2\x99\x84\xd3\
\xe9\x84\xc7\xe3\x01\x00\x14\x16\x16\x8e\x88\xf8jnn\x86\
\xd3\xe9\x846\x83S<\x9dv\xbb\xddp\x90\x9e\xdd\x94\
\x14\xe9\xe8#\x1f\x0aJ\x0e\x15_\x8f\xfe\xecq|\xf2\
Sw#\x10\xf0C\x95\xc59\x7fT\xc9\xedm?*\
\x0c\xf5\x10\x84\x16.\xbe&\x15\x22\x19\xee\xc7L^\x94\
\xad--x\xe9\xc5\xbf\xe2\x0f\x7f\xf8\x1dlV+*\
*+q\xcf\xbd\xf7`F\xd5\x0c\xc4eC\xfe\x0c\x15\
)\x83\xf8\x12\x88\xb5$\x1e\x8f\xc3\xe5r1\xb1\xa3\xd3\
u\xfb\x99iH\xb3$\x15=\xf4\x17nSS\x13\xbc\
^/\x0c$f\x11\xadh\xe8\xcbH\xf9R\x92O+\
\xe7\xc9\xf3\x04\xe2\xac\x9a$!\x16\xba\xba\xba \x8a\x22\
s\xb2\xb7X,\xac\xb2\x96\xc7SR\xa9T\xf0z\xbd\
\xa8\xab\xabc\xbf\xa8\xa9\xf8J$\x12P\xab\xd5\xb0\xdb\
\xed\xdd\x95\x0f\x19\xda&N\xc6X4\x1a\x8d\xec\xd7\xaf\
J\xa5b\xc7.\x17`\xf2}\xa6\x82\x22\x1c\x0e\xb3\x8e\
\x01Zm\xb7\x80\xb6\xdb\xed\xcc\x82@\xc5\xcf\xa1C\x87\
\xd0\xd8\xd8\x08\x10\x87\xfb\xc2\xc2BD\x22\x11ttt\
\xb0u\xd2\x97\xb3^\xafGYY\x19,\x16\x0b\xf2\xf3\
\xf3\x99(\xcc\x15\xf4\x9c\xb4\xb7\xb7\xb3p\x1d\xa9T\x8a\
YSiSL8\x1c\x86\xc5b\x81\xddn\x87\xd9l\
\x86\x83\x84\xcf\xa0\x02\x8a\x0as\x8f\xc7\x83\xa6\xa6&$\
\x12\x09L\x9b6\x0d\xf9\xf9\xf9H\x92xV\x92,\x88\
f\x8a8X\xa7\x88\x05\xb2\xbd\xbd\x1dQ\xd2A\xa2\xa8\
\xa8\x08\x92$\xa1\xa3\xa3\x03\x87\x8e\x9c\x84\xd3\xd9-\xbe\
&\x0c\xf2\xb7{\x96Ky\xe3\xf5\x1f\xc1\x9e=\xbb\x00\
\x00\xbb\xf7\x1e\xc6\xd4\xa9\xa5\xca\x22\xddH\xdd\xeb\x90\xc8\
\x8f\x0aQL\xe2\xe9\xa7\x7f\x8b\xf5\xeb\xdeE}\xdd\x19\
\xd8\xed6\xcc\x9e=\x07\xc5\xc5\xc5\x88\x92\xce'*\x95\
\x0a'N\x9c\x80J\xa5BGG;\x9cN\x17\xca\xcb\
+\xf0\xc5/\xfd\x0f\xe6\xcc\x99\x85\x94\x08455\xe2\
g\x8f\xfc\x04>\x9f\x07\xcdM\x8dp8\xec\x98?\x7f\
\x01\x92\xc4\x9fP\xab\xd5\xe2\xe8\xd1\xa3\xd0j\xb5\xe8\xea\
\xeaBcc#\xe2\xf18\x1c\x0e\x07\xfb\xb1\x00\xf2\xfc\
\xc6I\xfc3*jB\xa1\x10\x82\xc1 JJJ\xd8\
;\xa2\xb3\xb3\x13Z2\x9e\xa9(\x8ap8\x1c\xe8\xec\
\xecd\xd6X\xf9\xbbd8\x10\x88\xf8\xca\xcb\xcb\x83&\
CPZ:\xdd\xd9\xd9\x09\xa7\xd3\xc9\xc4/}?\xf9\
|>\x14\x16\x16\xa6-C\xa1\xe2\xeb\xe7\x8f\xfd\x1aw\
|\xf2.\xf8\xfdcT|\x8d\x15FQ\xfdp\xf15\
\xc9H$\x13\xf0\xfb|X\xb3\xe6?8q\xfc\x18\xf6\
\xee\xd9\x0d\xb5Z\x85\x8b.\xba\x08\xe7\x9cs\x0e\xe6\xcc\
\x99\x83P(\x041\xc7\xe3\x9ce\x12_ /\x0bj\
\x19\xb1Z\xad\xb0Z\xad\xcc\x02C?\x95\x02\x8c\xbe@\
\x1b\x1b\x1b\xd9/d\xb9\xc5H\xf9\xe2\x94O+\xe7\xc9\
\xf3\xa8\xd0\x91\xaf#F\xc6\x03\xa4\x16\x84P(\x04\xb5\
Z\x0d-\x09\xc8J}I4$\xa2<\x15\x83*\xd2\
l\x1a \xc1Y5\xc4\xf7LE\x9a5\xe3\xc4\xe7\xad\
\xb3\xb3\x13&\x93\x09\x1d\x1d\x1d\x10I'\x04z\xac \
C,Q\x11!\x08\x02l6\x1b\x22\x91\x08\x9bV\x91\
&U\xba\x0f ]\xfb\xe9>\x86B!\xb4\xb6\xb6v\
[<\xb2P^^\x8e\xaa\xaa*D\x22\x11466\
B\xadV\xa3\xa8\xa8(\xad\xe9'\x17\xd0u\xd1\xf3\x93\
L&\xe1\xf5z\x11\x0c\x06Y\xec0\xb3\xd9\x8c@ \
\xc0\xc4V,\x16\x83\x85\x84\x03\xb1\xdb\xedp:\x9d\xe8\
\xec\xec\x84H\x82\xe4Z\xadVL\x992\x05\x1a\x8d\x06\
)\x99\x15\x93\x9e\xb3$ijL\x92\x90\x0ammm\
\xcc:C{\xab\x86\xc3atv\xbaqp\xa8\xe2+\
w\xa7jDy\xf5\x9f/\xe3\x8b_\xb8\x1f\x00\xf0\x85\
/~\x19\xdf\xf9n\xdfn\xc0\x92$A\x94DX,\
&\xa8\x05\x11\x1b\xde\xdf\x84}\xfb\xf6\xe2\x9d\xff\xbc\x8d\
x\xac\xdb\x9a\xedt:\x91L&q\xac\xb6\x16\x8b\x17\
/\xc5\xd2\xa5\xe7\xe0\x82\x8bV`\xee\xdc9\x88\x84c\
H$\x13\x10\x04\x15T\x82\x1a6\xab\x0e\xfe@\x04{\
\xf6\xec\xc6\x9f\x9e\x7f\x16'N\x1c\xeb\xee\xe0\x91\x97\x87\
P8\x82\xa3\xc7\x8e!\x11\x8f!\x1c\x0e3k\x10\xbd\
\xef3=\xbf\xf4^\xf3\xfb\xfd\x88F\xa3(..f\
\xa2\xaa\xbd\xbd\x1dF\xd2\x13RE\xfc\x17\xddn7\x8c\
F#{\x9e\x87\x13Q\x14\xd1\xd2\xd2\x926\xd2\x82\x1c\
:\xdd\xd5\xd5\xc5~x\x80\xbc\xa7\xc2\xe10\x02\x81@\
\x9f\xe2\xeb\x17\x8f=\x89\xdb?y'\x02\x81\x00\x1b\xa6\
jl1\xbc\xe7x< \xb4\xb4\xfb\xf8Y\x98\x88H\
\x12 t7\x9e\xa85\x1ax\xbb\xba\xa0\xd7\xe9\xf0\xdb\
\xdf=\x81=\xbbw!\x1e\x8b\xa2\xa2\xa2\x02\xe7\x9dw\
\x1e\xaa\xaa\xaa\xe0p8 \xc9\x06\xa1\xcd$R\x86\x82\
\x94E|\xd1mQ\x7f!\xbd^\x0f\xb3\xd9\x0c\xa3\xd1\
\xc8\x04\x8e\x864\xfdQQB\xc5\x18\xadP\xdb\xdb\xdb\
\x91$\xbe+*\x95\x0a\x062(w&2\x1dW_\
y\xf2\xf3!\xaf\xe0\xe9\xf78\x19\x8aG^\x8eZ\xbc\
\xa8S\xad\x9e\xc4\x0d\xa3\xc7@\x85\xa5$\x1b<\x976\
\xbd\xd1c\x14dbS\x92\x05\x81\x94\x14\xcd\x91\xf2\xf9\
\x02\xf95/\xdf\xdfp8\x8c\xba\xba:\x9c={\x16\
a\xe2\xdf\xa3\xd3\xe9\x90 \xce\xf1\x000c\xc6\x0c\xd8\
l6\xb4\xb7\xb7\xc3`0\xa0\xb8\xb8\x18\xba>\x02g\
\x0e\x05\xba\xff\xb4bI\x12\x07\xf8H$\x02\xbf\xdf\xcf\
\x84n<\x1e\x87V\xabe\xe2\x5cO\x06G\xa7M\xab\
T|\xd2\x8a\x98^\x17\x9a\xe8zi\x08\x12z\xae\xa8\
\xbf\x0dH\x97\xfe\x9c\x88\xafq\xcc\xc5\x17\x9e\x83S\xa7\
N\xc2l\xb6\xe0\x83\xc3\xb50\x99\xba\x03\x0c\xf7E\xf7\
y\x07\xf4:5 \x08hnnB\xdd\x99\xd38\xb0\
\xff\x00|\xbe.\x18\x0c&\x5c|\xc9%\x98^Q\x89\
\x82\x82B\x88b\x0a\x89D\xcf\xd1'\xa8\x10\xd2h5\
\xf0\xfb|h<{\x06\xeb\xd7o@]\xddi\xdcs\
\xef\xe7p\xe4\xc8!l\xdd\xb2\x05\xdb\xb6nF(\x14\
d\xcf\x15\xbd\x9e\xd9\xa0\xbe\x5c\xb4\x970\x88\x0f\x9b\x99\
\x8c\x89\xa9!.\x06n\xb7\x9b\xf5\xb2\xeem}\xb9 \
I\xfcXi\x07\x02\xe5\xf6\xe8\xb4\xd7\xebM\xeb\xe0 \
\x08\x02\x13\x93\xd9|\xbe\x04A\x80\xdb\xdd\x89_\xfe\xfa\
)\xdcq\xc7\x9d\xf0\xfb\xbb\x7f\xc80\x86\xf7\xd0&\x1d\
C9\x9dB+\x17_\x13\x07Z)\x13_ \x818\
\x97\xbe\xf8\xf7?c\xe7\x8emhlj\x82\xddf\xc5\
u\xd7]\x87\xea\x993Q@\xfc\x82\xe4\x0f\xbf\xfc\x85\
\x98K\xa4>\xc4\x17\xc8\xaf6\xea0\xeet:\x99\x15\
\x8c\x0a0*\xbaT\xc4_\x83&5\x09\xcd\x10\x08\x04\
P__\x0f\x918WS\xc7t\xba\x0d\xb9`\x91\xa3\
\xccSNg\xcb\x83\xac\xc9\x8e\xae[.\x00\xe8w:\
?E\x9a\xbd\xe2\xa4\x17\x1a=\xef\x12\x11N\xf4\x9aQ\
\xeb\x16]'M\x1a\x8d\x86\xad\x8fnWGzHR\
\xf1!\xc9\x86\x9a\x09\x04\x02,\x1f\xa4\xa2L\x90\xd0\x1a\
\x12\x11\xda\xb4iY\x10\x048\x9dN\xa4R)h\xb5\
Z\x14\x14\x14\xa0\xb4\xb4t\xc4\x84\x08=VzME\
b\xd9\xaa\xad\xad\x05\x00f\xa9\xa0\xa3\x18\xb4\xb5\xb5\xa1\
\xb4\xb4\x14z\x12x\x93\x9e\xdf\x14\xb1PR\xeb\x16\xf5\
o\xa3\xe7(\x95J\xa1\xa0\xa0\x80\xdd\x7f\x90\x89\xafC\
5'\xe1t\x10\xf1\x95\xf9r\x7f\xc8\x04{k>\xf7\
\xec\xef\xf1\xdd\xef|\x03\x00\xf0\xdd\xef\xff\x08_\xf8\xc2\
\x7f+\x8b\xf4\x0a\xbd\xc7\xba\x1f\x93\x0fE5d\x11\xd7\
i\x81\xdeN-[\x0f\xd0\xed\xf0\xaf\x12\x90Jv\x8b\
\xb5d2\x89\x9a\x9a#\xd8\xbbg\x17\x9e\xfe\xddS\xf0\
x\xba\x9b\x0f-\xb2qJ\xd9v\x08]]]\xec\xde\
\xa6\xcfFSS\x13l6\x1b\xc2\xe10\x8cF#,\
\x16\x0b<\x1e\x0f\xecv\xfb\xb0\xfe\xe0\xa0\xc4\xe3q\xb4\
\xb6\xb6\xa2\xb8\xb88\xa3\xf8\x02\x11\xa3\xb4\xc73EE\
\xacZ\x22\x19\x11$\x13\x82 \xa0\xa3\xa3\x03\xbf~\xe2\
w\xf8\xc4\x1d\x9fD@)\xbe\xc61=\xcf\xd2\xf8\x86\
\x8b\xaf\x09\xc0\x87/>\x01*\xb5\x0a\xa1`\x08\xa7O\
\x9d\xc0\x8e\x9d\xdb\xd0\xdc\xd8\x847\xdf\xfc\x17\x96.]\
\x8a\x07\x1f\xfc<\xec\xf6n36\xad\x9ch\xc5>\xdc\
HD|=\xf6\xd8c\xd8\xb1cGF\xf1E\xbf\xc7\
b1\xd6\xbcG{CR\xf1%\xb7\x82e\x12a \
/\xae\x86\x86\x06tuuAE,aI2\xa06\
\x158\xf2s\xa6$S\x1e\xb2\xe4g\xca\x83\xe2\xb8\xe8\
\xb4\xf2%K\x05\x07\xfd.\xff\xa4\x02B\x94\xf5\xd6\x93\
d\x03A\xd3\xe5\xe4\xcdm\xf4%+\x90^\xa1\x22i\
:VZ\x01\xe5\xfb\xd6I\x06\x5c\x06\xf1\xf9\xa2\xe1\x00\
l6\x1b\xaa\xaa\xaa\x90\xec\xa5\xb92W\xd0}I&\
\x93\x08\x06\x83\x88\xc7\xe3\x08\x04\x02,\x00lee%\
\xf4$l\xc0\xc9\x93'\xe1 \xb1\xcahX\x02\x89\x08\
/*\xae\x92$`fWW\x17|>\x1f\x1c$2\
\xbfJ\xa5b\x8e\xca\xf2k\x11\x89D\xd0\xe9v\xe3\xd0\
\xd1Sc\xd4\xf25\xfc\xafhQLa\xc1\xdc\x99\xf0\
x:QZV\x86\xdd{\xbb{\xc9\x0e\x06I\x02$\
I\xdeIBED\xd9\xc0\x90\xc8\x8f\x09\x15\xf1\x15\x94\
$@\xa7\xeb\xf6\xd5J\xa5Dl\xd9\xb2\x09\xbf\xfe\xd5\
/\xd0\xda\xdc\x8c\xb6\xb66X,f\xf6^\xa1\xd7\xd7\
\xe3\xf1@\xaf\xd7\xc3F\x02\xa9R\xcbj^^\x1e|\
>\x1f,\x16\x0bLd\x94\x0cy\xc8\x8b\xe1\x84\xf6\xb4\
-..f\xc7\xa6\x84\xfe\x98t:\x9dl\x7fT*\
\x15:::\xa0\xea#\xe4Ggg'~\xff\x87?\
\xe1\xa3\x1f\xbb\x01\xe1ph\xd8\x8f\x87\xf3!=\xafd\
v\xb8\xf8\x1aN\x86\xf3\x9e\x97\xba\xff\x09*\x01\x82\xa0\
B(\x18DC\xc3Y\x1c\xd8\xbf\x17\xfb\xf6\xed\xc5\x91\
\xc3\x07Q\x5c\x5c\x8ce\xcb\x96a\xfe\xfc\xf9(++\
\x1b\x91\x8a4\x1b\x12\x89\x1c\xff\xd8c\x8fa\xd7\xae]\
Y\xc5\x17\xfd\x94H\x04\xf5X,\x06\x83\xc1\xc0\xacX\
T@\xc9\x93R\x84\xd1\x04\x00\x81@\x00 M\x0d\xe1\
p\x98\x09\x12\x9dN\xc7\x04\x1b\x15mt?\xe5\xfb\x22\
'S\x1e\x06\x91/'[\x99l\xf9rz+#\x17\
h\x99^\xeerZ[[Y\xc8\x09ZQ\xd9l6\
TVV\xe6L\x88\xd0\xfd\xa1\xd7%E\xfc\xb9DQ\
\x84\xc7\xe3A\x9cD\xcf\x8fD\x22,\xfe\x1a\xadx$\
\x99\x05\xd1\xef\xf7\xa3\xa1\xa1\x01\xcb\x96-Css3\
\xc2$\x86\x13\xb5zE\xa3Qx\xbd^\xe6\xabG+\
7\x1ab#\x13\xb4\xe9\xfa\xc8\xb1\xd3\xe36\xd4D.\
x\xec\xe7\x8f\xe0\x97\x8f=\x0a\x00\xf8\xe5\xaf\x9e\xc2\x9d\
\x9f\xba[Yd\xf4a\xf7\xb5\x00\x95J\x80Z\xa3B\
\xcd\x91#\xd8\xbbg\x07\xd6\xbd\xb7\x0e\xc7j\x8f\xc2\xef\
\xf3A\x10\x04\x18\x0cz\xf8|\xdd=\x83\xcd\xe6n\xbf\
\xc1\xeb\xaf\xbf\x01\x82J\x8d\xd7\xff\xf5\x1a\xda\xdaZa\
\xb5Z`0\x18\xd0\xd9\xd9\xc9\xfc\xa8z{\xaerA\
\xb7\xa5\xb5\x13\xc5\xc5\xc5\xcaY\x00\xd9~$\x12A(\
\x14J\xb3p\xa9H\xb8\x19\x9dN\xc7\x82\xc6\xcaa\xcf\
\xbc \xe0\x8f\xcf\xae\xc6\xd2e\xe7 FF\xbe\x18?\
H\x03S0\xe3\x18\xa1\xb5c\xfc\x8b\xaf\xf1tk\x0d\
\x15I\xea\xb6\x8aP\xd1\xe1vw\xa0\xe1l\x1dV\xad\
z\x01\x07\x0f~\x80\xc2\x82|\xcc\x9f?\x0f\xe7\x9dw\
>\x8a\x8b\x8ba4\x1a{XKF\x03*\xbe\x1ey\
\xe4\x11\xec\xdf\xbf\xbfO\xf1E\xbfSkF\x88\x0c\xc7\
a\xb3\xd9`\xb7\xdb\xd9\xf1g\x13a\xb4\xa2\xa7\x89\x9e\
\x03\xfa\xcb\x97\x9a\xf5U$h!\xf5\xb7\xa2\xcd\x94\xdd\
\xbf\xb4\xd3\x1f\x8dl\xe7o\xa0\xf9r\xfaS&\x1bC\
YVICC\x03\xf3\x073\x1a\x8d\x982e\xca\x90\
\xc5\x97D\x9ay@*\x0e\xea,,\x8a\x22:::\
\x90H$P\x5c\x5c\x8cp8\x8c\xbc\xbc<X\xadV\
\x08\xc4\xdf\x0d\xb2\xe6*\xfa)\x91\xa6\xd2\xb3g\xcfB\
\xa5R\xa1\xa8\xa8\x08\x9d\x9d\x9d,H\xa6\xd7\xebE\x98\
\x84\xdc\xa0\xcd\xab\x06\x83\x01V\xab5M`+\xf9P\
|\x9d\x82+\xaf\xbb)~2\xd2\xe9vc\xfe\xbc\x19\
\x90$\x09\x0b\x16.\xc2\xda\xf76)\x8b\x8c9\xba\xdf\
k\x80J\x00\xfc\xfe\x00Z[\x9b\xb0f\xcd\xbb8q\
\xfc8\xd6\xad[\x03\x9b\xcd\x8e\x82\xc2\x02\xdc\x7f\xffC\
\x987o\x1e\x19\xb6H\xc0\x81\xfd{\xf0\x8do|\x1d\
\x91H\x08\x92$\xa5\x89\xa1\x5c>W\x99\x08\x85B\xf0\
\xfb\xfd\xbd\xfam\x85B!D\xa3Q\x16\xfd\x1f\xe4\x19\
jiia\xbeir\xe8{\xce\xe7\xf3\xa1z\xe6l\
<\xff\xc2\x9f\xe1t\x0e\x7f\xcf\xcd\xd1f<\x8b\x17\xa1\
-\xe7\xe2k\xe2^\xe8\xd1\xa7[\x94\x18\x8dZ44\
4\xc3\xed\xee\xc0\xf7\xbf\xfb\x0d\xec\xdd\xbb\x07W\x5cq\
\x05\xae\xbb\xee:,Y\xb2\x04&\x93\x89\x8dS\xd8[\
\xa53\x92H$\x08\xe6\x0f\x7f\xf8C\x1c>|\x989\
;\xcb\x85\x96\xfcS\xfe\xc2\xa0\xd3\x91H\x04\xc1`\x10\
j\x12\x0f\x8b\xf6z\x92\x0b/\xa5\x08\x93\x8b1\x90\x9e\
v\xb4\xd9\x92ZG\xbc^/\x9a\x9b\x9bI\xcf\xa0n\
gx\x1a\x02\x82:\xbc\xd3\xfdP\x0a2\x9a\x9f\x89l\
\xf9r\xfaS&\x1bCYV\x09\x155\x89D\x02\x00\
\x90\x9f\x9f\x8f%K\x96\x0cH\x88(\xcf\x93$Ih\
kkC\x90\x8c\x11\xd8\xde\xde\x0e\xbd^\x8f\xea\xeaj\
\x88\xa2\xc8z\xb7\x0a$\xd2xR\x16&B\x9eh\x93\
\x22M>\x9f\x0f\x1e\x8f\x07\xc5\xc5\xc5l\xd0\xecd2\
\x09\x8b\xc5\x02\x0d\x09G\xa2&c`\xea\xc8H\x02\xbd\
\x9d+*\xbe\x0e\xd5\x9c@AAw\x9c\xa7\xc9\xcaw\
\xbe\xf50\x9e{\xf6\x0f\x00\x80\x17V\xfd\x15\xd7}\xf4\
ze\x91\xb1\x89\x04$S\xdd\x9d^\x9c\x0e+\x04A\
\x85\xf7\xdf\xdf\x04\x87\xc3\x8e\xc2\xc2B\xb8\xf2\xf3\x11\x0c\
v7=K\xa2\x88\x0ew\x07V\xdeu\x07\x82\xc1\xee\
qQ\xbd^/\x0a\x0b\x0b\xd9\xbbf8\x09\x06\x83\x08\
\x87\xc3p\xb9\x5c=\xde'\xf4\x9d\xed\xf5z\x91L&\
\xe1r\xd1a\x96\xba\x9b_[ZZ\xe0t:\xd3|\
\x16\xc5T\x0a>\xbf\x1f\xe1p\x04W\x5cq\x15\xbe\xf2\
?\x0fc\xf1\xd2e\x10\xfb\xb8\xef\x87\x9d\x9e\xafJ\x8e\
\x0c\xa1\xad\xc3\xcfO\xd1\x98G\x82V\xa3FCc3\
\xb6o\xdb\x8c\xc7\x1f\xff\x05LF\x03\xe6\xce\x9d\x0b\xb3\
\xd9\x84\x8f}\xec\x06\xe4\xe7\xbb`0\x18\x10\x8dF!\
\xf52\xea\xfdh!\x11\xab\xd3\x8f~\xf4#\xec\xdf\xbf\
\x7f\xc0\xe2\x8b~J$vV,\x16C<\x1e\x87\xd1\
h\x84\xd9lf\x96+j\x05\x13d=\x06\xe5\x82\x8c\
\xae[.\xd6\x04\x128\x95V\xf2n\xb7\x1b>\x9f\x0f\
)2t\x0fm\xba\xa4\xeb\x07\xf9\xa5I\x9b.\x95\xfb\
(\xdfo\xe5\xcb5\x13\x83}A\x0ev\xb9l\x84\xc3\
a6\xde#\x00,]\xba\x94\x05\xb4\xa4\xc8E\x11H\
X\x8b8\x19\x972F\x06\x00\x0f\x04\x02(..\x86\
\xdf\xefG2\x99\x84\xd1hDAA\x01\x0c$\xf8\xac\
\x96\xc4X\xa2\xe7\x5c\xbeN*\xb0\xe4\xdfiJ\x11\x7f\
\xae\x00\x89rn\xb1X\x10\x0cv\xf7|\xb3X,H\
\xa5R\xe8\xea\xea\x82\xddn\x87\xa1\x8f!\x8c\xe81\x89\
$H\xabN\xaf\xc7\x96-\xbba\xb1Z!\x8a\x93W\
|\x9d<q\x1c\x17]\xb8\x1c\x00p\xc9\xa5\x97\xe1\x1f\
\xaf\xbc\xae,2\xa6\xa1\xf7\x0d\x00\x98\xcc&\x88\xa2\x84\
\x14\x095B\x9fUQ\x14\xd1\xd9\xd9\x86O}\xf2\x0e\
\x84\xc3\xdd\x16&\x8f\xc7\x83\xa2\xa2\x22\xf6~\x18N\x82\
\xc1 b\xb1\x18\xeba.G\x22c\xc0vuu\xa1\
d\xcaT\xb8;\xda\x01\xf2\xbe\xd1j\xb5hkkc\
\xd60\x09@*\x99Du\xf5,\x9c{\xde\xf9\xf8\xf4\
\xdd\xf7 ?\xbf\x00f\x8b\x99\xc5;\xe3\x0c\x80\xbe_\
\xd59Ehws\xf15V\x91\xd0mG\x94\xc4\x04\
:=\x1e\xfc\xed\xaf\x7f\xc6\x8e\xed\xdb\xe0v\xbb\xf1\x99\
\xcf|\x06\xb3g\xcff\xe3\xf5\xd1\x0ak\xac>p\x12\
\x89C\xf5\xe8\xa3\x8f\xe2?\xff\xf9\x0fs\xec\x96\xbf\xec\
\xe4\x9fJ\x11\x93\xe9{\x8a\xf4\x1e\xa4\x9d\x07\xd4j5\
s\xa0\x95[\xc4\x04\x99\x00\x13\x14\xcd\x91t[\xcai\
J\x82\x0cTM-B\xa1P\x08]]]\x88\xc7\xe3\
\xd0\x91h\xdd\xb4\xc7 \x15~T\xa0\xc9\xc3c(\xd7\
-\x170\xf2<!K\x93'-'\xcf\x97\xefg\xa6\
\xf9\xf2|\xf9g\xb6|I\x92\xd0\xd4\xd4\x04\xbf\xdf\x0f\
\x90!\x94\x16,X\xc0zYF\xa3Q\x84B!\xe6\
K\xa5\xd5j\x99\xb5\xb0\xa0\xa0\x80\xf5\x14S\xab\xd5\xb0\
Z\xad=z\x8e)\x05\x15=\xceLb\x8b\xceK\x11\
\xdf0\xda\x09#B\x86KI\x91\xe0\xac^\xaf\x17v\
\xbb\x1d*\x12\xd5\x9c6\x1f)\x8f\x95B\xf3\x93$4\
\x09\x0d70\xb5\xb4\x0co\xbd\xbd\x16\x06cwG\x85\
A\xd3\xf3\xf4\x8f;\x1e\xfc\xfcg\xf1\xea?\xff\x01\x00\
\xf8\xd7\x1b\xff\xc1\x05\x17\x5c\xa4,2\x0e\xa0\xcf\x90\xc0\
z`RDQ\x84\xcf\xeb\xc1\xfd\xf7\xdf\x8b\xa35G\
\x10#Q\xf2\xa7N\x9dJ\xe6K\x10\xc5\x0f{\x81g\
\xbb\x97\x06K \x10@*\x95\x82\xcdf\xebq\xafI\
\x92\x04\x83\xc1\x00\xaf\xd7\x87G\x1e\xfd9,\x16+v\
\xef\xde\x8d\xd7^\xfd\x074\x1a\x0d\xdc\xee\x0e$\x93I\
\x14\x17\x97\xe0\xa6\x8f\xdf\x8aE\x8b\x17a\xd1\xc2\xa5\xc8\
'1\xc3\xe8\xf3\x93\xeb}\xe6\xe4\x1a\x89\x8b\xaf\xb1\x8e\
 \x08x\xe9\xef\x7f\xc5\x86\xf5kq\xebm\xb7b\xcd\
\x9a5\xb8\xe5\x96[\x90\x97\x97\x07a\x04~\xa5\xe5\x0a\
\x89\xfc\xa2\xfb\xe7?\xff\x89\xa7\x9ez\x8a\x0d\x0c+?\
\x06\xf9\xa7\xfc\xb8\xfa\xfaN\xc5'\xad\x9cU\xa4\x87\xa3\
\x8e\x8c\x1bh\x94\x0d\x8e-\x17^T\x18\xd1|\xe5\xb4\
|?T2\x0b\x97J\xd1C\xc9\xeb\xf5\xc2\xedv#\
A\x86\xae\x91\x88\x88\x8aF\xa3\x08\x93\xd8c\xb4\x97&\
]\x8fV\xabe\x16 *\x0c\xe5BM\xbe=\x8a\xa8\
\x08|+)z8R\x01\xaa\x14`rQ\x93\x22\xd1\
\xde\xe5\xa2\x87\xee\xb3\x8a\x04\xbc\x8d\x90!\x81@\xa2\xe2\
S\x9f)*h\xedv;\xa6N\x9d\xda\xe3Z\xd0\xed\
\xca\xc5\x13M\xd4\xaaH\xa7\xe5\xfbD\xf3\xe5\x15\x91\xbc\
\xc7c\x80\x04]\xcd\xcb\xcb\x83\x8a\x5c\xeb\xce\xceNL\
\x992\x85\x0d\xc1\xa2\x22=x3\x89/zl\xf4\x9a\
\x04\x02\xddMM\xd4\x7f\xb0\xb5\xb5\x15\xdf\xf8\xe6w\xf1\
\xff\xbe\xf4eDc\xb1aq\x9c\x18O/\xd9\xdd\xbb\
v\xe0\xfa\x8f~\x04\x00p\xd3\xc7o\xc1\x1f\x9e\xfd\x93\
\xb2H\xce\x18\x8es\xdd\x17R\xf7\xe8J\x08\x06\xbc\xf8\
\xe5\xaf\x1eG\xed\xb1c8~\xfc\x18\x9a\x1a\x1b\xa1\xd1\
\xa8\xe1t\xba\x90\x97\xe7\x84J6\xaaBJ\xd6\x14-\
\xbf\xb7\x06C \x10\x80$I\xb0X,i\xf7<\xc8\
\xbdj4\x1a\xe1\xf5\xf9\xb0z\xf5\xdf\xb0x\xc9RH\
\x12\x90\x88\x05\x11\x8b'\xf1\xf2\xcb/!\x99\x14q\xff\
\xfd\xf7A\xa5\xd2A\x94\xc4a\x0f\xa2:\x9e\xee\xdd\xac\
\x8c\xc1\x83\xe0\xe2k\x0c#\x08\x026o\xde\x88\xff\xbc\
\xfd:\xee\xb9\xe7\x1e\x04\x83A\xbc\xf6\xdak8\xef\xbc\
\xf3PVV\xc6\x82\x0c\x8e\x17\x04A@}}=\xbe\
\xf2\x95\xaf \x12\x89@G\x02\x8a\xd2c\x90\x7f*+\
\xf6\xde\xbe\xd3O*D\xe2\xf18\xa2d\xf8\x18\x91D\
\x8d\xa7Q\xd2{\x8b\x17F\xb7K\xbfg\x9a\xa7,#\
\xc8\x82\xbe\xca\xf7[\x10\x04&\x1e\x12$B>\x15\x18\
*\x95\x8a9\xd4\x86\xc9\x10;\x12\x1b\xb2\xa5\xfbe,\
\x90\xb8^T\xd0H$0h\x84\xc4\xff\x12E\x11\x16\
\x8b\x8553\xd3\xf9\xb4c\x02E.~\xf4$z~\
(\x14\x82F\xa3\x81\xc1`\x80\xcb\xe5J;\x0e\x1d\x09\
\xbeZ__\x8f\xce\xceN\x00\xc0\xb4i\xd3p\xdey\
\xe7\xb1}\x11I\x18\x0c\xfa].\xaa\xe4\xc7\xa9\x14V\
\xf2r\xcayI\xd24\x14\x08\x04\xd8\xbd\x11\x0e\x87\xd9\
~\x1a\x8dF&\xbc\x22\x91\x08\x1b,\xb9/\xf1E\xd7\
O\xef\x87T*\x85\xc2\xc2B\xe4\xe5\xe5!??\x1f\
\xb5\xb5\xb5\xf0x<x\xe2\xc9\xdf\xe1\xd6\xdb>\x81p\
8\xcc\x96\x9d\xcc\xdc\xfe\x89\x9b\xb1a\xfd:\x00\xc0\xa6\
-;1{\xf6\x1ce\x91q\x8d$u\xdf\x1bv\xab\
\x11\x22$l\xdd\xb2\x1d\xc7\x8f\x1f\x83\xd7\xeb\xc5\xfb\xef\
o\xc0\x99\xd3\xa7 \x8a\x22\xe2\xf1n\xab\x98\xbc\x19[\
\xfe\x9c\x0f\x06\xaf\xd7\x0bA\x10`\xb5Z\xd9\xf3.G\
\xaf\xd7#\x10\x08\xe2o\x7f\x7f\x11\xf3\xe6/\x84(v\
\x87\x02\x11\x045L&-T\x82\x0a\x81`\x18*\xd5\
\x87#apr\xc3H\x8a\xa1\xc1\x8b\xaf\x11\xbb\xe6\xa4\
2SfOp$\x09\x08\x06\x03x\xec\x17\x8f`\xce\
\xec\x99())\x81\xddnG2\x99\xc4[o\xbd\x05\
\x00\x989s&\xaa\xab\xaba2\x99\xd2\x84\x18\xad\xd8\
(c\xe5\x01\x95\x88\x05\xe2;\xdf\xf9\x0e\xb6m\xdb\xc6\
\x9aL\xe5\x82\x85~\xca\xf7\xb9\xaf\xef\xca\xe3\xa3\x22\x8c\
\x9e\x87$\x19P9I\xe2f\x09\x82\x00\xbd^\x0f\xa3\
\xd1\x08\xb5Z\x0d\x83\xc1\x90&\xc6\x04\x85\xb8R\x8a1\
\x9a\x9f)O^6\x9b%K\x90\xf9;Q\xb1\xa2L\
J$\xe2\x88K\x7f\x81\xd3iZV9\x8d\x0c\xe7\x93\
\xee\x0f\xc89\xa2\xd6,\xbaot=\xf4s\xed\xda\xb5\
L\x80\xcd\x9e=\x1b\xb3g\xcf\xee!\x9a\xa8E+S\
\x92\x1f\x8f\x5c\x94I$\x8cH$\x12a\xa2K\x94\x0d\
0\xae\xd3\xe9\xd8pQ*\x16\xe3\xe9\xc3\xe3\xeaK|\
\x95\x94\x94 E\xc2ND\xc9PK4t\x85\xcdf\
c\xcd\xa1\x1d\x1d\x1dhkk\xc3\xec\xd9s\xf1\xcc\x1f\
\x9eG\x9e\xcb5\xe9\xde3\xd9X\xb3\xe6?\xf8\xf4\xa7\
n\x07\x00\xdcs\xcf}\xf8\xd9/\x1eW\x16\x99\x10\xd0\
\xf7\xa4N\xab\x81F\xa3B2\xd5\xdd\xf31\x18\xf4!\
\x99L\xe1\xf4\xa93\xd8\xb6m\x0b\x82\xc1\x00<\x9d\x9d\
\xf8\xe0\xe0\x01xdcCj\xb5Z\xe8\xf5:\xd0\xc0\
\xb2\xf4\xf9\x82\xecYR\xd2I\x96\xa7\x96/\xbaL\x92\
\x04=N&\x93\x985{\x0e\x9ey\xe6Y\x14\x97\x94\
\xa4\xd5~t\x7f\xe5\xcf,g|\x22tt\x062\xdf\
!\x9cQE\x14Ex<\x9d\xf8\xdaW\xff\x1f\xae\xbb\
\xee:\xe4\xe7\xe7\xc3b\xb1\xc0H\x06\x9f\x8eF\xa3\xd8\
\xbcy3\xa6M\x9b\x86\x7f\xff\xfb\xdfH&\x93\xb8\xf2\
\xca+1{\xf6\xec\xb4\xa1S\xe8\xc3LE\xc0h\x22\
\x91\xa6\xc7\xd7^{\x0d\x8f?\xfe8\x13\x8dR\x06\xdf\
/\xf9K\xac\xaf\xef\xf2<\xe5\xb4r\x1e\x15<\xd4r\
\x13\x0c\x06\xa1'c-\xd2\xb1\xdd\xa8u\x8c6\x13\xca\
\xc5\x15\xc8\x8b\x8fN\x0b2Q#d\x11jT\xe8(\
\xe7\xc9\x93|y\xe5\xfa\x95\xc7\xd1\xd7wy\x1eE^\
\x11\xc8E\x91\x5c\x10)E\x95\xcf\xe7\xc3\xfb\xef\xbf\xcf\
\x9a \x17,X\x80)S\xa60\xb1$\x17^\xcau\
J\xb2\x88\xf3I\xd2l\x13\x08\x04\x98s\xbe\xd7\xeb\x85\
F\xa3\x81\xd9\xdc\x1d\x18SC\xc6\xa5\xcct\x8f*+\
\xb1\xbe\xc4\x97\x9a\xf8\xbeX,\x16\x14\x17\x17\xc3b\xe9\
\x8e\xe5$_Wss3\xea\xeb\xeb\xa1R\xa9\xb0t\
\xd99\xf8\xc3\x1f_@~A!\x17_2\xae\xbe\xea\
R\x1c\xd8\xbf\x0f\x00p\xb8\xe6\x04\x8a\x8a2\xc7\xa5\x9a\
\x08(\xef1A\xe8~\x8e$I \xf6\x10\x01\xe1p\
\x08uug\xe0\xf5v!\x16\x8da\xe7\xce\xedx\xed\
\xd5W\x10\x0cv7#\xca\xfd@\xbbEY\xb7\xa5Y\
\xfeLI\x92\x04\xb7\xdb\x0d\x83\xc1\xc0\xc6\x91\x0c\x85B\
\x08\x04\xfc\xd0juX\xbcd)\x1ez\xe8\xff\xa1\xa2\
\xa2\x0a\xd3+*\xd2\xf6\x893\xf6 ?U\x95\xd9\xfd\
\x82\x8b\xaf1\x88\xc4\xfc\xa3^\xc1?\xff\xf17\x5cv\
\xd9ep\xb9\x5c\xb0Z\xad\xcc\x99\x5c\xa5R\xe1\xcd7\
\xdf\xc4\xc7>\xf61\xe8t:\xfc\xfd\xef\x7fGMM\
\x0d\xdcn7\xccf3\xae\xb8\xe2\x0aTVV\xa2\xaa\
\xaa\x0a\xf9d\x18!\xea\xdb\x83\x0c\x02g\xa4\x10\xc8\xe0\
\xb0_\xf8\xc2\x17p\xfa\xf4i&v\xe8<\xfa\x99I\
Td\xfb\xae<\x8e\xfeL\xcb\xf3Rd\xfc\xc3h4\
\x0a\x9dN\x87`0\x08\x89\xf8^\x98\xcdff!\xd2\
j\xb5\xac\x87#]\x9e\x8a\x05\xbaN!\x83\x18\xa3e\
\xe8w\xb9\x95Mi\x1dS\xce\x97\xcfS~\xa7I\x92\
\xf94!\x83\xd0\xa2\x9f\xb4\x12\x90\x0b&Q6\x14\x8f\
RT\xa5R)\xb4\xb5\xb5\xe1\xc0\x81\x03l}\x0b\x16\
,`\xe3\xdf\xd1\xe5\xe9w\x1a\xba\x836\xb3\xc6\xe3q\
\xa4d\xf1\xd4\xd4j5\xf4$\x8a\xbe\xdc\x0a'\xdf\xbf\
L(\xf3{\x13_^\xaf\x176\x9b\x0d\xe5\xe5\xe5\xcc\
\xb2 _^\x10\x04x\xbd^\x1c9r\x04\x16\x8b\x05\
j\xb5\x1a\xcb\x97/\xc7\x1dw\xde\x8d\x9bo\xbe\x15\xa1\
\x10\x8f\x08Ny\xf1\xef\x7f\xc5\xff\xfb\xe2\xe7\x01\x00_\
\xfd\x9f\xaf\xe3[\xdf\xfe\x9e\xb2\xc8$\xe0\xc3\xfb\xb2\xfb\
\xf9\xa3?\xa2\x00\xb9E\xaa\xb9\xb9\x11\x7f\xfd\xcbjl\
\xdd\xba\x05\xa2(\xa2\xa9\xb1\x11--\xcd\xec\xbda2\
\x99X\x0cA:\xb0\xb7\x98J!\x1c\x89t\x8f\xad\xeb\
\xcc\xc3c\xbf|\x02\xd5\xd53!\x8a)\xa4R\x22\xe9\
u\xcb\xef\xc5\x89\xca\xf0\x88\xaf,\xf7K\x96l\x8e\x02\
Q\x14a6\x1b\xf0\xcdo|\x03\x0dg\xeb0w\xee\
\x5c\xe4\xe5\xe5\xc1n\xb7\xb3\xf8V;v\xec\x80\xc7\xe3\
\xc1m\xb7\xdd\x06\x95J\x05\xa3\xd1\x08\xbd^\x8f\xd6\xd6\
V\xec\xdd\xbb\x17\xc1`\x10\xfb\xf6\xed\x83V\xab\x85\xcb\
\xd5\x1d\x86b\xf1\xe2\xc5p\xb9\x5cp8\x1c\xac\xb7\xa1\
\xbc)n$*\x1d*\x14\xd6\xae]\x8b'\x9ex\x02\
\xe1p\x98\x09J\xba}\xe5\xbe\xf4\xf5]\xb9\xdf}M\
g\xcaS\xc9,.\xd4\xfcOE\x88\x5c\xb4Rk\x98\
 \x080\x9b\xcd\x10\x89O\x99\xa0\x18\x0c\x9b\x8a\x0dA\
f\x0d\xa3\xdb\x91\x8b'\xfa]n\x19\x93\x8b/e\xa2\
\xcb\xa9I\x8fJ\xf99\xa0\xdfE\xd9x\x92\xf2$\x17\
V\xf2$\x17[4O\x22\x96\xabd2\x89\x96\x96\x16\
466\x02\xa4\xa3\xc0\xb4i\xd3\xd8y\x89\x93\xc8\xf4\
\x02\x89\xd5\x95\x22N\xff\xb4\xd2\xd1\x92\x01\xc4\xb5Z-\
;\x87J1E\xe9o~o\xe2\xcb\xe7\xf3a\xf9\xf2\
\xeeP\x09r\x04\xe2lO\xe3\xb9Q\xb1}\xf1\xc5\x17\
\xe3\xaa\xab\xae\x82\xa0\xd2\xe0\xf3\x0f~\x11@\xe6\x1e\xa3\
\x93\x95s\x96.@}}\x1d\x1c\x0e'\x8e\x1c=\xd9\
\xa3\x07k.\xe9\xf9\x94\xf6\xc1\x80\x17\xc85\x12\xe8\xad\
\xa2R\xa9\xa0\xd5j\xa0V\x01\x89D\x0a\xc7j\x8fa\
\xff\xbe\xddH&S\xe8\xec\xf4`\xdb\xd6\xadhnn\
b\xcf\xa2J\xad\xc2\xc2\x05\x8bp\xc9\xa5\x97\xe2\x8a+\
\xae\xc2\xd4\xa9%\x88\xc6>|\x17s\xb2\x1b\x94\xb2d\
\x8f;\x04\xb7g\x18\xc4\xd7\x80\x98\x187Z.\x8fB\
\x22\x96\xafW_\xfd'~\xf1\xf3\x9f\xe2\xc2\x0b/D\
aa!\xeb\x9d\x95H$\xf0\x8f\x7f\xfc\x03\x9f\xfa\xd4\
\xa7PRR\x92\xe6D\xae\xd1h\xa0#\xf1\xa8h\x05\
\xd3\xd5\xd5\x85m\xdb\xb6!\x1e\x8f\xa3\xbd\xbd\x1d>\x9f\
\x0f3g\xceDyy9\x96/_\x8e\x82\x82\x02\xa4\
H\x97~Z\xf1\x0c\xf7\x0b \x1a\x8d\xe2\xb9\xe7\x9e\xc3\
?\xfe\xf1\x0f\x16\xccT\xa7\xd3AR4A\x22\x8b\xe0\
\x92\x7fW\xeek_\xd3\x99\xf2\x94\xd34O\x10\x04&\
F\xe8\xb9\xa1\xd6\x1d\xadV\x8b$\xf1'\xa3B\x05D\
\xa0\x80\xc4\x05\x93\x0b'j\xb1\xd4\x90\x9e\x8fZ\xd2{\
\x10\xb2\xa6L\xb9\xc0\xa2)S\x1e\xdd?\xf9\xbe\xd2s\
\x97M|I2\xdf+\xfa]\x14E\xc4b1\x80\x8c\
9GE'\x9dO\x8f\x95vb\x009>\x1a\x1cU\
E\xe2\x9d\xc9;O\xc8\xf7\x97\x9e3\xfa\xd9\x1b\xd9\xca\
(\xf3\xfb\x12_\xcb\x96-\x83J\xd1|\xe9\xf1x\xd0\
\xd0\xd0\xc0:a\x88\xa2\x88\xc2\xc2B|\xf3\x9b\xdf\x84\
\xcdf\xc3\xb3\xcf>\x8b\xdf\xffq\x15\x8a\x8b\x8b\xc8u\
\xecy?d&\xf3>\x8f}\xfaw|\xbf\xfb\xed\x93\
\xf8\xfe\xf7\xbe\x0d\x00\xf8\xc9O\x1f%\x02\x95\xd3\x93n\
!\xd6\xfd\x0cv?\x8f*r\x8a\x93)\x11~\x9f\x07\
\x91p\x08\xc9T\x0a\xa9\x14\xa0\xd3\xa9\xe1p\xe4w\xff\
\x80#\xcb\xa9TB\xbf\xaf\x0bg8\x19\x99gZp\
{\x82#\xb3\xa5\x1c\x91\xf3[3\xe7+\x1c:\xa2(\
\xc2l6\xe3{\xdf\xfd6\xdex\xfdU\x84B!\xac\
X\xb1\x02\xd3\xa7O\x87\xd5jEKK\x0b\xf6\xed\xdb\
\x87{\xee\xb9'\xcd\xc2@+sjm\x90W\x8ev\
\xbb\x1df\xb3\x19\x1d\x1d\x1d8|\xf80$I\xc2\x0b\
/\xbc\x80\xfa\xfaz\xe4\xe7\xe7\xe3\x9cs\xce\xc1\x1dw\
\xdc\xc1\x06l\x95[E(\xf2\xca~\xa8\x08\x82\x80`\
0\x88\xcf\x7f\xfe\xf3hii\x81D\x1c\xc6\x1d\x0eG\
\x8f_\x7f}}W\xeeW_\xd3\x99\xf2\x94\xd3\x14y\
>\x15\x01\xf4\xbc\xca\xb7O\xcf\x95\xd2z\x94$\x83<\
\xc7I\xd0C\x1a\xe6A\xbe\x0e\x15\xe9\xc5'(\xc4\x0b\
\x1d\xcf\x92\x86Z\xa0\xf9T\xc4Q_,(\xc2P$\
\xc8\xd0:t\x1f\xe8=@#\xcd\xd3\xe3\x90\x8b4z\
,T\xc8\x1b\x0c\x06f\xd1\xa3\xebu\xbb\xdd\xac7\xa5\
\xc3\xe1@II\x09[\x0f]\x17\xb2\x9cK\xa5\x80\xca\
D\xb62\xca\xfc\x81\x88/\xb5Z\x8d\xb3g\xcf\xc2\xe7\
\xf3!\x16\x8b\xc1\xef\xf7\xc3b\xb1@\x10\x04<\xf1\xc4\
\x13(((@{{;\x9e|\xf2I\xfc\xe5o\xaf\
0\x9f6N7\xb1X\x0csfU\xc2\xef\xf7\xa1\xa2\
\xb2\x12\xbb\xf7\x1cT\x16\x192=\xef\x96\x89\x85H\x7f\
\xf4\x88\x22Td,\xdeT*\x05\xb5&}\x5c\xd9\x09\
M\xe6G{T\x18+\xbb\x22t\x0e\x97\xf8\x9a\xe8O\
\xd40\x22\x8a\x22L&3\x1e\xf9\xbf\x1fc\xd3\xc6\xf5\
\xac\xd2\x8c\xc5bX\xb8p!\x1a\x1a\x1a\xa0\xd1hp\
\xed\xb5\xd7BM\xc2\x03(E\x18\x15`\xf4S%\xf3\
\xb91\x1a\x8d\xac2\x0e\x04\x02\xd8\xb1c\x07\xf6\xee\xdd\
\x8bX,\x86\xae\xae.TVV\xe2\xdcs\xcf\x85\xd5\
jEyy9\xccf3\xab\xfc%\x99\x15\x05Y*\
\xda\xfe@EAcc#~\xfa\xd3\x9f\xe2\xcc\x993\
L\xa0\xd0ab\xe8\xf6\xe4\xdb\xc8\xf4]\xb9\x0f}M\
g\xcaSNS\x06\x92\xaf\xdc7Aa\xf9Q\x9e;\
ZN\x94\xf9]Q!\x93\x22\xa1!T*\x15\x0bd\
J\xd7C\xad\x9c1\xd9\xa0\xb9\x12\x09U!\x90\x9e\x94\
T\xa8\x09\xa4\x89\xd2`0 \x1e\x8f3\xab\x1b\x9dO\
\xf7\x81\x9eg*Z\xe8\xb2t\xdd \xf7e}}=\
\xb3\x94\xe5\xe7\xe7\xa7\x8d=\xd7\x1bJ\x01\x95\x89le\
\x94\xf9\xfd\x11_\xa9T\x0a\x1e\x8f\x07MMM\xec\xb8\
\x93\xc9$\xd4j5\xca\xca\xca\xf0\xa9O}\x0a\x17^\
x!<\x1e\x0f<\x1e\x0f^x\xe1\x05\xbc\xb0\xeao\
(..\x1e\x1e\xf1\x95\xf9\xd0F\x9e\x9e\xb7m\x9f\xfc\
\xe4\xc7?\xc2\xaf\x1e\xff\x05\x00\xe0\xb7O\xff\x01w\xdc\
q\xa7\xb2\x08\x8739\x19\xc2s-tv\x0d\x93\xf8\
\xe2\xf4Jo\xef@*\xbe\xfe\xef\xff~\x84\xcd\x9b6\
21\xe2\xf1x\x10\x8b\xc5\x90$\xd1\xb9-\x16\x0b\xca\
\xcb\xcbQPP\x00\xab\xd5\xca\xc6\xfc\xa2B\x8b6\x07\
Q1F\x9b#\xa9u\x83\xce\x93[L\xce\x9c9\x03\
\x8f\xc7\x83\x96\x96\x16\x1c>|\x989-O\x992\x05\
K\x96,A~~>\x0a\x0b\x0bYeN\xfd\xa1\xe4\
\x95y\x7f\xa1\x82\xa1\xae\xae\x0e\xabV\xad\xc2\x96-[\
\x98\xa8\xd0\x91A\xae5\xc4\x19\x9f\xa2\x148\xca\xbc\xfe\
Lg\xcaSNS\x06\x9aO\xe9k>\xfaY\xa67\
\x86\xba\xfc`\x88F\xa38{\xf6,\x13D%%%\
\xb0Z\xad\xcab=P\x0a\xa8Ld+\xa3\xcc\xefK\
|UUU\xa1\xa9\xa9\x09\xb1X\x8cY\x14\xf5z=\
DQ\x84\xcdf\xc3\xd7\xbf\xfeu\xcc\x993\x07\x112\
\xc8zGG\x07\xd6\xad[\x87\xc7\x7f\xfd\x1b\xe4\xe5\xb9\
\xd2\xac\xbd\x1c\xa0\xb5\xa5\x05\xf3\xe6V\x03\x00\x96-;\
\x07\xef\xbe\xf7\xbe\xb2\x08\x87\xc3\x19 \xeao|\xf3\xdb\
?Tf\x0e\x05\x81\xa7~\xa5\xac\x08\x80\x04\x09:\xbd\
\x0e\x1b\xdf\x7f\x1f\x0dg\xeb\x99x\xb2\xdb\xed\xc8\xcf\xcf\
\xc7\xb1c\xc7`0\x18`6\x9bQ__\x8f}\xfb\
\xf6\xe1\xe0\xc1\x83\xe8\xe8\xe8\x80\xdb\xed\x06\x88\xbfQ<\
\x1eG8\x1cf\x11\xcbi\xf3W<\x1eg~<q\
\x12\x8a\x82\xfe\xdaw\xb9\x5c(--\xc5\xdc\xb9sq\
\xd9e\x97\xe1\xf2\xcb/G2\x99\xc4\x89\x13'\xb0{\
\xf7n\xbc\xf4\xd2K8v\xec\x18\x9a\x9b\x9b!\x08\x02\
\xa6M\x9b\xc6\x82\x05R!&(|\xb6\xb2!\x10\x8b\
\x8b\xddn\xc7\xa2E\x8b\xd0\xda\xda\x8a\x13'N\xc0j\
\xb5\x22EB\x1d\x80\x1cK&\xa1\x95)\xaf?\xd3\x99\
\xf2\x94\xd3\x94\x81\xe6S\xfa\x9a\x8f~\x96\xe9\x8d\xa1.\
?\x18\xa8\xf5\x94\x8ew\x19\x0a\x85`6\x9b{\x88\xe4\
\xe1$\x99L\x22\x12\x89\xc0j\xb5\x22\x1c\x0e\xb3^d\
\xd4\x82\xe8v\xbb\xd9\xfd\x9fJ\xa5`2\x99 \x92\x8e\
\x11?\xfe\xf1\x8f\xb1p\xe1B\xc4b1DI\xb4\xfb\
\xd6\xd6V\xbc\xf3\xce;\xf8\xf4]+a\xb1X \x89\
b\x8f\xe7u2'\xab\xd5\x8a\xb6\xf66\x1c8\xb0\x1f\
--\xcdX\xb2d)f\xcc\x98\xd1\xa3\x1cO<\xf1\
4\x80\xe4\xc9\xb5\xe5KPf\x0c\x95\x9c\xafp\xcc#\
\x89\x22\x0cF\x13\x9e\xf8\xf5/\xf1\xee\x9a\x7f\xb3xX\
\xd4r\xb5e\xcb\x16\x14\x15\x151\xdf\x96\xae\xae.t\
tt\xc0\xe7\xf3\xa1\xa1\xa1\x01*\x95\x0av\xbb\x1dy\
yy\x989s&\x5c.WZs\xa3^\xafg\xcd\
\x91r\xcb\x18m\x92\xa2\xd60j\xcd\xb2\xd9lL\x10\
\xed\xdc\xb9\x13\x8d\x8d\x8d\xa8\xa9\xa9\xc1\xa1C\x87PT\
T\x84\xfc\xfc|,[\xb6\x0cK\x97.M[\xbe\xbf\
P\xcb\x99N\xa7\xc3SO=\x855k\xd6@$A\
7\xa3$\x82;\x8d\x07%_/\x17_C[~0\
P+\x94\xc7\xe3I\x13\xfa\xd3\xa6M\xeb\xf5\x9a+\xad\
W\x99\xc8VF\x99\x9f\xc9\xf2\xa5&\xb1\xbd\xa2d\xd4\
\x00\x89D%\xd7j\xb5H$\x12p8\x1c\xf8\xfa\xd7\
\xbf\x8ee\xcb\x96\xb1\xb19\x03\x81\x00:::PS\
S\x83\xb7\xdez\x0b\x9b\xb6\xec\x84\xd3\xe9\xe4\x96\xaf\x0c\
\xd4\xd4\x1c\xc1\x8a\x0b\xcf\x05\x00\x5cu\xf5G\xf0\xf2?\
^S\x16\xe1p8\x19\xc9\xfc^\x13<\xdeP\xe69\
\x93\x84\x91\xaf\xbe\xfa\x86V\x1c\xbf\xfb\xddo\xf0\xd6\x9b\
\xffJ\x13_\x1a\x8d\x06\x9b6mBaa!\x16-\
Z\xc4\xfcX\xa8\xe3f\x94D\xf5\xf6\xfb\xfdhkk\
C\x8aD\xfa\xd6\xe9t(--\x85\xcdfCqq\
1\xf2\xf2\xf2X\xd3\x1e]/\x15NT\x90\xd1i5\
\x09}\xa0%\xf1j\xa8U\xc1\xedv#\x12\x89`\xef\
\xde\xbdhll\x84F\xa3AGG\x07\xaa\xaa\xaa\xe0\
r\xb90u\xeaTTTT\xb0\x08\xf2\x02\xb1te\
r\xe2\xa7\x15\xac$I\xd8\xb4i\x13^{\xed5\xd4\
\xd6\xd6B\xaf\xd7#Ez\xdd\x89\xa2\x08\xadV\x0b\xa3\
\xd1\x08-\xe9Q(_G\x7f\xa73\xe5)\xa7)\x03\
\xcd\xa7\xf45\x1f\xfd,\xd3\x1bC]~0\xc8\x85P\
[[\x1b\xb3N\x9a\xcdf60q&\x94\x02*\x13\
\xd9\xca(\xf3\x95\xe2\xcbj\xb5\xa6\xc5\x16\xa3?&D\
Q\x84\xdf\xef\xc7\x82\x05\x0b\xf0\xe0\x83\x0fb\xee\xdc\xb9\
\xcc\x0a\x1c\x0c\x06\xe1\xf3\xf9\xd0\xd6\xd6\x86\x8d\x1b7\xa2\
\xa6\xa6\x06[\xb7\xed\x86\xdd\xe1\xe0\xe2+\x0b\xf7|\xe6\
.\xbc\xfe\xafn\xd1\xb5\xe6\xdd\xf5X~\xeey\xca\x22\
\xfdb\xe4\xefZ\x0egx\xc9\xfc\xe6\xea\x1d\xa1k\x22\
\x89\xaf\x09\xf2TS\xf1\xf5\xdb\xdf<\x85\xb7\xdfz\xbd\
W\xf1%f\x18\x1bL.hD\xd9\x80\xd3\xe1p\x18\
g\xcf\x9eE2\x99\x84F\xa3A~~>f\xcd\x9a\
\x05\x97\xcb\x05\x9b\xcd\x06\xb3\xd9\xcc\xacVT\x84\xd1m\
\xd2\x0a\x8d\xfa\x8c\xd1<\x8dl\xb0hQ\x14q\xfa\xf4\
i\xa4R)|\xf0\xc1\x07\xd8\xb4i\x13\xecv;t\
:\x1d.\xbc\xf0B\xcc\x9f?\x1fyyy\xc8\xcb\xcb\
\x83H:\x10\xc4\xe3\xf1\x1e\xfeb*\x95\x0a\xed\xed\xed\
X\xbbv-v\xef\xde\x8d\xc3\x87\x0f3\xcb[,\x16\
\x83\x8a\x84k\x00\x19\xf8\x99~\xa7\x95\xb4R\x94(\xa7\
3\xe5)\xa7)\x03\xcd\xa7\xf45\x1f\xfd,\xd3\x1bC\
]~0(\x85Pcc#\xc2\xe10@z@\x16\
\x16\x16\xa6\xcd\xa7(\x97\xcbD\xb62ra\xaeR\xa9\
\x10\x89D\xe0v\xbbQRR\x02\x9f\xcf\x87H$\x02\
\xb5Z\x0d\x9b\xcd\x86$\x19\xcd\x816\xad_}\xf5\xd5\
\xf8\xecg?\x0b\x97\xcb\xc5\x9a\xd9C\xa1\x10|>\x1f\
<\x1e\x0f\xea\xea\xea\xb0f\xcd\x1a\xb4\xb7\xb7c\xd7\x9e\
\x03(*.F*\x91\xec\xfd]\x92y7\xc7\x17\xbd\
\x1d_\x16\xb6n\xd9\x8c\xeb?v-\x00\xe0\x13\x9f\xb8\
\x03\xbf\xff\xe3s\xca\x22\x1c\x0e\xa7\x9f\x0cN|\x0d\xe2\
\xc1\xe5\xf4\x9f\xa1\x8a\xafL\x08\xb20\x06\xa9T\x0a\x0d\
\x0d\x0d8s\xe6\x0c\xab\xbcJJJP]]\x8d\xc2\
\xc2B\x94\x95\x95\xb1\x81\x8cU*\x15\xdb\xb6\xbc\x89\x92\
\x0a/\x9a\xa8(\x93[\xcct:\x1dDQ\xc4\x1f\xff\
\xf8G\xec\xdb\xb7\x0f\x112(\xf4\xf5\xd7_\x8f\xa2\xa2\
\x22TWWc\xda\xb4i\xccZG+N*\xe6\x0c\
\x06\x03\x0e\x1d:\x84\xe7\x9e{\x0e{\xf6\xec\x81^\xaf\
\x87\xc9d\x82D\xc6\x06\xa4\x95\xbe\xcdfc\xdb\xcbD\
&\x91\xa2\xccSNS\x06\x9aO\xe9k>\xfaY\xa6\
7\x86\xba\xfc`P\x0a\xa4d2\x89\x86\x86\x06$\x12\
\x09\x00@aa!\x1c\x0eGZ\x19dX.\x13\xd9\
\xcaH2?\xc2d2\x09\xbf\xdf\x8f@ \x00\x97\xcb\
\x85`0\x08\xab\xd5\x0a\x8dF\x83P(\x04\xa7\xd3\x89\
\xc6\xc6F\x98\xcdf\xdc{\xef\xbd\xb8\xf3\xce;\x11\x0a\
\x85\x90L&\xd9=\x13\x0a\x85\xd0\xd5\xd5\x05\xb7\xdb\x8d\
\x03\x07\x0e\xc0\xedv\xe3\xcc\x99\xd3\xd8\xb8y;JJ\
x\xa8\x89\xde\xb8\xe9\x86\x8fa\xd3\xa6n\x87\xfb\xdd{\
\x0e`Fu\xb7#>gd\x18\xf9'~x\xc8\xfc\
\xa4O.\x84.\xdf \xc4\xd7$\xa4\xff7}\xffK\
fC\x92$\x18\x8c\x06\xfc\xf67O\xe2\xad7s#\
\xbe(\xb4\x82S\x91\x1e\x91I2\x1e\x9e\xd7\xeb\x85\xd7\
\xebE \x10\x80\xd5j\x85V\xabE~~>\xca\xca\
\xca`\xb1X\xd2,c\x1a\x85\xaf\x98<\xc9-c\xb4\
9\x946U\x86B!l\xdf\xbe\x1dmmm\xd8\xbd\
{7\xb4Z-\x8a\x8a\x8a`4\x1a1\x7f\xfe|L\
\x9d:\x15V\xab\x95\x05\xf0\xa4!\x13\x12\x89\x04\xf6\xec\
\xd9\x83\x0d\x1b6`\xdf\xbe}\x08\x87\xc3l;\xb4\xc3\
\x00\x0dz\xaa\xd1h\xd2\x84c6\x81\xa2\xccWNS\
\x06\x9aO\xe9k>\xfaY\xa67\x86\xba\xfc`\xc8$\
\x90\x22\x91\x08\x1a\x1a\x1a\xd8\xf4\xd4\xa9Sa6\x9b\xd3\
\xcadZNI\xa62)\x12\xbc\x96\xf6\xf2\xa5N\xf4\
Z\xad\x16\x0e\x87\x03^\xaf\x17z2\x86\x9e\xd1h\x84\
\xd3\xe9\x84\xd5j\xc5\xca\x95+1{\xf6l\xa4H\xec\
5*\xbchsc{{;6l\xd8\x80\xb3g\xcf\
b\xd1\xa2E\xd8\xb3{76m\xdd9|\xa1&&\
\x08o\xbe\xf1:\xee\xfetw\xa8\x89\x07>\xff\x10\x1e\
\xfdYw\x08\x8a\x8122w\xee\xc8l\x853Y\xe8\
\xf9~\xcaF\x7fJ\x0a^_\xb8\xf7r\xfc\xfe\x1d0\
C=e\xa2$\xc1h0\xe07\xbf}\x12o\xbd\x91\
[\xf1%GnQ\xa0b\x87F4okkc\x03\
!\x87B!X\xadV\x14\x16\x16\xa2\xa0\xa0\x00\x95\x95\
\x95,*=\x15]\x99\xc4\x98R\x84i4\x1a\xe8\xc9\
 \xcat\xdd\xad\xad\xad\xd8\xbf\x7f?\x22\x91\x08\xea\xeb\
\xeb\x91J\xa50c\xc6\x0cL\x992\x05\x0b\x17.D\
yy9\xb3\x88\x05\x02\x01\xd4\xd4\xd4`\xe3\xc6\x8dx\
\xff\xfd\xf7\x11\x8dF\x99\xd0\x92H\x13k\x9c\x0cnK\
\x9b\xa2t\xc4\xafMK|\xc4h\x05\xaf\x14.\xcai\
\xca@\xf3)}\xcdG?\xcb\xf4\xc6P\x97\x1f\x0c\x99\
\x04\x12\x00\xf8\xfd~\xb4\xb6\xb6\x02\xa4GdYYY\
\x9a%2\xdbrr$\xd2\xacH\xc5\x96F\xa3\x81\xcf\
\xe7c\xcd\xe4\xf4\x1e\x8b\xc5b\x88\xc5b0\x99Lp\
\xb9\x5c\x10\x04\x01\xa1P\x08\xc5\xc5\xc5\xb8\xea\xaa\xabp\
\xd9e\x97\xc1f\xb3!\x1a\x8d\xb2N\x1b\xd4\xe2\xe5\xf3\
\xf9\xd0\xd9\xd9\x89\x8d\x1b7\xe2\xf8\xf1\xe3X\xb2d\x09\
\x0c\x06\x03\xb6o\xdb\x86M[w\xa2\xa4\xa4\x84\x8b\xaf\
>\xb8\xf8\xa2\xf3q\xe8\xd0Ah4\x1a\xd4\x9e8\x03\
\x97\xcb\xa5,2(F\xfen\xe6p\x86\x8f\xbe\xdex\
\x82\xd7\xdf\x87\xf8\x1aGL\x94\x87W\x22\xcd\x8e\xc3-\
\xbe\x94\xc8+H*\x96\x92$vR(\x14BSS\
\x13\x1a\x1a\x1a\xa0\xd5ja\xb1X0{\xf6l\xcc\x9f\
?\x9f\xf5\xa4\x94\x0b.y3\xa5\x5c\xa4Q1F-\
ot]:\x9d\x0e\xad\xad\xadhhh@CC\x03\
^y\xe5\x15\xb8\xddn\x14\x17\x17\xe3\x9cs\xce\xc1\x8d\
7\xde\x08\xa7\xd3\xc9\xce\xc1\x89\x13'\xf0\xef\x7f\xff\x1b\
\xaf\xbe\xfa*\x82\xc1 kz\xd4h4L\x88Q\x7f\
7\x89\x0c\x92\x9dJ\xa5`\xb5Z\xa1\x93\x85\xae\xa0\xc7\
\x9dM\xc8\x0c4\x9f\xd2\xd7|\xf4\xb3Lo\x0cu\xf9\
\xc1\xd0\x9b\x88\xea\xec\xecDgg'@\x9a\x8c\xcb\xca\
\xca\xd8>fZN>O\x92$\x04\x02\x01\xf8\xfd~\
\xa4\xc8\xf8\x90\xf9\xf9\xf9i?\x10hx\x94`0\x88\
\xeb\xaf\xbf\x1e\xc5\xc5\xc5\x08\x85B\xd8\xb9s'n\xba\
\xe9&\x5c}\xf5\xd5p8\x1c\x08\x87\xc3\xcc\xa7Pn\
\xf1\xf2\xfb\xfd\x88D\x22x\xf3\xcd7\xe1\xf5z1k\
\xd6,v\xbfl\xdb\xb6\x0d[\xb8\xf8\xea\x17\xab\xfe\xf4\
\x02\xbe\xf4\xa5/\x00\x00\xbe\xf5\xed\xef\xe2\x9b\xdf\xec\x1e\
~\x88\xc3\xe1\xf4\x9f!\x8b\xaf\x91\x7f\xfdO|$\xd2\
\xec\xf8\x9b\xdf<\x85\xb7\xde\xe8\xbd\xb7c.\xc5\x97\x1c\
\xb9\x85\x886\xe1\x89\xb2\xf0\x0f\xa7O\x9fFWW\x17\
\x92\xa4\xb7eEE\x05\x1c\x0e\x07\x9cN'\x0a\x0a\x0a\
\xd8@\xdfT\x84Q\x01\xa6\x14d\x1aY\xf4}\x03\x19\
\xd2FM\x02\xad&\x93I\xd4\xd6\xd6\xe2\xddw\xdfE\
0\x18\x84\xdb\xedFEE\x05\x16-Z\x84\xfc\xfc|\
\xd6\xbc\xf5\xc6\x1bo`\xd7\xae]hjjBWW\
\x17['\xfd\x04\x09 KC\x10\x88\xa2\x08\x8dF\x03\
\xb3\xd9\x0c\x81\x0c\xd7C\x05\xa1\x92l\x02'[>\xa5\
\xaf\xf9\xe8g\x99\xde\x18\xea\xf2\x83!\x93\x88\x92\xd3\xda\
\xda\x0a\xbf\xdf\x0f\x90\xf8Pt\x08\x22*\xb0\x04\x12\x8f\
\x8b\x06@\x8dD\x22\x88F\xa3P\x93\xde\xba\x06\x83\x01\
F\xa3\x91-\x93$\x03\xbf\x8b$\x86WEE\x05*\
**\x10\x0c\x06\xd1\xd5\xd5\x85\xe5\xcb\x97\xe3\xe6\x9bo\
f!\x22\xa8\xef \xf5#\xa4\xc2\x8b\xc6\xf3:v\xec\
\x18\xea\xea\xeaPUU\x05\xa3\xd1\xc8\x84\x16\x17_\x03\
c\xee\x9c\x99hjjDAA\x01\x8e\x9f8\x93\xf1\
\xd9\x19S\x8c\xfc\xa3\xc2\x99(\xf4\xfe\xca\x1b4\x82o\
\x88\xe2k\xec2\x84\xa7m\x08\x8b\xe6\x02I\x92`4\
\xe8\xf1\x9b\xdf>\x857_\x1f\x1d\xf1\xd5\x1b\xb4\xd2\x17\
\x04\x01\x91H\x04]]]\x08\x87\xc3hooG2\
\x99dM\x81S\xa7N\xc5\x94)S\xe0p8\xe0p\
8X\xc8\x09j\xf1\xd2\x93xcJ\xab\x98\xdc\x82\xa6\
!C\xe6h\xb5Z\xd4\xd6\xd6\xa2\xad\xad\x0d\x1e\x8f\x07\
[\xb6l\x81\xc3\xe1\x80\xc9dBAA\x01f\xce\x9c\
\x09\x8f\xc7\x03\x9f\xcf\x87\x83\x07\x0f\xa2\xbe\xbe\x1e\x91H\
\x04^\xaf\x17Z\xad\x16\x06\x83\x01 \xe7\x96V\xe4 \
c\xd7Q\xcb\x0a\x00\xb6\xefT\x8c\xc9\x05\x1cE)@\
2\x89\xa0LyJ\xfaS\xa67\x86\xba\xfc`\xa0\xc7\
.?\x07\xf2\xf3'\x08\x02;\xf7 = \xadV+\
\x13D \x03s\x87\xc3a\xe8\x15\xa31\x08\xc4\xa1>\
\x91H\xb0!\x8c\xf2\xf2\xf2PPP\x00\xbb\xdd\x8e\xfa\
\xfaz\x5cr\xc9%H\xa5R\xa8\xac\xac\xc4\xfc\xf9\xf3\
QZZ\xca\x9a\xcbi\x0fG*\xe8B\xa1\x10B\xa1\
\x10\xfc~?\xf6\xef\xdf\x8f\x13'N\xc0h4\xa2\xac\
\xac\x0cZ\xad\x96\xf9\x83\x81\x8a\xafm\xbbP\xc2|\xbe\
F\xfe\xdc\x8eY2\x9c\x8a_=\xfe\x18~\xf8\x83\xef\
\x01\x00~\xf1\xd8\xe3\xb8\xff\x81\x07\x95E8\xa3L\x86\
\xcb6jLP\x911$\xba\xc5W\xce\xafR\xceW\
\x98\x13\xc6\xe6^\xf5D\x92$\x18\x0cz\xfc\xf6\xb7O\
\xe1\x8d1(\xbe2A-\x1b \x0e\xd8\xf5\xf5\xf5\x08\
\x04\x02\x08\x04\x02\x10E\x11S\xa7NEaa!\xa6\
M\x9b\x86\xa9S\xa72Q\xa5\x915QR\xab\x98\xd2\
2F\x9b@\xe5bH\x22\xfeAG\x8f\x1e\xc5\x86\x0d\
\x1b\x10\x8dFq\xfc\xf8q\x14\x15\x15\xa1\xb2\xb2\x12E\
EE(--\xc5{\xef\xbd\x87\x9d;w\xa2\xa5\xa5\
\x05 b@\xa3\xd1\xb0\xf3\xa6\x22N\xf9\x02\x09O\xa0\
\x22\xa1\x0ch\x85\xae!~jZ\xe23&\x9f\x96\x0b\
\x11\xf9\xf1\xcb\x85Ho\xf45\xbf/\x86\xba|\x7fP\
\x0aM\xc8\xc4\x16M\xf4\x5c\xa9T*\xf8|>$\x12\
\x09\xf8|>\xb6\xac\xc1``~w\x06\x83\x01*b\
E\xa5\xe7LEz\xe0\xfa|>\xe4\xe7\xe7C\xaf\xd7\
c\xf6\xec\xd9\x88F\xa3\xac\xe9\xd0`0\xa0\xbc\xbc\x1c\
7\xdcp\x03\xa6M\x9b\x96&\xa2\x93\xc4\x11_\xde\xcc\
\x18\x0a\x85\x10\x8b\xc5\xd0\xd9\xd9\x89\xb5k\xd7\xa2\xa5\xa5\
\x05s\xe6\xccAQQ\x11\x92\xc9$[^.\xbe\xb6\
n\xdb\x85\x92\x92\x12$\xc6\x81\xe5k\xf8\xaf|\xef\x04\
\x83A\xcc\xa8*G8\x1c\xc6\xacY\xb3\xb1{\xcf~\
e\x11\x0e\x87\xd3\x0b\x82?\x10\xe9\xf9v\x9d\x8c\x8c\xf6\
\xdbL\x06\x13_\xbf\x19?\xe2\x0b2\x11\xa2\x22\xd1\xea\
\xd5j5k.t\xbb\xddhhh@2\x99d\xcd\
\x933g\xceDII\x09\xf4z=\x0c$\xd8\xab\x5c\
\x84\xc9\x9b+\xe5\xd605\x09\xd8*\x90A\xb8\xedv\
;4\x1a\x0d\x0e\x1e<\x88\xe3\xc7\x8f\xa3\xa3\xa3\x03\xff\
\xf9\xcf\x7f\xd8PIyyy(--\xc5\xd6\xad[\
q\xe4\xc8\x116P\xb9\x86\xf8\xfb\xd0u\xc9}\xd1@\
\x9a*\xa9\x85\x8c6\xb7\xd2\xf2T\x04RA\xa8\xd3\xe9\
`4\x1a\xd3\xd6G\xc9&\x92\xb2\xe5\xf7\x97\xa1.\xdf\
\x1f\x94\xe2+I\x86\xf6\x89\xc5bH\x90\xf0\x12\xf4\xdc\
\xd1\xe6A\x83\xc1\x80D\x22\x01\xaf\xd7\xcb\x96+))\
\x81V\xabMkF\xa4\xc4b1\x18\x8dF\x94\x97\x97\
\xe3\x9e{\xee\xc1\xd6\xad[\xd1\xdc\xdc\x8c\x82\x82\x02\xcc\
\x9e=\x1b6\x9b\x0d\x17_|1\xf2\xf2\xf2\xd0\xd5\xd5\
\xc5B\x96Pk\x17u\xc0\x8fF\xa3\x88D\x22\x08\x04\
\x02\xf0z\xbdi\xd6\xae\xb9s\xe7B\xa7\xd3\xa5\x09\xaf\
\x1e\xe2k\xfb.\x94\x14O\xe2f\xc7\x01\xdeN\xdf\xfb\
\xee\xb7\xf1\xc4\xaf\x7f\x05\x00x\xee\xf9?\xe1\xbf>q\
\xbb\xb2\xc8\x98`\x80\x87\xc5\xe1\x0c\x88\xc1\x0a\xa8\xd1\x17\
_c\xf4\xc9\x18\xcd\xdd\x92\x8b\xaf\xd7\xc7\x91\xf8\x92C\
+m*T$Ib\x15\xa5\xd7\xebE[[\x1bk\
^2\x1a\x8d())\x81\xc5bAqq1\x5c.\
W\x9a\xb5D.\xc02Y\xc6\xe86L&\x13\x0cd\
\x9c\xbf\xb6\xb66$\x93I\x1c;v\x0c\x07\x0f\x1eD\
4\x1aE]]\x1d***0u\xeaT\xb4\xb6\xb6\
\xa2\xb3\xb3\x13\xc9d\x12\x8d\x8d\x8d\xe8\xea\xeaB\x22\x91\
`\x82\x86\x8a0*\xf6\xa8\xb0\xa4\xc7F+\xee\xb8l\
<K\x90@\xb3\x02\xb1\x06Q1\xa7%>e\x14Z\
V\xde\xb4I\xf3\xe5\xc2\x8d~\xca\xcf%\x85\x8a\xdcL\
(\x05\x13\x85Z\x9b\xa8\xf0\x10E\x91Y\x9d\xa8\x08\x01\
Y\x9eZ\xb3R\xa9\x14\xdb\x16\xb5\x12\xd2c\xd4h4\
\xec|\x0bd\xf4\x02z\x9c\x22\x89.O\x05\x98J\xa5\
b!L\x8cF#\x0b\xb6+\x08\x02L&\x13*+\
+q\xf4\xe8Q\xb8\x5c.\x98L&,^\xbc\x18\xb3\
g\xcf\xc6\x94)S \x92\x8e\x13\xf1x\x1c\x22\xb1v\
\xd1\x80\xa9\xd4\xb7+\x16\x8b1\xa1\x7f\xe4\xc8\x11\x1c;\
v\x0c\x1a\x8d\x06\x95\x95\x95(((`\xd7\x8b^\xc7\
L\xe2k\xdb\xf6](\xe6>_i\xf4\xf6\x1e<{\
\xf6,\xe6\xcd\x9d\x05\x008\xff\x82\x0b\xb0v\xedze\
\x11\xce\x98\xa6\xb7\xab;\x16\xc9\xfc^\x1b\xaf\x08\xfe`\
f\xf15\xde.\xcb\xd0\x19;G\xfc\xa1\xf8zr\xdc\
\x8a\xafl\xc8\x05\x85(\x8a\x08\x87\xc3\x08\x87\xc3\x08\x04\
\x02hjjB*\x95\x82^\xaf\x87\xd3\xe9\xc4\x9c9\
s`\xb5Z\x99\xdf\x90Z\x16\xb2B\xab\xf0\x19\xd3(\
\x82\xbd\xd2sE\x05\x8a\xdf\xefg\xeb\x7f\xe3\x8d7\x98\
\xe83\x18\x0c\x88\xc7\xe3\xa8\xa8\xa8@,\x16CMM\
\x0d:;;\x99\xafP0\x18d\xfb\xad'A^\xa9\
\xe5\x8d\x22\x17GT\xe0\xc8\x05\x10\xfdNEN*\x95\
b\x15?\xdd\xefx<\xce\xd6A\xd7m\xb5Z\x99\xf3\
:\x15x\x92$AKF!\xa0\xfej\x14\xa5X\x93\
\xe7\x99\xcdf\x84\xc3a&@h9\x13\x19t:E\
bgi\xb5\xda41\x05Y\xd3\xac\x8a4\xf7\xca\xd7\
M\xcb\xa5\x88\xb3{$\x12\x81@|\xf4\x92$D\x08\
=\x86\xa9S\xa7b\xe5\xca\x95\xa8\xab\xab\xc3\xa9S\xa7\
`2\x99\x10\x89DPVV\x86\xdbn\xbb\x0d \x16\
2\xa3\xd1\xc8\xcee\x5c6\xf0;\xb5t\xc9EW2\
\x99D(\x14B[[\x1b\xf6\xee\xdd\x8b\xf6\xf6vH\
\x92\x84\xaa\xaa*\xd8\xedvf\x91\xa3\xd7\x84~\xcf,\
\xbev\x13\x87\xfbn\x8b\xde\xc4a\xf8\xdem_x\xe8\
\xf3X\xbd\xfaO\x00\x80\xd7\xfe\xf5&\xae\xba\xeaje\
\x11\x0e\x87\x93\x01!\x90E|\x8d<\xc3\xf7\x82\x18o\
H\x13X|e\x83Z\x9aT*\x15\x9a\x9b\x9bq\xf2\
\xe4Itvv\x22\x1c\x0e\xb3h\xf8\x0e\x87\x03\x15\x15\
\x15\xb0\xdb\xed\xac\xe2\xa7\xd6\x17zn\x94M\x95T\x8c\
\xa9T*\x18\x0c\x06\x1c<x\x10;w\xee\xc4\xfd\xf7\
\xdf\x0f\xbb\xdd\x8e5k\xd6\xe0\xad\xb7\xdeB8\x1cF\
SS\x13\xca\xcb\xcb\xf1\xb1\x8f}\x0cS\xa7N\xc5\x81\
\x03\x07Xg\x02\xb7\xdb\x8d\xfa\xfaz4773\xc7\
q\x00\xb0X,L\x90Q\xa1G+z*\x98@\x84\
\x0a\x151\xf2\xbcL\xdf!\xb3R\xd1f2\x10\xf1F\
\xd7)\x90\xd0\x0br\x8b\x1a\x15G\xd4JE\xc5\xaa\x5c\
4Q\xb1D\xa7\xe5\xfbJ\xf3\xe8\xb6hy\xf9>R\
\xe1\x12\x0a\x85\x10\x0c\x06Y9\x8dF\x03\xbb\xdd\x8e\x19\
3f`\xce\x9c9(++CKK\x0b\xa6O\x9f\
\x8e\xbf\xfc\xe5/\xa8\xa9\xa9\x01\x88\xcf\xdd\x82\x05\x0b0\
k\xd6,|\xees\x9fc\xc3\xfeP?;\x91X\xb6\
R$\xb8j\x82\xc4\x9d\xa3\xce\xf4\xe1p\x18\xd1h\x14\
\x22\xe9y{\xfc\xf8q\xec\xd9\xb3\x07\x1f|\xf0\x01f\
\xcc\x98\x81\x05\x0b\x16\xc0\xe1p0\x8b\xa42\xf5O|\
q\xcbW\x7f\xf9\xe0\xc0\x01\xacXq>\x00\xe0\xa3\x1f\
\xbd\x1e/\xbd\xfc\x8a\xb2\xc8\xe0\x19\xe3U\xc2\x18\xdf=\
N\x0e\x186q$\xa5\x89\xafIx+\x0d\xf3!\x0f\
v\xf5\x12\x11_\xbfyj\xf2\x88/\xc8,6*\xd2\
\x14'\x08\x02\xdcn7<\x1e\x0f<\x1e\x0f:::\
`\xb3\xd9`\x22\xc15\xcb\xcb\xcba\xb1XX\xa2\x16\
0\xb9\xdf\x18\x15b\x06\x83\x01\x81@\x00\x7f\xff\xfb\xdf\
\xf1\xc9O~\x12%%%P\xa9T\xcc\xfae2\x99\
\xb0\x7f\xff~\xd6\x5c\x15\x0c\x06\xb1y\xf3f\x94\x97\x97\
\xc3f\xb3\xc1\xef\xf7C\xab\xd5\xc2\xe9t\x22\x1c\x0e#\
\x99L\xa2\xad\xad\x0d]]]\xcc\xb9\x1b\xc4\x119\x16\
\x8bAM\xc2eP\xa8p\xa1B\x86Z\xcf\x94\xa2K\
.t\x94\x9f\xf4\xfc\xc8\xcb\xcb\x91\xcf\xa7\xdf\xe5\x82J\
>-\xff\x94\x8b\x10z\xee\x13d s*V\x8cF\
#k6T\x93\xb0 \x0e\x87\x03\xd5\xd5\xd5\xecX\xe9\
92\x99LH\x91!\xacR\xa9\x14\xe6\xcc\x99\x83\x97\
_~\x99\x05a\xfd\xcaW\xbe\x82\xcf}\xees\x08\x87\
\xc3i\xdb\xa1\xa2\x8b\xfa\xdaQ+\x17\xf5/\x8bF\xa3\
\x08\x04\x02\xe8\xe8\xe8\xc0\xf1\xe3\xc7\xd1\xda\xda\x0aA\x10\
\xa0\xd3\xe90e\xca\x14\xb8\x5c.\xa4dM\xa8J\xe1\
E\x8f\x95~*\xc5\xd7\xf6\x1d\xbbQ<\xd9|\xbe2\
\xdfJ\x03\xe2\x93w|\x02o\xbd\xf9\x06\x00`\xe3\xe6\
\xadX\xbat\x19\x9b\x97\x83\xd5s8\x13\x12!\x18\x8a\
\x0e\x9b\xb8\xe3\x0c\x0ei\x92\x8a/9T\x1cP+\x8e\
(\x8a\x88\x92\x88\xe5n\xb7\x9b\xf5\xaa\x0b\x04\x02\xb0\xd9\
l(,,d\x82\xccf\xb3\xa5Y\xc1t:\x1d\xf4\
z=v\xef\xde\x0dQ\x14q\xed\xb5\xdd\x83\x03S!\
A\x93^\xaf\x87\x9e\xc4\x19\x8bF\xa3\xf0\xfb\xfdL\x00\
\xec\xd8\xb1\x03\xc9d\x12\x16\x8b\x05\x1d\x1d\x1d8u\xea\
\x14\xeb\x85\x97\x9f\x9f\x8f\xd9\xb3g\xc3\xe3\xf1 \x18\x0c\
B\xaf\xd7#//\x0f\xcd\xcd\xcd\xcc\x9a\x93J\xa5\xd0\
\xdc\xdc\x0c\xaf\xd7\x0b\x9f\xcf\x87p8\xcc\xac9J\x81\
\x94\x09\xa5\xe0RN#\x83\xd0\xa2H\xb2&K9T\
\x94\xaa\xd5j\x16\x0e\x84Z\x19[ZZ\xa0Q4\xe3\
R\xdf\xaax<\x0e\x9f\xcf\x07\x9f\xcf\x87\x92\x92\x12\x94\
\x97\x973\x0b\x95\xd5j\xc5\xf2\xe5\xcba\xb1X\xa0!\
\xb1\xd4\xecv;jkkq\xd7]w!L\xc6\xe3\
\xfc\xc1\x0f~\x80+\xae\xb8\x22\xadI1\x93\xa5\x8b:\
\xd2766\x22\x10\x08`\xef\xde\xbd\x88F\xa3\xb0X\
,(((@II\x09td\x0c\xd1\xdeDW\x7f\
\xc5\x17\xb7|\x0d\x9c\x0d\xeb\xd7\xe3\x86\x1b>\x0a\x00\xb8\
\xeb\xd3w\xe3\x99g\xfe\xa0,\xc2\x19\x01z\xbe\x11&\
&\x99\xdfr\xe3\x0f.\xbe\x94\xf4r\x07\xf72+\x07\
|\xb8\xf6n\xf1\xa5\xc3SO>\x85\xd7_\x7fmR\
\x8a/%r\xe1@\x05Y*\x95B0\x18D8\x1c\
Fss3\x1a\x1a\x1a \x08\x02\xacV+\xaa\xab\xab\
1k\xd6,\xd6,\xa8\xd1hp\xe0\xc0\x01,X\xb0\
\x00\xf9\xf9\xf9\xacYRn-\xa3\x22\x8c\x8a\x0ej\x05\
\xa2M\x96\xf2&\xbc\x96\x96\x16x\xbd^D\x22\x11$\
\x12\x098\x1c\x0e<\xfd\xf4\xd3hjjB\x92\xc4:\
\xd3\xeb\xf5\xb0\xd9l\xb8\xe4\x92K\xb0c\xc7\x0e\xb8\x5c\
.\xe4\xe7\xe7#//\x0f.\x97\x0b\x1a\x8d&\xad\xd9\
N \xbd\x06=\x1e\x0f\xba\xba\xba\xe0\xf5z\x99\x7f\x13\
\xb5\xfe\xc4\xc9\xd8\x86\x1a\x8d\x86\xf9|\xd1s\xa3\xd3\xe9\
`6\x9b\x99\xe8\xd1\x91\x1e\x98f\xb3\x19EEE\xd0\
\xe9t\x90\x88\x7fV\x8a\x8c\x9b\xa9!C=\xb9\xddn\
\xe4\xe5\xe5a\xdf\xbe}hmmE4\x1aE*\x95\
B,\x16C\x8a\xf8\xe1\x09\x82\x80\xeb\xae\xbb\x0e3g\
\xce\x84D\xfc\xc5\x8cF#*++\xa1\xd7\xeb\x99\x98\
\x89\x91\x00\xaat;\xf4\xfb\x86\x0d\x1b\xf0\xbd\xefu\xc7\
\x86R\xab\xd5x\xf4\xd1GQQQ\xc1\x84V\x8a4\
5\xc6\xc9\x90V]]]\xd8\xbd{7N\x9e<\x89\
`0\x88\xaa\xaa*\x94\x95\x95\xc1j\xb5\xc2b\xb10\
\xab\x99\xfc\xfeP\x8a-e\xe2\xe2\xab\x1fdy\xd1e\
\xc9\x06\x00|\xe4\xea\xab\xb0u\xeb\x16\x00\xc0\xe1#G\
QQQ\xa1,\xd2\x0b\xbd\xad\x99\xc3\x99\x98\x8cM\xf1\
\x95\xe5Y\xcc\x92=\x00\x86\xbe\x86\x91\x80\x8b\xaf\xde\xa1\
\x15\xad \xf3\xa3\xa2\x15j,\x16C}}=\xda\xda\
\xda\x10\x0a\x85\x00\x00\x15\x15\x15\xa8\xac\xac\xc4\x91#G\
\xf0\xd1\x8f~\x94Y\xb8\x94M\x93r?1\xb9\xbf\x18\
\x15`rQ&_\x96Z\xe6\xe4\x82\x83\xfaj\x89\xa2\
\x88\xa6\xa6&\xbc\xf6\xdakH&\x93\xac\xc9\x12\xc4_\
L\xaf\xd7\xc3\xef\xf7\xa3\xad\xad\x0d \x02J\xaf\xd7\xa3\
\xac\xac\x0c\xd7^{-^|\xf1E\xd8\xedvV^\
\xa5R\xb1\xa1\x94\xa8\xd5,\x10\x08\xb0s\x02\x00\xb3f\
\xcd\xc2\x8e\x1d;\x10\x8dF\x11\x0c\x06\x99E\x896\xd1\
\x05\x83A\x14\x14\x140\xe1\x01\x12Bb\xd1\xa2Eh\
oo\x87\xc3\xe1\xc0\xf9\xe7\x9f\x8f9s\xe60\xa1G\
\xcf\x89\x8e\x04C\x95\x88\x88\x13I\x94z\xa5\xd0\xa2\xe7\
\x80~\xa7\x16\xad\xd7^{\x0d\x7f\xfe\xf3\x9f\x01\x00\xc5\
\xc5\xc5x\xf8\xe1\x87\xa1\xd5j\x11\x8dF\xd1\xde\xde\x8e\
\xf6\xf6v$\x12\x09\x1c>|\x18^\xaf\x17f\xb3\x19\
\x15\x15\x15(++c\xd7 I\xc2U\xd0\xfd\xa0\x09\
C\x14_;v\xeeAII1\x92\xc9\x0f\xcf\xcb\xf8\
\xfc\x9d=\xf2\xef\xb9W^\xf9\x07V\xde}\x17\x00\xe0\
K\xff\xfde<\xf2\xc8\xcf\x94E8\x1c\x8e\x8c\xcc\xe2\
\xab\x97g\xb7\x97Y\x03$wk\x9ahH\x5c|\x0d\
\x09j\x9d\x92G\xdf7\x99L\xa8\xaf\xafg\xce\xfaf\
\xb3\x19eee,N\x18\x0d\xbe*o\x86\x94[\xc5\
\xe4\xf3\xa8\xe0\xca\xf4\x9d\x96\xa1yT \xaa\x89c<\
m.\x947\x1b&\x12\x09\x9c9s\x06\xf1x\x1c\xe1\
p\x18\xb1X\x0cZ\xad\x16\xd3\xa7O\xc7\x07\x1f|\x90\
&.)\x02\xe9\x0d\x08r\xbcr\x8a\x8a\x8a\xe0\xf1x\
\x98\xd8\xa2\xdb\xb7X,0\x90\xe1{\xca\xcb\xcb\xd9\xbe\
Q$E\xc8\x0c*T$\xe2\xf8\x9fI\x5c\xd1\xfcL\
\xdf\xa9\xe8\xa3bI$N\xf2\xabV\xad\xc2\xb6m\xdb\
\x00\x00S\xa6LAYY\x19$\x99\x88\xac\xae\xae\x86\
\xd5j\x85\xc9db\xfect\x9f\xe4\x9ft\x9fiR\
NgJ\x03\x17_\x9c\xfer\xce\xb2%8z\xb4\x06\
\x06\x83\x01\xa7\xcf\x9ce?\x1a8\x1cNO\x84P8\
\xd6S|qF\x15\x89\x8b\xaf\x9c\x22\x08\x02\xba\xba\xba\
\xb0y\xf3f\x5cw\xdduhhh\x80\xcf\xe7C2\
\x99\x84\xc7\xe3\x81^\xafg\x0e\xdb\x05\x05\x05(**\
B^^\x1e\xb3\xaa\xc9\xc5\x95<\xc9\xc5\x98\x5c\xb4Q\
AF?\xe9\xf2\xf2\xb2rqF\xb7A?\xe5\xdf\xe9\
\xfe\xd3\xcfL\xdf\xe5\xd0|*F(Jq\x22\xcfO\
\x91^\x94T\x8c\xf4&\xb0\xa8\x15K.\xb0h\x9e|\
\x1ed\x02.\x1e\x8f\xa3\xbe\xbe\x1e\xf5\xf5\xf5H$\x12\
8u\xea\x14N\x9c8\xc1z\x8dN\x992\x05W^\
y%\xacVk\xdaq\x892\xeb\x96\xfc\x18\xb8\xf8\x1a\
\x9b\xfc\xf1\x0f\xbf\xc7\x97\xbf\xfc%\x00\xc0\x0f\x7f\xf4\xbf\
x\xf8\xe1o(\x8b\x0c\x89\x9ew\xbb\x8c^gr8\
\xa3D\x16u%\x8du\xf1\x95\xf1y\xca\x989\xb1\x90\
$\x09\x06\xbd\x0eO>\xf5\x14^\xff\x17\x17_C\x85\
\x8a\xafM\x9b6\xe1\x96[n\x81\x8a\x04>\x15\x04\x01\
\x9d\x9d\x9d\xf0\xfb\xfd\xf0x<\xe8\xec\xec\x84\xdb\xed\x86\
F\xa3a=(\xa7M\x9b\x86y\xf3\xe6\xf5h\x9e\xcc\
$\xc2\xe4\x89\x8a/\xb9\x18\xcb$\xd0\x94\xdf\xe5I \
>`\xf43\x930\xa3\xc7\xa7\x14er\xb1\x01\x85(\
\x11\x15\xe1\x1chR\xe6\xcbE\x96\x5c\x8c)\xc5\x97|\
\x99X,\x86p8\x8c\x93'O\xe2\xec\xd9\xb3\xf0x\
<\x10E\x11\xad\xad\xad\xb0Z\xad\xcc\x0fO\xa3\xd1`\
\xed\xda\xb5\xf0\xf9|\x00\x80\x8b/\xbe\x18\x0b\x16,H\
;.\xb9\xa0\x92\x7f\x0e\x97\xf8\xda\xb9\x8b\x8b\xaf\xa1R\
1}\x1a\xda\xda\xda0e\xcaT\x9c<uZ9\x9b\
\xc3\xe1\x10\xb2\x8a\xaf\xac\x1a'\xeb\x0cN\xae\x90\xb8\xf8\
\xca)J\xf1\x95L&Y%O\xc5\x0fH\xf3\x1f\x15\
\x16]]]\xe8\xe8\xe8@4\x1a\xc5\xb4i\xd3p\xfa\
\xf4i\xc4\xe3q\xe8\xf5z\x14\x17\x17\xb3\x1e\x95&\x93\
\x09f\xb3\x19V\xab\x95\x05\x82U\x8a3\x9a\xa8\xc0R\
~\xca\x85U\xa6i\xf9\xa7<\xd1c\xcb\xf4)\x17\x18\
J\xc1AE\x96H\x9a\x01\xa9\x08\xa1\xf9T`\xc9S\
\x92\xf8\xb0\x05\x02\x01x<\x1e\x04\x02\x01D\x22\x11$\
\xc9\x80\xd9^\xaf\x176\x9b\x0d\xa7N\x9d\x82\x96\x8c\x83\
\xa9\xd7\xeb\xe1r\xb9PTT\x04\xad,(\xaeZ\xad\
F*\x95BSS\x13^~\xf9e&\x9c\xae\xbf\xfe\
zTTT\xa4\x09\xa9L\x9f\x5c|\x8d]\x1e}\xf4\
\x11\xfc\xef\x8f~\x08\x00x\xea\xa9\xdf\xe0\xb3\xf7}N\
Y\x84\xc3\xe1\x00\x10\xc2\x91\xcc\xe2k\xfc0\xbcjp\
x\xd7\x9e\x19I\x92\xa0\xd7k\xf1\xd4SO\xe1_\x5c\
|\x0d\x19\xb9\xf8\xba\xf5\xd6[\xd3\xc4\x17\x9dOE\x8b\
\x5c\xd4\xd0\x0a\x1dd\xb0p\xda\xebP\x10\x04\x16x\x95\
\x86^P\xa9T\xac\xc7\x9f\x8a8\xe4\x97\x97\x97#/\
/\x0f\x92$\xc1l63a\xa6%!\x1e\xf4\xa4\x07\
!\x15%4\xd1\xfd\xd1\x90\x1e\x90Tl\xd1|\xb9\xd0\
\xa2\xdf)\x82\xcc\x17L.2\xe8\xf7\x04\x09\xdf@E\
\x15\x0d\xe5@\x05\x96 \x08\x88D\x22\xe8\xe8\xe8@[\
[\x1b\xfc~?\xeb\xbd8u\xeaT\x9c={\x16\xb1\
X\x0c*\x95\x0af\xb3\x19.\x97\x8bu\x00P\xab\xd5\
0\x1a\x8d0\x1a\x8di\xfbK\xf7\x85~\xca\xcf\xeb\xb1\
c\xc7\xb0f\xcd\x1a\x80t6\xb8\xed\xb6\xdb\x90\x97\x97\
\xd7c\x19\xf9\xe7p\x89\xaf\x1d;\xf7`\xca\x14\xda\xdb\
q4\x9e\xfc\xb1\xc7@\xcfBWW\x17\xca\xcbK\x91\
H$0\x7f\xfe\x02\xec\xde\xbdWYd\xe8\x0ct\xa7\
8\x9c\xd1$\x8b\xc2\xca\xa1\xf8\x1a\xde'bx\xd7\xde\
\x07#\xbcq\x89\x8a\xaf'\xb9\xf8\xca\x05\xc2\x00\xc4W\
_\x9f\x14j\x8d\xa2\x16)\xba\x0e\x8f\xc7\x83\xe6\xe6f\
$I\xc8\x04\x901\xf0\x12$Hh\x9c\x8cOH#\
\xbd\xef\xdf\xbf\x1fN\xa7\x13\x06\x83\x01f\xb3\x19\x16\x8b\
\x05\x82 \xc0\xe1p\xb0\xa1z\x04\x99\x00\xa3\x96:5\
\x89EF\x8fC.,,\x16\x0b\xf3i\xa3\x22\x83\x0a\
\x8dH$\x02\x83\xc1\x80\xba\xba:f\xb9\x0a\x06\x83P\
\x91f\xd2\xa9S\xa72_,\xbd^\x0f\xbb\xdd\x0e\xab\
\xd5\x0a\xa7\xd3\x89\xc2\xc2BX\xadVv\xcf\xd1\xa6H\
\xbam\xc8\xce\x13\x15C\x94l\xd3\x92$a\xd7\xae]\
\xd8\xb1c\x07\x00\xa0\xa0\xa0\x00\xb7\xdez+4d<\
PeY\x0c\xa3\xf8\xda\xc9\xc4\x17\xb7|\xf5\x8b,\xef\
\xc5\xaf?\xfc5<\xf5\xd4\x93\x00\x80\xbf\xfe\xed\xef\xb8\
\xe5\x96[\x95E8\x9cI\x8f\x10\x89\xc4\xfb'\xbe\xb2\
<h\x9c\xdc#q\xf1\x95Sr)\xbe\xe4\x9f\xb4\xc2\
\x97\xe7\x092\xff,:\xad\xd5j\x91\x92\x8d}\x18%\
c\x12\x1a\x0c\x06\xb8\xdd\xee4\x11#\x91\x01\xc8m6\
\x1bk\xf6\x94\x14\xbd\x0d\xf5$T\x86\xdf\xefO;\x0e\
\xba\xcd\xd2\xd2R477\xb3a\x97\xa8E\x8d\x96\xcd\
\xcf\xcfG0\x18\x84 \x080\x90\x01\xcc\xe9:u$\
6\x18\x14\x82\x8en\x9bN+\x8f\x9b\xe6Q\xfa;M\
?\xd7\xae]\x8b\xa3G\x8f\x02\x00\xaa\xaa\xaap\xddu\
\xd7\xf5(C?\x87M|\xed\xe2\xe2+\x17\x9c:u\
\x0a\xf3\xe7\xcd\x01\x00\x5cr\xc9\xa5X\xf3\xeeZe\x11\
\x0eg\xd2#D\xa2\xfd\x14_\x9c^\xc9\xa56\x15%\
\x09\x06\xbd\x16Or\xf1\x95\x13\x84a\x12_\x14e\x9e\
\xa4\x18\xd3Q^\x8en\x97\xe6\xab\xd5\xea\xb4\xf2*\x12\
3\xac7Q\x91i\xdd\x14A\xd1\x84J\xb7)\xdf7\
\xf9:\x94\xe2\x84n/\x13B\x06\x91EQ\xe6\xf7w\
Z\x9e\xff\xca+\xaf\xa0\xb9\xb9\x19\x00\xb0t\xe9R\x5c\
p\xc1\x05\x19\xcbr\xf15\xf6\xb9\xef\xb3\xf7\xe2\xaf\x7f\
\xfd\x0b\x00\xe0?\xef\xac\xc1\xe5\x97]\xae,\xc2\xe1L\
j\xd2\x03\x04\x8dc\x84QN\xb9$\xd7\xeb\xe3\x8c,\
T\x00\xc9E\x92R\xec\xd0\xca\x9fZ\xb4\xe4\x8e\xee\xd9\
\xacL\xb4iP\xe9\xac\x9f\xa9\xf9\x13\xb2P\x0ft\xbd\
\xd4\xafK\xbe=\xba-\xf9v\xb2\xa5\xe1\xe6\xea\xab\xaf\
\x86\xd9l\x06\x00\xec\xdb\xb7\x0fG\x8e\x1cQ\x16\x19V\
\x94\xcft_i8Qnk\xbc\xa5\xcf\x7f\xfeAv\
,\xbf\x7f\xe6\x99\xb4c\xcb\x19\xca\x8d\xf2\xc4\xd3XH\
\xfdD\xa5\x5cn\xcc'!s\xeaYp\x9c'\xc8>\
9\x13\x92\xbe\x04\x8dR\xfc\xc8\xcbgZV^FY\
^N\xb6\xfc\xd1\xc6f\xb3\xe1\xea\xab\xaff\xd3\xef\xbf\
\xff>\x1a\x1b\x1b\xd3\xca\x0c+\xf2\xe7\xae\x1fI\xf9\x0e\
\xcaeRnk\xbc\xa5\xe5\xe7.\xc7u\xd7u\x8f\xf7\
\xf8\xaf\x7f\xbd\x86\x83\x87>\xe8Q&s\xcap2\xb2\
\xa5\x9e\x0b\xf3\xc4\xd3\xe8'\xe5}\x9a%\x0d\xcd\xf2\x95\
a\xbb\xc3\x9er\x86r\xc5c-\xd1}\xe4p&\x0f\
eee\xb8\xfc\xf2\x0f\x9b\xa8\xd6\xae]\x0b\xbf\xdf\x9f\
Vf\xf8\xe0\xcf[\xef(\xdfQ\xbd\xa7\xcf?\xf8\xa1\
\xf5\xeb\x99g~\xdfc~\xe6\xc4\xe1L\x0eTJ5\
6\xa0\xd4\xe3\xc1\x19\xdd4\xb0?\xe5\xd2c+\x01\x80\
\x81\x84\x22\xa0\xc8}[8\x9c\x89\xca\xbcy\xf3\xb0t\
\xe9R\x00@8\x1c\xc6\xbau\xeb\x94E\x86\x85\x0f\x9f\
4\xe5\xbb\x22\xf3_\xcf\xa76wil\xfe)\xf7\xb2\
\xf7t\xed5\xd7\xe2\xbc\xf3\xce\x07\x00<\xff\xdc\xb3h\
jl\xe8Q\x86'\x9e&k\x1a\x9a\xe5+\x03\xca\x0d\
\x8cd\x9ah\x98L\xa61\xdbD\xc4\xe1\x0c'\x17^\
x!\xaa\xaa\xaa\x00\x00---#&\xc00\x80w\
\x89\xf2\xfd\x93\xcb4Q\x90\xfb~=3\x18\xdf/\xe5\
\x89\xe1\x89\xa7\xf1\x90\xfaA\xce}\xbe\xc6\x15\xca\x9d\x1f\
K\x09@2\xd5\x1d\x83)\x1b\x5c\x98\xf5\x1fy\xefF\
\xce\xf8\xe0\xaa\xab\xaeBAA\x01\x00\xa0\xb6\xb6\x16{\
\xf6\xecQ\x16\xc9-\xfcq\xea?\xca\xf7U\x96t\xe7\
\xa7\xeeDuu5\x00\xe0\x99g\x9eF8\x12\xeeQ\
\xa6\xd7\xc4\xe1\x8cG\x94\xf7q\x86\xd4\xb3F\xcaPh\
\xc2\xa6q\x88@\xe2H\xf1\x10\x13\x03C\x1e\xb4s\xb2\
3^\xce\x83F\xa3\xc1UW]\x05\x9dN\x07\x00\xd8\
\xbd{7\x8e\x1f?\xae,\x96[\x94\xef\x08\x9e2\xa7\
\x01@}\xbf\x02\x81\x00\x9ey\xe6i\xe5l\x0egR\
\xa2\x1a\xcaC5\x9eP\x1e\xe6XOt\x9f3!\xf4\
\x12o\x89\xc3\x99H\xe4\xe5\xe5\xe1\xaa\xab\xaeb\xd3\xeb\
\xd6\xadC[[[Z\x19\xce\xf0\xa1|/\x0d&=\
\xf4\xe0Cp\xb9\x5c\x00\x80g\x9e~\xba\xc7|\x9ex\
\x9a\x8c\xa9\xa7\xe5k\x18Qn|$\x13\x87\xc3\x19\x9f\
L\x9f>\x1d\x17]t\x11\x9b^\xbf~=\x22\x91H\
Z\x99\x5c\xa0|g\xf0\x94\x1b\xd4j5\x1e$\xd6\xaf\
\xfa\xfaz\xfc\xe9O/(\x8b\xf4\x03\xe5\x9e\xf1\xc4\xd3\
XL\xfdg\x10>_\x83\xffS\xaeiX\x93\xb2g\
\xe6xJ\x10\xc8\xe5\xa1\x9f\x1c\xce\xe4f\xd1\xa2E\x98\
?\x7f>\x00\xc0\xef\xf7c\xfd\xfa\xf5\xca\x229@\xfe\
\xbcex\xa7\xf0\x94\x9e\x94\xef\xad^\xd2\xe7\x1f|\x88\
\xf9\xa8>\xf3\xcc3=\xe6\xf7\x9dzn\x9e'\x9e\xc6\
^R\xde\xb7\xd9\x93*\xc3\xd2}\xa4!\xa0\x5c\xd5p\
\xa6\xf1\xccx\xdf\x7f\x0eg\x18\xb8\xf8\xe2\x8b1m\xda\
4\x00@cc#6o\xde\xac,\x92#\xb2<\x80\
\xcaw\xccdO\x03\xa0\xb0\xb0\x90\xf9~\xed\xdb\xb7\x0f\
o\xbc\xf1\xba\xb2\x08\x873\xa9\xe8\xe9\xf35\x9c\x89\xc3\
\xe1p\x86\xc0\x95W^\x09\x87\xc3\x01\x00\xa8\xa9\xa9\xc1\
\xc1\x83\x07\x95E\x06\x0f}G)\xdf[\xfc\xfd\x95\x13\
\x1e|\xf0!\xf6\xfd\x99\xa7\xb9\xe3=gr3\xa2>\
_c\x19\xe5{v\xb4\x13\x87\xc3\xe9\x89\xc1`\xc0\xe5\
\x97_\xceB\x87\xec\xd8\xb1\x03uuu\xcab\x83\x82\
?w\xb9C\xf9>\x13\x00\xcc\x99=\x1b\xb7\xdf~\x07\
\x00\xe0\xbd\xf7\xde\xc3\xd6-[z\x94\xe1\x89\xa7\x89\x98\
21\x08\x9f\xaf\x89\x998\x1c\xce\xf8\xa0\xb0\xb00m\
\x08\xa2\xf7\xdf\x7f\x1f\x1e\x8f'\xad\xccPP\xbe\x1bx\
\x1ax\xca\xc6C\x0f}\x18t\xf5in\xfd\xe2L\x12\
\x94\xcf\x87\xc0-_\x1c\x0eg<2c\xc6\x0c,_\
\xbe\x1c\x00\x90H$\xf0\xfe\xfb\xef#\x91H(\x8bq\
\xc6\x18\x17^x\x11\x1b<\xfd\xe5\x97_BMM\x8d\
\xb2\x08\x873)\x98\xbc\xe2K)C\xc7Z\xa2\xfb\xc8\
\xe1p2\xb2t\xe9R\xcc\x9a5\x0b\x00\xe0\xf1x\xb0\
q\xe3Fe\x11\xceh\xa1|\x9f\xc9\xd2\x83\x0f}\xe8\
\xfb\xf5\xf43O\xf7\x98\xcf\xd3\x08'\xce\xa8\xd0\xb7\xf8\
R^\xa8\x89\x928\x1c\xce\xb8\xe7\xd2K/EII\
\x09\x00\xa0\xae\xae\x0e\xbbv\xedR\x16\xe9?\xf2\xf7\x82\
\xf2}\xc1\xd3\xc0R/\xdcp\xc3\x0dX\xb6l\x19@\
\x1c\xef[[[\x95E8#\x89\xf2\xda\xf14\x22\xa9\
\xef\xde\x8e\x13\x1c\xe5\xe1*c\x93\xe5\xfeO\xb9\xbd\xcc\
\x89\xee\x1b\x87\xc3\xe9\x9d\xcb.\xbb\x0cf\xb3\x19\x00p\
\xe8\xd0!\x1c;vLYd`\xf0\x07/g(\xdf\
k4=$\xb3~\x8dv\xd4\xfb3\xa7O\xa3\xac\xb4\
\x14\xb3f\xceD{[\x1b\xcb\xff\xfe\xf7\xbe\x07\xadF\
\x83_\xfc\xfc\xe7=\xca.Z\xb8\x10\x9dn7\xde~\
\xeb-h5\x9a\x1ei\xf1\xa2E\xd8\xbci\x13[\x8e\
\x96\xbb\xf2\x8a+\x10\x0a\x06!\x00hjl\xc4\xe7\x1f\
x\x00&\xa3\x11Z\x8d\x06z\x9d\x0e\x97^r\x09\xb6\
l\xde\x0cH\x12\xee\xbd\xe7\x9e\x1e\xeb\x95'\xf9~\x0d\
&qF\x97\x1c;\xdc\x8f\xbf?\xe5\x11\x0c?\xca\xed\
eK\xb4,\x87\xc3\xe9\x0d\x8b\xc5\x82\xcb.\xbb\x8cM\
o\xdb\xb6\x0dMMMie\xfa\x03}\x1f\xf0\xbf\xdc\
\xfd\xf5|\xafu\xa7\x95+?\x83\xe9\xd3+\x00\xe2x\
\x1f\x8f'z\x94\x19\xa9TXX\x84\x993g\xe1\xec\
\xd9\xb38y\xf2$\x00\x01\xc1`\x08[\xb7n\x03\x00\
l\xde\xbc\x05\xd1h\x0c\x80\x803g\xea\xd0\xd6\xd6\x86\
\xd9\xb3g\xc3\xe1p\x92u\x00\xf9\xf9\xf9X\xb9r%\
>\xfd\xe9Oc\xca\x94)8r\xe4\x08>\xfd\xe9O\
\xe3\xcc\x99:\xd9\xb6\xba\xef2@@{{\x07>\xf6\
\xb1\x8f\xe1\xb9\xe7\x9e\x83\xd3\xe9\xc4G>r\x0d\x8a\x8b\
\x8b\xb1m\xdb6\xfc\xcf\xff|\x0d\x1d\x1dn\x5c|\xf1\
%\xb8\xef\xbe\xfbp\xdf}\xf7a\xfa\xf4\xe9\x00\x80\xa5\
K\x97\xb1\xbc\x85\x0b\x17\xf58\x96\x81$\xfe7\xba\x7f\
\x83\x08\xb2\xda[\xe2p8\x9c\x91\xa7\xa4\xa4\x04\x17_\
|1\x9b\xde\xb4i\x13\xfc~\x7fZ\x19\xce\xd8\x82Z\
\xbf<\x1e\xcf\xa8\xf6|\xb4X,X\xb8p\x01\x92\xc9\
$\x8e\x1c\xe9\xee\x00\xd0\xd0\xd0\x80\xc3\x87\x0f\x01\x00\xf6\
\xef\xdf\x87\xe6\xe6f\x00\xc0\xae]\xbb I\x12.\xb8\
\xe0Bh4\x1a\xb6\x8e\xb9s\xe7\xe1\x89'\x9e\xc4\x0b\
/\xfc\x09G\x8e\xd4\xe0\xa2\x8bV\xa0\xa9\xa9\x09\xb5\xb5\
\xb5\xac\x8c\x9c\xd3\xa7O\xe1\xc4\x89\x13\xb8\xe8\xa2\x15\xa8\
\xad=\x8e\x7f\xff\xfb\xdf8{\xb6\x01\xfb\xf7\xef\xc7\xaa\
U\x7fBaa!\xee\xbd\xf7^<\xf3\xcc\xef\xf1\xcc\
3\xbfg\xf7\xf6m\xb7\xdd\xc6\xf2\xae\xbd\xf6Z\xe5j\
9\xe3\x88\xbe}\xbe8\x1c\x0eg\x80\xd0\xa1dF\x92\
Y\xb3fa\xd1\xa2E\x00\x80h4\x8a\xcd\x9b7\xb3\
\x01\xe8Gc\x7f8\xbd\xf3\xd0C\x0f\xc1f\xb3\x01c\
 \xec\xc4\xa5\x97v[N7o\xde\x04I\x92\xb0\x7f\
\xff~D\x22\x11<\xf0\xc0\x03hmm\xc5\x91#G\
\x90L&\xb1\x7f\xff>h4\x1a\x9c{nwO\xdb\
L\xb4\xb6\xb6\xa2\xa5\xa5\x19\x85\x85\x85\xa8\xa8\xe8\xb6\xee\
)1\x99L\xd0\xeb\xf58r\xe406m\xda\x84h\
4\x0a\x00X\xb0`!\xe6\xcc\x99\xab,\xce\x99\x80p\
\xf1\xc5\xe1p&\x0c\xe7\x9cs\x0e\xab\xf0:::\xb0\
e\xcb\x16e\x11\xce\x18\xc1`00\xeb\xd7\xc9\x93'\
\xf0\x97\xbf\xfcYYd\xc4\x98={6\xf2\xf2\xf2p\
\xfc\xf8\x09x<\x1e\xac[\xf7\x1e***\xf0\xf1\x8f\
\xdf\x0c\xab\xd5\x8au\xeb\xdeCgg'\x0e\x1c8\x80\
\xa9S\xa7\xb2&S\xca\xa6M\x1b\xe1p\xd8\xa1\xd1\xa8\
1g\xcel\xe8t:\xbc\xf8\xe2K\xac7\xae\x92\xb9\
s\xe7\xe1\xf3\x9f\xff<\xbc^/n\xba\xe9FX,\
f\x14\x14\xe4\xe3\x81\x07\xeeGcc\xa3\xb28g\x02\
\xc2\xc5\x17\x87\xc3\x99P\x5cz\xe9\xa5\xc8\xcf\xcf\x07\x00\
\x9c>}\x1a\x07\x0e\x1cP\x16\xe1\x8c\x11\xe4C\x0e\x8d\
\xa6\xf5\xab\xb8\xb8\x18\x15\x15\x958~\xbc\x16\xfb\xf6\xed\
\xc3\xee\xdd\xbb\xb1h\xd1\x22,]\xba\x143g\xce\xc2\
\xf6\xed;p\xe0\xc0\x01\xb4\xb4\xb4`\xd9\xb2e(*\
*J[>??\x1fw\xddu\x17\xe6\xcd\x9b\x07\x00\
P\xab\xd5(//O+#G\xa3\xd1\xe0\xff\xfe\xef\
\x11\xd4\xd4\x1c\xc5\xf7\xbe\xf7=,_~.|>\x1f\
\x9e{\xee9\x9cs\xce2\xd4\xd4\x1cQ.\xc2\x99`\
\xf4\xdd\xdbq\x84R\x86A\xbf'u\x02\xc8\xb9\xe1p\
8\x03B\xa5R\xe1\x92K.\x81^\xaf\x07\x00\x1c<\
x\x10\xa7N\x9dR\x16\xeb\x09}\x1f\xc9\xbfO\xd2\xa4\
|\x1f\x0dW*-\x9d\x8a\xfb\xef\xbf\x1f\x00\xb0s\xe7\
N\xfc\xe7?\xff\xeeQf$R^\x9e\x13\x17\x5cp\
>\x02\x81\x00\xde|\xf3\x0d\x1c?~\x1c\x97\x5cr\x09\
\xf2\xf3]\xb8\xe0\x82\xf3q\xf4h\x0d^z\xe9ED\
\x22\x11,_\xbe\x1cZ\xad\x86-\x0b\x00s\xe7\xcd\xc3\
o~\xfb[\x1c\xf8\xe0\x03|\xe7;\xdf\xc1\x91#G\
\xb0j\xd5\x9f\xd2\xcf\xab\xe2\xbe\x12T\x02f\xce\x9a\x89\
\x1f\xfc\xf0\x87\xd8\xbec;:\xdcn\xac\xb8\xf8b\xb8\
\xddn\xacy\xf7\xdd\x9e\xcb*\x96\x1f\xf54R(\xb7\
;AR\xbf,_\x19\x96\xcby\xe2\xf4\x84\x9f\x17\x0e\
gp\xd8\xed\xf64\x07\xfc\xad[\xb7\xa2\xbd\xbd=\xad\
\x8c\x12\xf6>\x12z\xbe\x9f&[\x1aI\xe4a'~\
\xf7\xbb\xdf\xa5\xcd\x1bI\xce;\xef<\x80\xec\x83V\xab\
\xc5\x92%K\x00\x00W]u\x15\xc2\xe10V\xaf^\
\x0dA\x10X\x8c29\xf4\xbc\xa9\x04\x01\xd7]w\x1d\
t:\x1d^y\xe5\x15t\xba\xddi\xe7\x94~?[\
_\x8f\xa5K\x96`\xf5\xaaU\x80$A\x00`6\x99\
\xe0\xca\xcbK+7\x1a\xd7\xa3\xdf(wr\xb8\xd2\x04\
\xa5_\xa1&8\x1c\x0eg\xbcQZZ\x8as\xcf=\
\x97Mo\xdb\xb6\x0d\x91H$\xad\x0cg\xf4Y\xb0`\
\x01n\xbd\xf5V\x00\xc0\x7f\xfe\xf3\x1f\xec\xd8\xb1CY\
dD\x987o\x1e\xacV+\x00\xa0\xa2\xa2\x82\xf9\x0e\
\xce\x9b7\x0f\xc5\xc5\xc5\x00\x80)S\xa6d\xf5\xe3\xa2\
\xcc\x9d;\x17K\x96,\xc1\xd1\xa3G\xf1\xc1\x07\x1f(\
g\x03\xc4\x1a{\xf8\xf0a\xdc{\xef\xbd(((\xc0\
G?\xfaQ\xcc\x9a5\x0b\xaf\xbf\xfe:\x1c\x0eGZ\
\xe8\x149\xca\xbay<\xa5\x81\xa2\x5c~\xa2\xa5~Y\
\xbe8\x1c\x0eg<2g\xce\x1c\xcc\x993\x07\x00\x10\
\x0c\x06\xb1}\xfbve\x11\xce\x18@n\xfd\x1a-\xdf\
\xafi\xd3\xa61a\xb5h\xd1\x22\xb8\x5c.\x80\x0c\xe4\
.\xcf\xa7\xfe\x84\xd9\xb0\xdb\xed\xb8\xe6\x9ak I\x12\
\xfe\xf5\xaf\x7f\xb1\x1e\xb7rn\xb8\xe1\x06|\xf0\xc1\x07\
\xf8\xe8G?\x8a`0\x885k\xd6\xa0\xa1\xa1\x01\x17\
]t\x11\xdex\xe3\x0dfu\x9bH(\xc5G_i\
\xa2#\xa4R\xa9\x9ew\x06gT\x91$\x09*\x95\x0a\
\x7f\xfe\xf3\x9f\xf1\xdb\xdf\xfe\x16\xf9\xf9\xf9\xd0\xeb\xf5\xd0\
j\xb5\xd0j\xb5\xd8\xb6m\x1b\xecv;\x96-[\x86\
T*\xa5\x5c\x9c\xa3@\x10\x04\x84B!\xac]\xbb\x16\
\xb7\xddv\x1b\x92\xc9$T\xaa\x0f\x7fw\x08\x82\xc0B\
\x11\x0c\xf4\xb3\xaf\xbc\xfe~\x1fh\x1ez\xc9\x1fN2\
U$\xc8\x92/\xcfS\xce\xa7\xd3\x99\xca\xf4\xf5)\x8a\
b\xda24)\xa7\xe5i\xfd\xfa\xf5\xac\x17\xd9\x8c\x19\
3\xb0l\xd92\x88\xa2\xc8\x9e\x9fm\xdb\xb6a\xef\xde\
\xbd())I\xdb'\xce\xc8q\xd5UWa\xc3\x86\
\x0d\x00\x80\xa3G\x8fb\xe6\xcc\x99\xca\x22\x1c\xce\x84a\
\x92Z\xbe\x84QL\x1c\x0eg\xa4Y\xb1b\x05\xecv\
;\x00\xe0\xe4\xc9\x938z\xf4\xa8\xb2\x08\x17]\xa3\xcc\
X\xb0~q8#\xc5\x18\x11_J\x812\xdci4\
Q\xeeKo\x89\xc3\xe1\xe4\x02\x9dN\x87\x8b.\xba\x08\
j\xb5\x1a >7\x93;\x9e\x92\xf2]3\xfa\xe9\x96\
[n%C\xe6t\x8b\xaf\xceNO\x8f2\x03O\x1c\
\xce\xd8$\xc7\xc3\x0b\x0d6q8\x1c\xce\xf0\x92\x97\x97\
\x87\x0b.\xb8\x80M\xef\xda\xb5\x0b^\xafWVB\xfe\
.R\xbe\xa3&Z\x1a\x9bP\xebW\x22\x91\xc8Q\xcf\
G\xe5q\xf7'q8\xc3\xcf\x18\xb1|q8\x1c\xce\
\xf03m\xda46\x04Q*\x95\xc2\x9e={\x90H\
$\x14\xa5x\x05<Z|\xees\x9fCii)\x00\
\xe0\xe9\xa7\x7f7JM\xc1\x5c\x8cq\x86\x1f.\xbe\xc6\
0\xa3\xf3\xe2\xe1p&6s\xe7\xceEee%\x00\
\xc0\xef\xf7c\xcf\x9e=\xca\x22\x9cQ\x84Z\xbf\xda\xda\
\xda\xf0\xf4\xd3\xb9\xb0~\x0d\x15\xa5\x18S&\x0eg\xe0\
\x08\xa9\x94\x98\xbb\x1a~\x1c\xdc\x87\xe3`\x17!I\x12\
\x04\x95\x0a/\xbe\xf8\x22~\xf5\xf8\xe3(((\xe0\xbd\
\x1d\x87\x80\xc0{;\xe6\x8cl?\x082\xe5\xcb\xf3\x94\
\xf3\xe5\xbd\x13\xb3\xe5e\xfb\x1cLoG\xba\x9c(\x8a\
\x90$\x09\xa2(b\xc3\x86\x0d,\xf0\xaa\xd9lFm\
\xedqL\x99R\x82\x0c\x8726\x19\xf9\xcb?\x22\x04\
\x02\x01\x14\x16\x14 \x1e\x8f\xc3j\xb5\xe2\x8a+\xaeP\
\x16\xe1\x10^}\xf5Ue\x16g\xc4\x19\xdc\x83(\xa4\
\xc4\x1c\x8a\xaf\x1c0\xb8\xc3\x98XH$\xd4\xc4k\xaf\
\xbd\x86G\x1ey\x84\x8b\xaf!\x22p\xf1\x953\xa8\x90\
Q\x92)_\x9e\xa7\x9c/\x17K\xd9\xf2\xb2}\xe6J\
|\x85B!\xac_\xbf\x1e\xe1p\x18\x00\xf0\xe3\x1f\xff\
\x04\xdf\xf9\xce\xb7\xbb\xc5\xd7\xc8\x9f\xdaq\xc9p\x9d\xa6\
\x1bn\xb8\x01o\xbf\xfd\xb62\x9b#c\xf9\xf2\xe5\xa3\
\x16\x90vb2\x5cwsf\x04q\x8c\x89/\xce\x87\
\xe2\xeb\xd5W_\xc5\xa3\x8f>\xca\xc5\xd7\x10\x11\xb8\xf8\
\xca\x19T\xc8(\xc9\x94/\xcfS\xce\x97\x8b\xa5ly\
\xd9>s%\xbeDQD[[\x1b6m\xda\xc4\xd6\
\xf7\xf6\xdbo\xe3\xba\xeb\xaec\xd3\x9c\xd1\xe1\x89'\x9e\
\xc0O~\xf2\x13e6GFeUU\xff\xc5W\xcf\
\xc73G\x0cf\xc5\xc3\xf0\xde\x1a\x86U\x0e7\x5c|\
\x8dA$.\xber\x8a\xc0\xc5W\xce\xa0BFI\xa6\
|y\x9er\xbe\x5c,e\xcb\xcb\xf6\x99K\xf1\x95J\
\xa5P__\x8f\xbd{\xf7\x02\x00\x5c.\x17\xb6l\xd9\
\xd2\xe7\x102\x1c\x0e\x873\x14\xb8\xc3=\x87\xc3\x99\xd4\
\x94\x97\x97\xc3b\xb1\x00\x00:;;\xb1r\xe5J$\
\x93Ie1\x0e\x87\xc3\xc9\x19\x5c|q8\x9cI\x8f\
\xc5b\xc1\xcd7\xdf\x0c\x90\xf8_w\xdf}\xb7\xb2\x08\
\x87\xc3\xe1\xe4\x0c.\xbe8\x1cN\xce\x917'\x8e\x17\
\x9ex\xe2\x09\x9cw\xdey\x00\x80\x17_|\x11\xdf\xfd\
\xeew\x95E8\x1c\x0e''p\xf1\xc5\xe1p8\x00\
\xd4j5V\xaf^\x8d\x82\x82\x02\x00\xc0\xff\xfd\xdf\xff\
\xe1\x85\x17^P\x16\xe3p8\x9c!\xc3\xc5\x17\x87\xc3\
\xe1\x10\xaa\xab\xab\xb1j\xd5*6\xfd\xd9\xcf~\x16\x1b\
7nL+\xc3\xe1p8C\x85\x8b/\x0e\x87\xc3\x91\
q\xed\xb5\xd7\xe27\xbf\xf9\x0d\x9b^\xb9r\xe5$\x1f\
\x84\x9b\xc3\xe1\xe4\x1a.\xbe8\x1c\x0eG\xc1C\x0f=\
\x84\xaf|\xe5+\x00\x80\xb3g\xcfr\x07|\x0e\x87\x93\
S\xb8\xf8\xe2p8\x9c\x0c\xfc\xf2\x97\xbf\xc4M7\xdd\
\x04\x00x\xff\xfd\xf7q\xdf}\xf7)\x8bp8\x1c\xce\
\xa0\xe0\xe2\x8b\xc3\xe1Lx\xfa\xea}\x99-`\xed\xea\
\xd5\xab\xb1`\xc1\x02\x00\xc0\xf3\xcf?\x8fG\x1eyD\
Y\x84\xc3\xe1p\x06\x0c\x17_\x1c\xce$$\x9b\xd8\xe0\
\xa4c\xb5Z\xb1j\xd5*\x98L&\x00\xc0w\xbe\xf3\
\x1d\xbc\xf4\xd2K\xcab\x1c\x0e\x873 \xb8\xf8\xe2p\
8\x9c^X\xbcx1V\xaf^\xcd\xa6W\xae\x5c\x89\
={\xf6\xa4\x95\xe1p8\x9c\x81\xc0\xc5\x17\x873N\
\xe9\xab)\x8d\x93;n\xb9\xe5\x16\xfc\xecg?\x03\x00\
\xc4\xe3q\xdc}\xf7\xdd\xf0x<\xcab\x1c\x0e\x87\xd3\
/\xb8\xf8\xe2p8\x9c~\xf0\xf0\xc3\x0f\xe3\x81\x07\x1e\
\x00\x00\x1c;v\x0c+W\xaeT\x16\xe1p8\x9c~\
\xc1\xc5\xd78\x81[98\x9c\xd1\xe7\xe9\xa7\x9f\xc6\xd5\
W_\x0d\x00x\xfb\xed\xb7\xf1\xdf\xff\xfd\xdf\xca\x22\x1c\
\x0e\x87\xd3'\x5c|q8\x1c\xce\x00X\xb5j\x15*\
++\x01\x00O=\xf5\x14\x9ex\xe2\x09e\x11\x0e\x87\
\xc3\xe9\x15.\xbe\xc60\xbcG\x1a\x87\xd3\xcdX\xb2\xfc\
\x16\x17\x17\xa79\xe0\x7f\xe5+_\xc1[o\xbd\x95V\
\x86\xc3\xe1pz\x83\x8b/\x0e\x87\xc3\x19 \x17^x\
a\xda\x18\x90w\xdf}7jjj\xd2\xcap8\x1c\
N6\xb8\xf8\x1a\x83\x88\xa2\x08I\x92\xf0\xf4\xd3O#\
\x1a\x8d*gs8\x9c1\xc0\xa7?\xfdi\xfc\xe0\x07\
?\x00\x00x\xbd^\xac\x5c\xb9\x12\xb1XLY\x8c\xc3\
\xe1pz\xc0\xc5\xd7\x18\x8467\xce\x9c9\x13\xc9d\
R9\x9b\xc3\xe1\x8c\x11~\xf0\x83\x1f\xe0\xae\xbb\xee\x02\
\x00\xec\xdd\xbb\x97\x8f\x01\xc9\xe1p\xfa\x05\x17_c\x10\
\x95\xaa\xfb\xb2\xfc\xd7\x7f\xfd\x17|>\x1f\xfc~?@\
D\xd9X\xf2}\xe1p&\x0aCy\xaeV\xaf^\x8d\
\x0b/\xbc\x10\x00\xf0\x8f\x7f\xfc\x03\xdf\xfe\xf6\xb7\x95E\
8\x1c\x0e'\x0d.\xbe\xc6 \x92$A\x10\x04tv\
v\xc2b\xb1\xe0\xec\xd9\xb3\xf8\xe0\x83\x0f\xd0\xd1\xd1\x01\
\xb5Z\xcd\x1d\xf19\x9c1\xc6\xea\xd5\xabQ\x5c\x5c\x0c\
\x00x\xf4\xd1G\xf1\xec\xb3\xcf*\x8bp8\x1c\x0e\x83\
\x8b\xaf1\x8e\xc3\xe1\xc0\xdc\xb9sa4\x1a\xb1u\xeb\
V\xbc\xf1\xc6\x1b\xcc\x12&I\x12T*\x15T*\x15\
\x17d\x1c\xce\x10\xa1\x16\xe7\xc1PYY\x99\xe6\x80\x7f\
\xff\xfd\xf7c\xfd\xfa\xf5ie8\x1c\x0e\x872\xf8\xb7\
\x0dgD\xa0\x02k\xd6\xacY\xb8\xe6\x9akP^^\
\x0e\x8dF\x03\x8f\xc7\x83w\xdey\x07\x87\x0e\x1d\xc2\xc9\
\x93'\xe1\xf1x\x90L&\x99\xd5\x8cV$\x92$\x0d\
\xa9I\x85\xc3\x99,\x0c\xf59\xb9\xfa\xea\xab\xf1\xf4\xd3\
O\xb3\xe9\x95+W\xa2\xbe\xbe>\xad\x0c\x87\xc3\xe1\x80\
\x8b\xaf\xf1\x01\x15PF\xa3\x11\x0b\x16,\x80\xc5b\x81\
\xd3\xe9\xc4\x92%K`0\x18PWW\x87#G\x8e\
`\xdb\xb6m\xd8\xb6m\x1bN\x9f>\x8d\xce\xceN$\
\x93I\xe8\xf5zh\xb5\xda\xb4\xf5p8\x9cn\xa8\x1f\
\xa5F\xa3Q\xce\x1a\x14\x0f<\xf0\x00\xbe\xf6\xb5\xaf\x01\
\x00\x9a\x9a\x9a\xb8\x03>\x87\xc3\xc9\x08\x17_\xe3\x00\xda\
\xa4H\x85S*\x95\x82 \x08(**BUU\x15\
\xae\xbe\xfaj\x5cv\xd9eX\xbcx1\xecv;Z\
ZZ\xb0e\xcb\x16\xbc\xfb\xee\xbb\xd8\xbau+N\x9c\
8\x01I\x92`6\x9b\xa1\xd5j!I\x12\x0bg\xc1\
\xe1Lv\xc2\xe10t:\x1d\xf4z\xbdr\xd6\xa0\xf8\
\xf9\xcf\x7f\x8e[n\xb9\x05\x00\xb0y\xf3f\xdc{\xef\
\xbd\xca\x22\x1c\x0eg\x92\xc3\xc5\xd78\x86\xfejO$\
\x12\x88\xc7\xe3\xb0\xdb\xedX\xbat).\xbf\xfcr\x5c\
}\xf5\xd5X\xb2d\x09\xacV+\xce\x9c9\x83\x8d\x1b\
7\xe2\x9dw\xde\xc1\x9e={\xe0\xf3\xf9\x10\x89D\x10\
\x8f\xc7\xd3\xd6\xc5\xe1L&$IB*\x95\xc2\xb1c\
\xc7\xd0\xd6\xd6\x96\xd3\x1f#\xabV\xad\xc2\xe2\xc5\x8b\x01\
\x00\x7f\xfa\xd3\x9f\xf0\x93\x9f\xfcDY\x84\xc3\xe1Lb\
\xb8\xf8\x1a\xe7P\xff.\x95J\x05I\x92\x10\x8b\xc5\x10\
\x8dFa4\x1aQZZ\x8ay\xf3\xe6\xe1\x92K.\
\xc1\x05\x17\x5c\x80\xca\xcaJ\xa8\xd5j\x9c:u\x0a\xef\
\xbd\xf7\x1e\xb6l\xd9\x82C\x87\x0e\xa1\xa6\xa6\x06\x1e\x8f\
\x875K\xaa\xd5\xea4\xe7\xe3\x5cVJ\x1c\xceX\x80\
65\xb6\xb5\xb5!\x91H\xc0`0 \x91H(\x8b\
\x0d\x1a\xb3\xd9\x8cU\xabV\xc1j\xb5\x02\x00\xbe\xff\xfd\
\xef\xe3o\x7f\xfb\x9b\xb2\x18\x87\xc3\x99\xa4p\xf15\xc1\
\x10\x04\x81Y\xc4R\xa9\x14R\xa9\x144\x1a\x0d\xf4z\
=\xca\xca\xca\xb0p\xe1B,^\xbc\x18\x97_~9\
\x96,Y\x82x<\x8e\xe3\xc7\x8fc\xc7\x8e\x1dx\xfb\
\xed\xb7\xb1~\xfdzttt \x18\x0cB\x92$\xe8\
t:\xe63\xc6\x9b*9\x13\x01\x89tb\x11E\x11\
\xcd\xcd\xcd\xa8\xa8\xa8\x80\xc5b\xc9\xf9\xbd\xbd`\xc1\x82\
\xb41 W\xae\x5c\x89\x9d;w\xa6\x95\xe1p8\x93\
\x13.\xbe&\x11r\xcb\x96\xcdfC^^\x1e\xce;\
\xef<|\xe2\x13\x9f\xc0u\xd7]\x87\xea\xeaj\x18\x0c\
\x06\xec\xdc\xb9\x13\xaf\xbf\xfe:6l\xd8\x80#G\x8e\
\xe0\xcc\x993H$\x12\xd0j\xb5\xcc\xc2\x96\xeb\x8a\x8a\
\xc3\x19\x09\xe8\x8f\x93h4\x8a-[\xb6@\xa5R\xa1\
\xb0\xb0p\xd8\xee\xe7\x9bn\xba\x09\x8f=\xf6\x18@|\
5\xef\xbe\xfbnttt(\x8bq8\x9cI\x06\x17\
_c\x14I\x92\x10\x89D\x86\xadR\xa0$\x93I6\
\x1e\xdd\xdc\xb9sq\xd9e\x97\xe1\x9ak\xae\xc1\x15W\
\x5c\x81\xe9\xd3\xa7\xa3\xa5\xa5\x05G\x8f\x1e\xc5\x8e\x1d;\
\xb0y\xf3f\x1c>|\x18n\xb7\x1b~\xbf\x9f\x099\
\xee/\xc6\x19O\x04\x83A\xec\xdb\xb7\x0ff\xb3\x19\xf3\
\xe7\xcf\x1f\xf6\x91#\xbe\xfa\xd5\xaf\xe2\xa1\x87\x1e\x02\x00\
\x9c8q\x02+W\xaeT\x16\xe1p8\x93\x0c.\xbe\
\xc6 \xb4\x22\xd8\xb1c\xc7\x88\x8c\xedH\xc5S2\x99\
D<\x1e\x87 \x08(..FUU\x15.\xba\xe8\
\x22\x5c~\xf9\xe5X\xb0`\x01\xf2\xf2\xf2 \x8a\x22N\
\x9d:\x85\xcd\x9b7c\xfb\xf6\xed8p\xe0\x00ZZ\
ZXS\x0e\xb5,pA\xc6\x19k\xa8T*\x04\x83\
A\x9c:u\x0a\x0e\x87\x03\x0b\x17.\x84N\xa7\x03F\
\xa0\xc3\xc9o~\xf3\x1b\x5cs\xcd5\x00\x80w\xdey\
\x07_\xfc\xe2\x17\x95E8\x1c\xce$\x82\x8b\xaf1\x08\
\x15/w\xdey'\x82\xc1 \xab\x18\x86\xbb\xb9O.\
\x9c\xe8\xb6\x04A\x80Z\xad\x86\xddn\xc7\xfc\xf9\xf3q\
\xce9\xe7\xe0\xa2\x8b.\xc2G>\xf2\x11\xcc\x993\x07\
\x81@\x00[\xb6l\xc1\xab\xaf\xbe\x8a5k\xd6\xa0\xb9\
\xb9\x19\x89D\x02\x12qh\xa6\x96\xb1\xe1\xdew\x0e'\
\x1b\xd4B\xdb\xd1\xd1\x817\xdex\x03f\xb3\x19s\xe6\
\xccaM\xe8#\xc5\xea\xd5\xabQ]]\x0d\x00\xf8\xdd\
\xef~\x87_\xfd\xeaW\xca\x22\x1c\x0eg\x92\xc0\xc5\xd7\
\x18D\x10\x04\x88\xa2\x889s\xe6\xe0\x96[nAW\
W\x17\xc2\xe10\xd4juZ3\xdfH\x08\x1a\xf9\xf0\
E\x89D\x02\xd1h\x14\xa9T\x0a\x06\x83\x01\xf9\xf9\xf9\
\xb8\xe8\xa2\x8bp\xeb\xad\xb7\xe2\x9ak\xae\xc1\xd4\xa9S\
Q__\x8f\xf7\xdf\x7f\x1f\xeb\xd7\xaf\xc7\xe1\xc3\x87q\
\xe2\xc4\x09\xb8\xddn\x88\xa2\xc8\xd69\x92\xfb\xcf\x99\xdc\
\x08\x82\x80x<\x8e\xed\xdb\xb7c\xe7\xce\x9d\xb8\xe6\x9a\
k0s\xe6L6o$)((\xc0\xea\xd5\xab\xa1\
V\xab\x01\x00\xff\xf3?\xff\x83\xd7_\x7f]Y\x8c\xc3\
\xe1L\x02\x04Q\x14y\xed7F\x91\x88\xdf\xd7\x9f\xff\
\xfcg\xbc\xf6\xdak\xf0\xf9|\xd0\xeb\xf5\xa8\xad\xad\xc5\
\xf4\xe9\xd3\xb1x\xf1bD\xa3QV~\xa4+\x139\
\xf2m\x87\xc3a\x84B!D\x22\x11\xd4\xd7\xd73\xcb\
C2\x99DII\x09\x5c.\x17t:\x1d\xecv;\
\xebu&o^\xcd\xf5q\x08\x82\x80P(\x84\xb5k\
\xd7\xe2\xb6\xdbnC2\x99L\x0b\xa5A\xad}\xf4\xfb\
@>\xfb\xca\xeb\xef\xf7\x81\xe6Qz\x9b\xd7\x1b\xc2 \
\xfd\x9c\xb2-\xa3\xcc\xef\xef\xb4<_\x99'\xff\x94\x97\
\x93\x0by:O^V\x14E\xa8T*\xc4b1\xb4\
\xb6\xb6\xa2\xa1\xa1\x01z\xbd\x1e\xe5\xe5\xe5p8\x1cH\
&\x93\xac\xe7.\xbd\xefv\xec\xd8\x81={\xf6\xb0\xc1\
\xb1\x87\x93\xbf\xfd\xedo\xb8\xeb\xae\xbb\x00\x006\x9b\x0d\
\x9b7o\xc6\x82\x05\x0b\x94\xc58\x1c\xce\x04\x86\x8b\xaf\
1\x8e$I\x88\xc7\xe3\x08\x06\x83\xf8\xfb\xdf\xff\x8e\xdd\
\xbbwC\xa7\xd3\xe1\x95W^\xc1\x92%KPUU\
\x05\xbd^\xcf,R\x18B\x85\x9cK$\xd2d)\x08\
\x02\x1b\x8b\xb2\xae\xae\x0e\xa1P\x08uuu\xd0h4\
(--\x85\xd9lFII\x09\xa6N\x9d\xca\x8e\x95\
V\x9e\xb9B\xe0\xe2\xab\x07\xc2\x04\x14_\x12\xb9\xe7\xb4\
Z-\xea\xeb\xebq\xf0\xe0Ah4\x1a\x9cw\xdey\
\xd0\xeb\xf5\xec\xf9\x10EqT\xc5\x17\x00\xfc\xe4'?\
\xc1\xf7\xbf\xff}\x00\xc0\xe2\xc5\x8b\xb1e\xcb\x16\x98L\
&e1\x0e\x873A\xe1\xe2k\x1c@+\x0a\xb5Z\
\xcd\xc4\xc9\xdbo\xbf\x8d\xbf\xff\xfd\xef\xa8\xad\xad\x85N\
\xa7\x83\xc5bAaa!\xb4Z-\xb4Z-k\xda\
\xa0\x95\xb3\xb2\xf2\x1b)h\xa5\xa8R\xa9\xa0\xd7\xeb!\
\x8a\x22<\x1e\x0f\x22\x91\x08\x9a\x9a\x9aP__\xcf\xe6\
\x19\x0c\x06\xcc\x993\x076\x9b\x0dj\xb5\x9a\xc5\x17\x1b\
*\x02\x17_=\x10&\x90\xf8\xa2y\xa9T\x0a--\
-8x\xf0 \xe2\xf18f\xce\x9c\x89\x993gB\
\x221\xefh9I6\xbcV*\x95B<\x1e\xc7\xee\
\xdd\xbbq\xf0\xe0A\xe4\xe7\xe7\xb3u\x0f7\xf7\xdcs\
\x0fV\xadZ\x05\x00\xb8\xe5\x96[\xf0\xca+\xaf(\x8b\
p8\x9c\x09\x0a\x17_\xe3\x08Z\xe9\xd0\x8a\x936\xef\
\xb5\xb4\xb4`\xcd\x9a5\xe8\xec\xec\xc4\xde\xbd{\xd1\xd9\
\xd9\x09\x87\xc3\x01\xadV\x0b\xbb\xdd\x0e\xa3\xd1\x08\xbd^\
\xcf\x9a\xf8h\xc53\xd8\x8a{\xb0\xd0\x8a\x92\xfa\xad\x89\
\xa2\x88x<\x8eT*\x85\xd6\xd6Vttt\xc0\xef\
\xf7\xc3\xe7\xf3a\xea\xd4\xa9p\xb9\x5c\xd0\xeb\xf5p:\
\x9d\xd0\xeb\xf5\xcc\x81\x1f\xb2J\xb4?\xc7 p\xf1\xd5\
\x03a\x02\x88/\x95J\x85T*\x85h4\x8a\xb3g\
\xcf\x22\x18\x0c\xc2\xeb\xf5\xc2j\xb5\xa2\xaa\xaa\x0aV\xab\
\x95\xdd\xeft=\x99\xc4W{{;JJJ\xb0z\
\xf5j\xd6\xfbq\xa4\xb8\xf4\xd2K\xb1y\xf3f\x00\xc0\
\xc3\x0f?\x8c\x9f\xfd\xecg\xca\x22\x1c\x0eg\x02\x92\xbb\
\xb6\x1d\xce\xb0#w~\x17\x04\x01f\xb3\x19\x85\x85\x85\
X\xbcx1\xbe\xfe\xf5\xaf\xe3\xa7?\xfd)\x9e}\xf6\
Y<\xfb\xec\xb3x\xf8\xe1\x87\xa1\xd1h\xd0\xd8\xd8\x88\
#G\x8e`\xdf\xbe}\xa8\xab\xabC \x10\x80^\xaf\
\x87\xc9d\xea!\xc6\x86\x1b\xba\xdf\xd4J!\x8a\x22\x0c\
\x06\x03\xacV+,\x16\x0b\xe2\xf18\x0a\x0b\x0bq\xf3\
\xcd7\xe3\x8b_\xfc\x22\x16/^\x8c\xb6\xb66\xec\xd8\
\xb1\x03\xdb\xb7oGMM\x0dZ[[\xd1\xd5\xd5\x05\
\xb5Z\x0d\x83\xc1\x00\xb5Z=\xa2\xc7\xc0\x19=\xe8u\
\xd6\xe9tH\xa5R\xe8\xe8\xe8\xc0\xb6m\xdb\xb0f\xcd\
\x1a\x9c={\x16S\xa6L\xc1\xf9\xe7\x9f\x8f\xa5K\x97\
\xc2f\xb3\xb1\xfb\xa1/\x81\x1a\x0e\x87q\xe5\x95WB\
\xaf\xd7\x8f\xf8=\xb4j\xd5*L\x9d:\x15\x00\xf0\x8b\
_\xfc\x02\xbf\xff\xfd\xef\x95E\xc6<o\xbe\xf9&{\
7\xc9Suu5\xde}\xf7]eq\x00\xc0\x8f~\
\xf4#V\xeeG?\xfa\x91r6\x1a\x1b\x1bq\xff\xfd\
\xf7\xb3\x1f\x8d\x1a\x8d\x06\x17_|16m\xda\xc4\xae\
\xd1g>\xf3\x99\x1e\xdb\xa4\xe9\xcd7\xdfT\xae\x92\xc3\
\x19Sp\xcb\xd7\x04Cn\x15\xa0\x1c8p\x00\xcf?\
\xff<<\x1e\x0f\xf6\xec\xd9\x83X,\x06\x97\xcb\x85\xca\
\xcaJ\x14\x14\x14\xb0\xa6\x97\xfeVV\xb9@\x22\xa1(\
\xba\xba\xbap\xe8\xd0!\xcc\x981\x83\x0d\x81\xe4\xf1x\
\xb0{\xf7n\x84B!\xd6\xa4*\x8a\x22N\x9c8\x01\
\x93\xc9\x04\x83\xc1\x00\x00(--Eaa!\xca\xca\
\xca\x98\xa0K&\x93=,Q\x02\xb7|\xf5@\x18'\
\x96/\x9a\x00@\xab\xd5\x22\x99L\xa2\xbe\xbe\x1e{\xf7\
\xee\x85\xcf\xe7CYY\x19\xaa\xab\xabQUU\x85P\
(\xd4c9e\x92[\xbeR\xa9\x14\x12\x89\x04N\x9c\
8\x81\xdf\xfd\xeew\xb8\xf4\xd2K!\x8a\xe2\xa0\xcf\xe9\
`Y\xbf~=\xae\xba\xea*6\xfd\xee\xbb\xef\xa6M\
\x8fu\xde|\xf3M\xdct\xd3M\xc8\xcf\xcf\xc7\xf5\xd7\
_\x0f\x95J\x85\xad[\xb7\xa2\xb6\xb6\x16\x85\x85\x85\xd8\
\xb8q#f\xcd\x9a\xc5\xcawuu\xe1\x9ak\xae\xc1\
\xa1C\x87\x90J\xa5\xb0l\xd92\xbc\xf3\xce;\xb0\xdb\
\xed\x00\x80\xf6\xf6v\x5cy\xe5\x958r\xe4\x08\x0a\x0b\
\x0b\xb1d\xc9\x12\x1c:t\x08\xcd\xcd\xcdX\xb6l\x19\
\xde~\xfbm\x14\x16\x16\xe23\x9f\xf9\x0cV\xaf^\x8d\
e\xcb\x96a\xe9\xd2\xa5\xb2=\x02\x1e|\xf0A6\xb0\
9\x873\x16\xe1\xe2k\x82B+\x18\x10!F+\x9f\
\x83\x07\x0f\xe2\xd4\xa9Sp\xbb\xddx\xf3\xcd7\x11\x8b\
\xc5\x10\x08\x04`6\x9ba\xb3\xd9\xa0\xd7\xeba\xb1X\
\xd8:\x86\x0bA\x10\xd0\xd1\xd1\x81\x9a\x9a\x1a\xdcs\xcf\
=\x10\x04\x01\xef\xbc\xf3\x0e\xc2\xe10\x0a\x0b\x0ba\xb5\
Za4\x1a!\x8a\x22\x0bq\x11\x0c\x06\xd1\xda\xda\x0a\
\x8b\xc5\x82;\xef\xbc\x13G\x8e\x1c\xc1\xf1\xe3\xc7\x11\x0a\
\x85\xe0\xf1x\xe0r\xb9P\x5c\x5c\x0c\x95J\x05\xb3\xd9\
\x9cf\xc9\xe0\xe2+\x1da\x1c\x88/\x95J\x85h4\
\x0a\xbf\xdf\x8f\xce\xceN477C\x10\x04$\x93I\
\x94\x95\x95\xc1\xe9t\x22??\x9f\xdd#\xf4\x98zK\
r\xf1\xa5V\xabq\xec\xd81|\xf6\xb3\x9f\xc5=\xf7\
\xdc\x03\x9dN\x97v_\x8c$\xcf>\xfb,\xee\xbf\xff\
~\x00@qq1\xb6l\xd9\x82\xca\xcaJe\xb11\
\x09\x15_\x97^z)\xde|\xf3MX,\x16\x04\x83\
A\xdcp\xc3\x0d\xd8\xbcy3\xde{\xef=\x5cv\xd9\
e\xac\xfc{\xef\xbd\x87k\xae\xb9\x06\x0f<\xf0\x00\xbc\
^/^y\xe5\x15\xac_\xbf\x1e+V\xac\x00\x00l\
\xdf\xbe\x1d\x97_~9\xce=\xf7\x5c\xbc\xfd\xf6\xdbl\
pr\xda\x81b\xee\xdc\xb9\x00\xb1|\xad^\xbd\x1a\x8f\
<\xf2\x08\xbe\xf1\x8do\xb0\xf5s8\xe3\x81\xd1y\xd3\
p\x86\x1d\x81\x04G\xa5>R4o\xd1\xa2E\xf8\xf8\
\xc7?\x8e\xfb\xef\xbf\x1f\x7f\xfc\xe3\x1f\xf1\xf4\xd3O\xe3\
\xe1\x87\x1f\xc6\x15W\x5c\x81\x8a\x8a\x0a6\x94\xd0\xa1C\
\x87\xd0\xd9\xd9\x09I\x16hUE\x9a<\x95\x15\xe9`\
\x89D\x22\x98>}:.\xb9\xe4\x12\x94\x94\x94\xc0\xeb\
\xf5b\xce\x9c9\x98;w.\xa6O\x9f\x8e\xc2\xc2B\
\x14\x15\x15\xa1\xa4\xa4\x04\xa5\xa5\xa5(++c\xc1^\
\xab\xab\xabq\xdbm\xb7a\xe1\xc2\x85\xd0h4\x08\x85\
BhllDMM\x0d\xd6\xad[\x87\xad[\xb7b\
\xef\xde\xbd\xa8\xad\xadE\x22\x91`\xfbN\x13g\xf4\xa1\
\xf7\x91 \x08iMF\x92$\xa1\xb9\xb9\x19\xbbv\xed\
\xc2\xfa\xf5\xeb\xb1y\xf3ftvv\xa2\xa4\xa4\x04\x0b\
\x17.\xc4\x8a\x15+0c\xc6\x0c\xe4\xe5\xe5!\x91H\
 \x95J\x0d\xe8\x9aJ\x92\x04\xadV\x8b\xf6\xf6v\x14\
\x15\x15\xe1\xe6\x9bof\xe3\x96\x8e\x16\xf7\xddw\x1f\x13\
\x10\xad\xad\xad\xe3~\x08\xa2\x8e\x8e\x0e\xb8\xddn\xf6<\
S$Ib\xb1\xcdn\xbc\xf1F|\xecc\x1fC2\
\x99\xc4K/\xbd\xc4\xee\x07\x93\xc9\x04\xbd^\x8f\xc3\x87\
\x0fc\xe3\xc6\x8d,\x9c\xce\xc2\x85\x0b\xd3\xd6\xc5\xe1\x8c\
g\xb8\xe5k\x92\x22\x11gcZ\xf1\xd1\xe9\xce\xceN\
\x84\xc3al\xd8\xb0\x01\x8f?\xfe8\xbc^/t:\
\x1d*++\xe1r\xb9`\xb5Z\x99\xcfM2\x99d\
\xe2l0\x04\x02\x01l\xdd\xba\x15N\xa7\x13\xb7\xddv\
\x1bl6\x1b^x\xe1\x05H\x92\x04\x8b\xc5\x02\x83\xc1\
\x00\xadV\x8bp8\x0c\xaf\xd7\x8bx<\xce\x82\xba\xfe\
\xf5\xaf\x7f\xc5\xde\xbd{\x11\x8dF\xb1|\xf9rX\xad\
V\x1c9r\x04K\x97.\x85\xcf\xe7C2\x99\xc4\xde\
\xbd{\xd1\xd6\xd6\x06\x9dN\x87\xe9\xd3\xa7\xa3\xb9\xb9\x19\
\x1f\xfd\xe8G\xa1\x22\xbd+A\xac+\xd4\x97H.\xce\
\xe81\xf5\xf5\xd9W^\x7f\xbf\x0f4\x8f\xd2\xdb\xbc\xde\
\x10\x06)\xa2\xb3-\xa3\xcc\xcf4M\x13\x00h4\x1a\
v\xeec\xb1\x18\x92\xc9$\xda\xdb\xdb\xb1\x7f\xff~\xa8\
T*\xf8\xfd~\x94\x96\x96b\xce\x9c9\xec^\x90H\
h\x08\xf9\xba\x95\xeb\x95OgJ\xf4:777\xa3\
\xb3\xb3\x13o\xbf\xfd6\xa6L\x992\xe8\xf3\x98kn\
\xbf\xfdv\xfc\xe3\x1f\xff\x00\x00|\xfa\xd3\x9ff\xbd!\
\xc72\xd4\xf2\xa5D\xaf\xd7\xe3\xb5\xd7^\xc35\xd7\x5c\
\xc3\xceoSS\x13V\xacX\x01\xa3\xd1\x88\x0d\x1b6\
 \x14\x0aa\xc5\x8a\x15p8\x1c\xd8\xb0a\x03\x8a\x8a\
\x8a\x90L&\xf1\xdd\xef~\x17?\xff\xf9\xcf\xd9\xba\x9c\
N'n\xbd\xf5V|\xff\xfb\xdfGii) \xb3\
|)\x91[\xe08\x9c\xb1\x0a\x17_\x1cV1\x09D\
\x88\xc9\xf3\xc3\xe10\x9e\x7f\xfey\xec\xdf\xbf\x1f>\x9f\
\x0f555p\xb9\x5c0\x1a\x8d\xb0\xdb\xed0\x99L\
\xcc*\x86\x01\xf4B\x14\x04\x01g\xce\x9cAcc#\
*++\xd1\xd2\xd2\x82\xcb.\xbb\x0c\xef\xbd\xf7\x1e\xca\
\xcb\xcbQ\x5c\x5c\xcc\x9a\x1b\xecv;v\xef\xde\x8d\xaa\
\xaa*\xec\xdb\xb7\x0f\x0b\x17.\xc4\x9bo\xbe\x89\x0b.\
\xb8\x00\x85\x85\x85\xac\xd9i\xcf\x9e=8\xf7\xdcs\x91\
J\xa5\xd8\xfeH\x92\x04\x8f\xc7\x83\x13'N\xe0\xcc\x99\
3())A4\x1aE~~>\xaa\xaa\xaa\x10\x0c\
\x06\xe1t:\x99\x836\xed\x89I\xc5\x89\xfc\x93&\xba\
\xff\xf2c\xc9\x96\xd7\xdf\xef\x03\xcd\xa3\xf46\xaf7\xe8\
q\x0d\x94l\xcb\xd0\xfcL\xf3\xe9\xb6\xe8\xbd\x91J\xa5\
\xd0\xdc\xdc\x8c@ \x00\xbf\xdf\x8f\xa3G\x8fB\xaf\xd7\
\xb3\xe6\xe6\xaa\xaa*\xb8\x5c.\xb6<\x15\xc7\xf4:\xd0\
\xe6t\x0cB|\x09\x82\x80\xb3g\xcfB\xadV\xe3\xc7\
?\xfe1.\xb8\xe0\x02\x96?\x16\x88F\xa3X\xb1b\
\x05\xf6\xed\xdb\x07\x00\xf8\xc1\x0f~\x80\x1f\xfc\xe0\x07\xca\
bc\x0a\xa5\xcf\x97V\xab\xc5\xe9\xd3\xa7\xb1i\xd3&\
$\x12\x09\xfc\xe2\x17\xbf\xc0W\xbf\xfaU\x08\x82\x80\x17\
_|\x11w\xdey'>\xf3\x99\xcf\xe0\xb9\xe7\x9eC\
*\x95\xc2'?\xf9I\xfc\xf3\x9f\xff\xc4\xdf\xfe\xf67\
\xdcq\xc7\x1d\x00\xb9\x8e'N\x9c\xc0\xdf\xfe\xf67\xbc\
\xf3\xce;\xd8\xb3g\x0fDQD~~>6l\xd8\
\x80y\xf3\xe6e\xf5\xf9\x9a1c\x06\xfe\xdf\xff\xfb\x7f\
\xcc7\x94\xc3\x19\x8bp\xf1\xc5\xe9\x13Zq\xf9\xfd~\
\xec\xdc\xb9\x13\xa1P\x08\x87\x0e\x1d\xc2\xae]\xbb \x8a\
\x22\xf3\xc3\xb2\xd9l(((\x80\xc1`\x80H\xa2\xd6\
\xd3JQY\xb9\x09\x82\x80\xba\xba:\x9c={\x16\xe7\
\x9e{.4\x1a\x0dkBJ\x91\x98L a),\
\x16\x0b|>\x1f\x1c\x0e\x07DQ\x84\xddn\xc7\xbau\
\xeb0m\xda4L\x9b6\x0d\xc9d\x12\xa9T\x0a{\
\xf7\xee\xc5\xf2\xe5\xcbY3#E\xa5R!\x1c\x0ec\
\xed\xda\xb5\xb8\xf1\xc6\x1b\xd1\xd5\xd5\x85X,\x06\x008\
s\xe6\x0c$\x22\xbat:\x1d\x1c\x0e\x07\xccf3t\
:\x1d\x0c\x06\x03\xf3\x83\x83LX\xd2c\x92\xaf\x1f\xbd\
\x08\xab\xfe|\x1fh\x1e\xa5\xb7y\xbd1\x14\xf1%_\
N~}i\xd2h4\x88\xc7\xe3\xf0z\xbd,\xf8\xaf\
\xdf\xefG[[\x1b\xf3\xb5\x0a\x06\x83\xd0h4(+\
+\x83\xd9l\x86\xd9lN\x1b\xf1@\xbe\x1d\xe5\xe7`\
\xc5\x97(\x8a8x\xf0 \xaa\xaa\xaa\xf0\xbf\xff\xfb\xbf\
\x98;w\xee\xa865f\xa3\xa6\xa6\x06+V\xac\x80\
\xd7\xeb\x05\xc8\x98\x904\x22\xfeX$\x93\xcf\x17\x00l\
\xd8\xb0\x01\xd7\x5cs\x0d\xa6M\x9b\x86\xad[\xb7\xc2\xe5\
r1\xa1\x95\x89;\xee\xb8\x03\xabW\xaf\x86F\xa3Q\
\xce\x82\xcf\xe7\xc3\x8d7\xde\x88\xcd\x9b7\xe3\xb1\xc7\x1e\
\xc3W\xbf\xfaU\xee\xf3\xc5\x19\xd7p\xf1\xc5\xe9\x17\xb4\
r\xa3\x11\xc1\x93\xc9$\x02\x81\x00B\xa1\x10\xd6\xaf_\
\x8f\xe6\xe6f\x1c=z\x14\xeb\xd6\xad\x83\xd1hDI\
I\x09f\xcf\x9e\x0d\xa3\xd1\x88D\x22\x91\xd6\x0b\x11\x0a\
\xf1\xb5|\xf9r\xa8\xd5j\xe8\xf5z\x16$\x966K\
\xd1\x0a\x9d\xeeC2\x99\x84Z\xad\xc6;\xef\xbc\x83\xe9\
\xd3\xa7\xf7K|\x09\xb2\xde\x8e\xb7\xdezk\x9a\x8f\x10\
]?=\x96p8\x8c\xb3g\xcf\xa2\xad\xad\x0d\x1a\x8d\
\x06v\xbb\x1dV\xab\x15&\x93\x09yyy())\
\x81\xc5bI\xab \xa8\xd0\x94\xa3\xdc~_\xdf\x07\x9a\
G\xe9m^o\x08\xfd\x14_\xb4\x0c-/\x91\x80\xb9\
r\x1f)z~\xbd^/B\xa1\x10\xce\x9c9\x03\xaf\
\xd7\x8b\xd6\xd6V\x88\xa2\x88\xc2\xc2BL\x9d:\x15:\
\x9d\x0e\x85\x85\x85,\x8a\xbcR8)\xb7\x99\xeds \
\xe2\x8b\x96\x8dD\x22\x08\x06\x83\xb8\xf4\xd2Kq\xf3\xcd\
7\xa3\xaa\xaa*\xed\xde\x1ak\xbc\xf5\xd6[\xb8\xf1\xc6\
\x1b\xd9\xf4\x96-[p\xe1\x85\x17\xa6\x95\x19+\xf4%\
\xbe\xa6L\x99\x82\xed\xdb\xb7\xc3\xeb\xf5\xe2\xe2\x8b/F\
4\x1a\xc5\xad\xb7\xde\xca,S\xa1P\x08\xaf\xbc\xf2\x0a\
\xf2\xf2\xf2\xb0e\xcb\x16\xa8\xd5j\xdct\xd3M\xf8\xf2\
\x97\xbf\x8c\x95+WB \xe3\xca\xde~\xfb\xed\xf8\xd7\
\xbf\xfe\xc5\xc5\x17gB\xc0\xc5\x17gPP\x9f/y\
%\x1c\x8b\xc5p\xf0\xe0A\x04\x02\x01\xbc\xfc\xf2\xcbX\
\xb7n\x1dt:\x1dL&\x13\xa6O\x9f\x0e\x9dN\xc7\
\xca\xabT*\x9c9s&M|Q\x1f/\x8dF\xd3\
\xa7\xf8Z\xb3f\x0d\xca\xcb\xcb\x07,\xbehoGe\
\xa5K\xb7G\xe3\x86\x05\x02\x01\xc4\xe3q\xc4\xe3q\x04\
\x02\x01\x16_,\x91H`\xc1\x82\x058q\xe2\x04\xe2\
\xf18L&\x13JJJPUU\x05\x9dN\x07A\
\xd6\xd1\x81\x1e\xa7\xd2\xba\xa2\x14`r\xf1\xa1\xdc/\x9a\
\xa7,'\x9f'\xff\x84L\xa4\xf4\x86\xfc\x9c\xca\xa7)\
T\xb8\xd0\x04\x99\xf0nii\xc1\xf1\xe3\xc7\xe1\xf5z\
\xd99\x8b\xc7\xe30\x18\x0c(**\x02\x00\x94\x95\x95\
A\xa3\xd1@\xaf\xd7\xc3\xe1p\xc0d2!\x99L\x22\
\x91H \x91H\x00Y\xb6\xd9\x9f\xcf\xfe\x88/\xfa=\
\x99L\xc2\xe7\xf3\xe1\xd8\xb1c\xf8\xf6\xb7\xbf\x8d\xbb\xef\
\xbe\x1b\x89D\x02\x1a\x8d\xa6\xc7\xf6\xc7\x1aO<\xf1\x04\
\xbe\xf2\x95\xaf\x00\x00\xaa\xaa\xaa\xb0y\xf3\xe6\x11\x1b\xfe\
h \xf4\xd5\xecH-Z\xcf<\xf3\x0c\xbe\xf4\xa5/\
\xb1&Gz\xfe\x93\xc9$\xb3\x88=\xf9\xe4\x93\x986\
m\x1an\xb9\xe5\x16\x88\xa2\x08\xa7\xd3\x89s\xcf=\x17\
\xc7\x8e\x1dC}}=\x1c\x0e\x07\xd6\xad[\x87%K\
\x96dmv\x04\x80\x8f\x7f\xfc\xe3\xb8\xee\xba\xeb\xd2\xf2\
8\x9c\xb1\x04\x17_\x9c!C\x9b\x89\xd4j5$\xe2\
?\x13\x8b\xc5\x10\x0c\x06Q__\x8fW^y\x05\x89\
D\x02\xa7N\x9dBSS\x13\xccf3kz\xea\xec\
\xec\xc4\xb2e\xcb\xa0\xd1hF\x5c|)\x85\x8b\xfcS\
M|\xbfT\xb2\xce\x08\xa9T\x0a\x92$!\x1a\x8d\xa2\
\xbd\xbd\x1d\x9d\x9d\x9dH\x92\xb0\x15\x1a\x8d\x06\x91H\x04\
\xd1h\x14\x92$\xb1xd\xf2@\xb0\x82 \xb0H\xfd\
:\x9d\x0eF\xa3\x11F\xa3\x11\x06\x83\x81m;\x93P\
\x93[\x98\xa0\x10W\x99\x04\x84J\xd1t'\xc8|\xae\
@\x96\x8fD\x22\x90\xc8X\x9a~\xbf\x1f\x81@\x00*\
\x121\x9e\x1e3\x1dAA\x10\x04\xd8l6\xb4\xb7\xb7\
\xc3b\xb1@\xaf\xd7#AB;\x14\x16\x16\xa2\xa4\xa4\
$-\x18&\xbdvt{)\x12P\x97B\xf7\x87\xee\
\x0bE\x99\x97\xed3\x9b\xf8\xa2\xf3U*\x15\x12\x89\x04\
:::p\xea\xd4)\x5c~\xf9\xe5\xf8\xe4'?\x89\
\x0b/\xbc\x10\xa2(fl\xd6\x1a\xab\xfc\xf7\x7f\xff7\
\x9ez\xea)\x00\xc0\xd5W_\x8d5k\xd6(\x8b\x8c\
:\xd9\x1c\xee\xcdf3\xee\xbb\xef>\x16P\xf5\x86\x1b\
n\xc0\xa6M\x9b\xf0\xf6\xdbo\xe3\xdak\xafM+K\
}\xc1\xae\xb9\xe6\x1a\xbc\xfa\xea\xab8s\xe6\x0c\xbe\xf1\
\x8do\xe0\xddw\xdfe\xcf\xf3\x05\x17\x5c\x80G\x1f}\
\x14\x17]t\x11\xd0\x8b\xc3=\x00n\x0d\xe3\x8cy\xb8\
\xf8\xe2\xe4\x14Z\xd9+\xf3DQDKK\x0b\x1a\x1a\
\x1a\xe0\xf3\xf9\xf0\x97\xbf\xfc\x05\x07\x0f\x1eD,\x16\xc3\
\xd2\xa5KG]|\xc9\xbfg\xfb\x94\x97\xa3\xc8\xa7\xa9\
U'\x91H\xb0c\x96$\x09^\xaf\x17\x1e\x8f\x07\xe1\
p\x98\x09\x03Z\x86\x1e\xa7$Ii\xcb\xd3\xf3 \x91\
f>\x00\x982e\x0a\x9a\x9b\x9b\x11\x8b\xc5\x98\x00\x11\
\x04!M\xbc\x01\xc0\x85\x17^\x88={\xf6\xc0\xe7\xf3\
A\xadV3A\xa5\xd7\xeb\xd9\xf094\xcf`0\xc0\
\xe7\xf3!\x16\x8b!??\x1f\x92$a\xea\xd4\xa9(\
**b\xcd\xb3\xd4\x82%I\x12t:\x1d\x13/\xf2\
m*\x05Ro\xdf\xe5\xd3\x99\xca\xf4\xf5\x99I|\xa5\
R)v.\xe9H\x0eeee\xb8\xeb\xae\xbbp\xd9\
e\x97\x8d\xebA\xab\xaf\xbf\xfez\xfc\xfb\xdf\xff\x06\x00\
<\xf0\xc0\x03x\xfa\xe9\xa7\x95E8\x1c\xce8\x83\x8b\
/\xce\x88A\x9b\xb04\x1a\x0dDQ\xc4\xbau\xebp\
\xd7]w\xe1#\x1f\xf9\x08\x00\x8cy\xf1\x95\xe9S\x99\
G\x05\x02\xfd.(\x9a!\xe94\x88\x85\x86n;\x95\
J!\x10\x08 \x10\x080gt\xb5Z\x8dX,\x86\
D\x22\x81X,\x06\x83\xc1\x00\xb7\xdb\xcd,p\x02\xb1\
\x8a\xd9l6\xb6/\x00PQQ\x81\x96\x96\x16D\x22\
\x118\x1c\x0e\xc4\xe3q\x98\xcdf\x14\x14\x14\xc0n\xb7\
\xa7\x89\x19j\x91\x03i\xfe\x11\x88\x7f\x0dmb\x84\xe2\
X\xb3\xa1\x14W\xca<\xe5|\xa5\xa0\xca\x94\x97\xedS\
.\xbe\xe8=e\xb1X\xd0\xdc\xdc\x8c\xed\xdb\xb7\xa3\xb4\
\xb4\x14_\xfe\xf2\x97\xf1_\xff\xf5_\x10E\x91\x9d\xe7\
\xf1\x8a\xc7\xe3\xc1\x8a\x15+p\xec\xd81\x00\xc0\xcf\x7f\
\xfes|\xedk_S\x16\xe3p8\xe3\x08.\xbe8\
#\x8eD,\x15\xef\xbe\xfb.\xee\xbb\xef>\x5cy\xe5\
\x95\xc0\x04\x11_\xca<%\xf2cQ\x96Q\x11\xff)\
A!\xe2\xe8y\x90dV0\xf9\xb2JaC\xcf\x91\
 \x0b\xcb@\xcf\xb9\xb2\xac\x9c\xfe\xec\x7f\xb6\xe53\xe5\
g\x12V\xca\xe9Le\xfa\xf3I\xbfG\x22\x11tv\
v\xb2 \xac7\xdex#n\xb8\xe1\x068\x1c\x0eH\
\xe4|e;\x96\xf1\xc4\xee\xdd\xbb\xb1b\xc5\x0a$\x88\
\xbf\xdc+\xaf\xbc\x82[n\xb9EY\x8c\xc3\xe1\x8c\x13\
\xc6^?k\xce\x84\x87\x0a\x8a\x5cV\x8c\xca\xca},\
!\xc8\x9a,i\xa2\xc7/O\x90\xf5\x9c\xa4~RI\
\xe2\xa4\x1e\x8f\xc7\x99\x05L\x99h\xc7\x00\x9a$\xd2\x84\
\x19\x8f\xc7\x91\x22\x1d#h\x13\xa2r\x9b\xf2$\xdf\xbf\
\xb1\x04\xbd\xb6t?EQDGG\x07\xea\xea\xeaP\
YY\x89E\x8b\x16\xe1[\xdf\xfa\x16\x9ey\xe6\x19|\
\xeaS\x9f\x82\xc3\xe1\x00H\x98\x92\xb1v,\x83e\xf9\
\xf2\xe5i\xfeM+W\xae\xc4\x07\x1f|\x90V\x86\xc3\
\xe1\x8c\x1f\xb8\xf8\xe2\x8c\x1a\xf2\xcat\xb0H\xc4\x82D\
\xadfF\xa3\xb1\xcf\xb8\x5cc\x1d\xb9\x00R\x8a\xb6\xfe\
\xa4l\xeb\x18OH\xa4IT\xa5R\xc1d2A\xa3\
\xd1\xc0\xeb\xf5\xe2\x83\x0f>\xc0\xda\xb5k\xb1w\xef^\
<\xf0\xc0\x03\xf8\xe67\xbf\x89\x1f\xfe\xf0\x87\xf8\xd8\xc7\
>\x06\x97\xcb\xc5\x9aw\xa9\x98\x9dH\xdc~\xfb\xed\xf8\
\xe9O\x7f\x0a\x90\xf0\x0cw\xdf}7\x02\x81\x80\xb2\x18\
\x87\xc3\x19\x07L\xbc7\x14g\x5cA-.\x94\xde\x84\
\x12\x9d\xa7\x14\x1b^\xaf\x17\xc7\x8e\x1dC0\x18\xc4\xfe\
\xfd\xfbq\xf2\xe4I\xf8|>VVn\xd5\xe9m\xfd\
\x9c\xd1C~]\xe4\xd76\x14\x0a\xe1\xd8\xb1cx\xff\
\xfd\xf7\x11\x0a\x850w\xee\x5c\xbc\xf4\xd2K8}\xfa\
4>\xfe\xf1\x8f\xb3\x0e\x00\xf2\xeb<\x91\xf9\xd6\xb7\xbe\
\x85{\xef\xbd\x17\x00p\xe8\xd0\xa1q?\x06$\x873\
Y\xe1>_\x9cQA\x14Etvv\xe2\xab_\xfd\
*jkkQYY\x09\xbb\xdd\xcez\xee)\x9b\xc4\
\xe4\xfe>\xb1X\x0c\xeb\xd6\xad\x83(\x8a(((\x80\
\xc3\xe1\xc0\x0d7\xdc\x80\xe2\xe2b\xc4\xe3q\x1c=z\
\x14\xdb\xb6m\x83Z\xadFKK\x0bL&\x13t:\
\x1d\x0e\x1c8\x80\xdbo\xbf\x1d\x89D\x82Y\xc5\xe4\x15\
=d\xbeN\xfd\xfd\xec+\xaf\xbf\xdfs\x917\x12d\
\x13\xaf\x99\xf2\xe5y\xca\xf9\xd4\xda)\xc8\xaeu8\x1c\
FGG\x07\xfc~?\xfc~?,\x16\x0b\xae\xbe\xfa\
j\xcc\x9c9\x13\xa2(\xe2\x8a+\xae\x80\xc5baV\
\xad\xd1:\x07c\x81+\xae\xb8\x02\xef\xbf\xff>\x00\xe0\
\xab_\xfd*\x1e{\xec1e\x11\x0e\x873\x86\xe1\xe2\
\x8b3*P\xe1\xb3y\xf3f\xbc\xf9\xe6\x9bx\xfd\xf5\
\xd7QYY\x89\xf6\xf6v\x94\x95\x95\xc1\xe5r\xc1@\
\x06S\x8eF\xa3P\xab\xd5\x08\x87\xc3hnn\xc6\x85\
\x17^\x88u\xeb\xd6\xe1\x8e;\xee\xc0\xa2E\x8b0o\
\xde<8\x9dN\xb6\xeeT*\xc5\x06\xd7\xde\xb2e\x0b\
jkkQ[[\x0b\xbf\xdf\x8f\xc3\x87\x0f\xc3\xe1p\
\xa0\xa2\xa2\x22-\xd2\xba\x5c\x0c\x0c\xe4\xb3\xaf\xbc\xfe~\
\xef-\x0f\x19\xf2\x95\xd3#\x85RDQ2\xe5g\x13\
_\x02\xe9\xf1\xa9R\xa9\xe0\xf5zQWW\x87\x86\x86\
\x06x\xbd^\x9cw\xdey8\xf7\xdcsQVV\x86\
\xf3\xcf?\x1f\x05\x05\x050\x9b\xcd\x10\xc9\xb0D\xc28\
lB\x1d\x0e\x1a\x1a\x1a\xb0b\xc5\x0a444\x00\x00\
>\xfb\xd9\xcf\xf6\x88\x9d5\xd9Y\xb2d\x09*++\
\x95\xd9\x1c\xce\x98\x80\x8b/\xce\xa8\x13\x8f\xc7\xd1\xd4\xd4\
\x84`0\x88\x03\x07\x0e`\xd5\xaaU\xe8\xea\xeaB \
\x10@II\x09n\xbb\xed6\xfc\xfa\xd7\xbf\xc6c\x8f\
=\x06\xb3\xd9\x8ce\xcb\x96!\x12\x89\xa0\xb4\xb4\x14\x12\
\xe9\x01I\x9b\x9e\xa8\x90\xa2\xfeB4&U(\x14\x82\
$I8x\xf0 6l\xd8\x80\xe7\x9f\x7f\x9e\xcd/\
((\xc0\xf4\xe9\xd3\x01\x00z\xbd\x9e\x09\x03*\x10\xe9\
'\xfa\x10Z\x99\xf2\xfa\xfb\xbd\xb7<d\xc8WN\x8f\
\x14\x99D\x162\xe4\xcb\xcf\x1b\xbdF\xb4\x03@WW\
\x17jkk\x11\x89Dp\xd3M7a\xef\xde\xbd\xf8\
\xcew\xbe\x83\xe2\xe2bTVV\xc2h4\x02\xb2\xd0\
\x17\x93\xa19q0l\xdc\xb8\x11\x97_~\xb92\x9b\
C8y\xf2$\x17_\x9c1\x0b\x17_\x9cQE\x22\
\x0e\xf1r\x07\xe9h4\x9a&\xa0t:\x1d\x22\x91\x08\
\xccf3+G\x97\x13\xfa\xb0\x84\xc8-Z\xb4\x9c(\
\x8a\x88F\xa3\x88\xc7\xe3\xd8\xbbw/\xd6\xaf_\xcf\xc4\
\x81\xc7\xe3Acc#\x13`F\xa3\x11v\xbb\x9d\xc5\
\xea\xa2\xe2\x8c\x8a\x0a*:DY\xbc,\xe5\xf6\x94\xf9\
\x99\xbe\xf7\x96\x87\x0c\xf9\xca\xe9\xe1@)\xa8\xe4y\xb4\
\xa9P~Ni\x0fK\x89X+\xe3\xf18\xba\xba\xba\
\x90J\xa5\xd0\xd2\xd2\x82\xe2\xe2b\xcc\x9d;\x17\x00P\
RR\x82\x8f\x7f\xfc\xe3(//\x87$I\xac\x93\x04\
]\x17\x14\xe7\x90\x93\x99\x17^x\x01\xd1h\x14_\xf8\
\xc2\x17\x94\xb3&=\x5c|q\xc62\x5c|q\xc6\x04\
r\xebR\x7f\x18hyJ\xb6\xe5\x04A\x80\xcf\xe7C\
ss3ZZZ\x10\x8b\xc5\xb0\x7f\xff~l\xdc\xb8\
\x11*\x95\x0a\xc9d\x92\x0d\x1e=e\xca\x14\x18\x0c\x06\
h4\x1a\x98\xcdf8\x1c\x0e\x18\x8dFh\xb5ZH\
\xc4\xf2\x96\x22\xc3\x11Q!!\xdf\x8eR\x80)\xa73\
\xa1\xccWN\x0f\x84L\xa2\x8a\x22\x9fGE\xa6V\xab\
M\x0b\xdb@\xadW]]]\x08\x06\x83H&\x93h\
oo\x07\x00\xd8\xedvh\xb5Z$\x93I\xcc\x9a5\
\x0b\xf3\xe7\xcf\xc7\xacY\xb3 \x8a\x22\xca\xca\xcaPQ\
Q\xc1\xac\x91J\xb2]\x1bN\xefttt`\xef\xde\
\xbd\xca\xecI\xcf\xcc\x993\xb9\xf8\xe2\x8cY\xb8\xf8\xe2\
p\x08T8Q\xff\x22\xb9\xa3\x7f*\x95BMM\x0d\
\xfe\xf2\x97\xbf@\x14E\x84B!477\xa3\xbe\xbe\
\x1e\xc7\x8f\x1f\x87\xc3\xe1\x80\xc1`\x80N\xa7\x83\xcdf\
CYY\x19\x8a\x8a\x8a\x90\x97\x97\x07\x9dN\x97f!\
\x93dcE\x8a$\x96\x17\x9d\x9fM|(\x05Z\x7f\
\x84\x0a-G\xa1\xcbP\xab\x95\x8a\x04u\xa5\x9f\xc9d\
\x92ux\x88F\xa3\xf0x<\xec\xb8\xbb\xba\xba\x10\x8b\
\xc5\x90J\xa5\xd8\x18\x96\x8b\x17/\xc6\xcc\x993\xd9x\
\x95\xcb\x96-\xc3M7\xdd\x04\xbd^\xcfD%=V\
\x89X7\xd5$\xba?\x87\xc3\xe1Lf\xb8\xf8\xe2p\
\xb2@-X V \xb9\x18\x03\x19\xcb\xb1\xa5\xa5\x05\
\xa7N\x9dB<\x1eG2\x99D8\x1cFcc#\
6o\xde\x0c\x8f\xc7\x03\xbb\xdd\x8eH$\x02\xc8\xc4\x1d\
\xfd\x04\x00\xadV\x8b\xbc\xbc<X,\x964+\x19\x15\
V\xf2O\x9a4\x1a\x0d\xf3\x87R\x8a+9j\xb5\x1a\
\x1a2\xe07\xc8:\x12\x89\x04B\xa1\x10\xe2\xf18B\
\xa1\x10DQ\x84\xc1`\x80\xd3\xe9Dqq1\x8e\x1e\
=\x0aI\x16\xa45??\x1f\xe7\x9dw\x1e\xca\xca\xca\
`\xb5Z\xa1\xd5j!\x08\x02\x9cN'f\xcf\x9e\xcd\
\x22\xc9\xcb\xa1bK.\xf48\x1c\x0e\x87\xf3!\x5c|\
q8\xfd\x84\x8a&*\x88\xa8\x18\xa3\x89\x8a#Q\x14\
\xe1\xf7\xfb\x11\x8b\xc5\xd82\x22\xf1\x89\x0a\x04\x02\xf0\xf9\
|hllD[[\x1b\x22\x91\x08Td\x80\xeb\x04\
\x19l[n\x15\x93G\xac\x0f\x87\xc3\x90$\x09EE\
E8v\xec\x18L&\x13\xb32\x81\x88-:p6\
\x00\xe4\xe7\xe7\xa3\xa0\xa0\x00\x8d\x8d\x8d\xd0\xe9tl\x7f\
\xa9\xc8\x93$\x09N\xa7\x13\xd3\xa7O\xc7\xfc\xf9\xf3a\
4\x1a\x11\x08\x04\xa0\xd5j\x99?\x97V\xab\x85\xc3\xe1\
`\xe3q\xd2\xe5\xe4\x96-*\xbe\xe4\x02\x91\xc3\xe1p\
8\xd9\xe1\xe2\x8b\xc3\x19\x22r\xf1A\xa7i\x1e\x9d\x96\
\x0b\x13*\xd0\x94\xe5\xe4\xe5\xe9\xa7<\xd1e\xd4d\xc0\
m\xa5U\x89Z\x9a(\xd4Z'\x92\x8e\x0b\x99\xa0\x22\
K\xb9\xbft\x9f\xa1\xb0\xbe\xc9\xcbq\x91\xc5\xe1p8\
\x83\x83\x8b/\x0eg\x94\xc8$\xbc\x94\x0cU\xe0\x8c\xc4\
68\x1c\x0e\x8730\xb8\xf8\xe2p8\x1c\x0e\x87\xc3\
\x19A2\xb7Ep8\x1c\x0e\x87\xc3\xe1p\x86\x05.\
\xbe8\x1c\x0e\x87\xc3\xe1pF\x10.\xbe8\x1c\x0e\x87\
\xc3\xe1pF\x10.\xbe8\x1c\x0e\x87\xc3\xe1pF\x10\
.\xbe8\x1c\x0e\x87\xc3\xe1pF\x10.\xbe8\x1c\x0e\
\x87\xc3\xe1pF\x10.\xbe8\x1c\x0e\x87\xc3\xe1pF\
\x10.\xbe8\x1c\x0e\x87\xc3\xe1pF\x10.\xbe8\x1c\
\x0e\x87\xc3\xe1pF\x10.\xbe8\x1c\x0e\x87\xc3\xe1p\
F\x10.\xbe8\x1c\x0e\x87\xc3\xe1pF\x10.\xbe8\
\x1c\x0e\x87\xc3\xe1pF\x10.\xbe8\x1c\x0e\x87\xc3\xe1\
pF\x10.\xbe8\x1c\x0e\x87\xc3\xe1pF\x10.\xbe\
8\x1c\x0e\x87\xc3\xe1pF\x10.\xbe8\x1c\x0e\x87\xc3\
\xe1pF\x10.\xbe8\x1c\x0e\x87\xc3\xe1pF\x10.\
\xbe8\x1c\x0e\x87\xc3\xe1pF\x10.\xbe8\x1c\x0e\x87\
\xc3\xe1pF\x10.\xbe8\x1c\x0e\x87\xc3\xe1p\x86\x19\
I\x92X\x12DQ\x94\x94\x058\x1c\x0e\x87\xc3\xe1p\
8\x83G\x92\xb2\xcb+n\xf9\xe2p8\x1c\x0e\x87\xc3\
\xc9!\xbd\x09/p\xf1\xc5\xe1p8\x1c\x0e\x873t\
\xe4\xcd\x8a}\xc1\x9b\x1d9\x1c\x0e\x87\xc3\xe1p\xfaA\
\x7f\x84U\x7f\xe0\x96/\x0e\x87\xc3\xe1p8\x9c,\x0c\
\xc4\xa2\xd5_\xb8\xf8\xe2p8\x1c\x0e\x87\xc3\xc9@.\
\x05\x97\x1c.\xbe8\x1c\x0e\x87\xc3\xe1pd\xe4\xda\xd2\
\xa5\x84\xfb|q8\x1c\x0e\x87\xc3\x99\xb4\x0c\xa7\xc8\xca\
\x06\xb7|q8\x1c\x0e\x87\xc3\x99t\x0c\xb7u\xab7\
\xb8\xe5\x8b\xc3\xe1p8\x1c\xce\x84d\xb4\xc4U_p\
\xf1\xc5\xe1p8\x1c\x0eg\x5c3VEV6x\xb3\
#\x87\xc3\xe1p8\x9cq\xcbx\x13^\xe0\x96/\x0e\
\x87\xc3\xe1p8\xe3\x89\xf1(\xb6\x94p\xf1\xc5\xe1p\
8\x1c\x0egT\x99\x08\x82j p\xf1\xc5\xe1p8\
\x1c\x0eg\xd8abc\x92\x09\xadLp\xf1\xc5\xe1p\
8\x1c\x0e'\xa7p\xa1\xd5;\x5c|q8\x1c\x0e\x87\
\xc3\x194i\x22\x82\x8b\xad~\xc1\xc5\x17\x87\xc3\xe1p\
8\x93\x9c^\x85\x80\xc4\xfeqr\x04\x17_\x1c\x0e\x87\
\xc3\xe1\x8cq\x86TQg\x5c8c&g\x84\xe0\xe2\
\x8b\xc3\xe1p8\x9cab\xd8*\xd8~\xad\xb8_\x85\
8\xa3\x00\x17_\x1c\xce(\x90\x93\x87.'+\x99\xc0\
\x08\xca\x8c\xe1e\x8477n\x18\xd1\xdbtD7F\
\x19\x95\x8dr\xc6!\xf2;\x85\x8b/\x0e'\x87\x0c\xe9\
a\x1a\xd2\xc2\x9c\x11\x81+\xac\xdc3\x22\xf7\xfd\x88l\
\x84\xc3a\xf4u\xc7q\xf1\xc5\xe1\x0c\x80\x01?,\x03\
^`,\x92\xeb\x83\xe0\x0a\xa6\x07\xe3\xe5\x94\xe4\xfaV\
\x180\xa3\xbe\x03\x1cN\x0f\x06sWr\xf1\xc5\x99p\
\x0c\xf8\x86\x1e\xf0\x02\xb9dT7\xce\x19\xf3\x8c\xb4*\
\xe3\xf7#gr\x92\xf3;\xbf\x8f\x15r\xf1\xc5\x19\xb7\
\x0c\xe8\xc6\x1dP\xe1\x5c3\xaa\x1b\xe7p8\x9cI\xcf\
\xb0\xbe\x85\x07\xb1r.\xbe8\xa3\xce\x80n\xc0\x01\x15\
\xce5\xa3\xbaq\x0e\x87\xc3\xe1\x8c\xc4\x9bx\xd87\xc0\
\xc5\x17g\x18\x19\xf4\x8d5\xe8\x05\x87\xc2\xa8l\x94\xc3\
\xe1p8\x0a\x86\xfdm<\xec\x1b\xe8\x1b.\xbe&9\
\x03\xbe\xf8\x03^ \xd7\x8c\xfa\x0ep8\x1c\xce\xa4\x22\
\xe7o\xdd\x9c\xafp\xfc\xc1\xc5\xd7\x04f\xc0\x17v\xc0\
\x0b\xe4\x9aQ\xdf\x01\x0e\x87\xc3\x99\xd0\x0c\xdb[v\xd8\
V<1\xe1\xe2k\x1c\xd3\xef\x0b\xd7\xef\x82\xc3\xc9\x98\
\xd8\x09\x0e\x87\xc3\x19\xf7\x0c\xdb\xdbt\xd8V\xccIG\
\xe2\xe2+\xd7\x0c\xf8d\x0ex\x81\x91b\xcc\xee\x18\x87\
_\x9d\xac\x8ct`\x06\xce\xf8f\xcc>Gcv\xc7\
8\x1f2\xf8\x8b$\x01\x10R).\xbe\xc6/\xfc\xd2\
\x8d5\x86\xed\x8a\x0c\xdb\x8a'!\x5c\xa1M\x5c\xf8s\
\xc2\xe9\x93\xe1\xbdI\xfa\xbbv.\xbeF\x1d~\xfa\xc7\
\x039\xb9J9Y\x09g\xcc\xc3\xc5]v\xf83\xc0\
\x192c\xe7&\x1a\xca\x9e\x08\xa9Tj(\xcbs8\
c\x8e!\xdd\xd0CZ\x98\xc3\xe1L\x0c\xf8\x8b`2\
0\xecW\xb9\x97\x0dp\xf1\xc5\x19S\x0c\xf9f\x1c\xf2\
\x0aF\x83q\xb9\xd3\x9c!3\xdeMd\xfc\xbe\xe5\x8c\
,\xa3v\xc7\x0d\xc3\x86\xb9\xf8\xe2\x8c\x18\x83\xbe\xd1\x06\
\xbd\xe0H3nv\x94\xc3\xe1pF\x941\xf9v\x1c\
\xc5\x9d\xe2\xe2\x8b3d\x06u\x03\x0dj\xa1\xd1b\x5c\
\xed,\x87\xc3\xe1\x0c\x8aq\xff\xa6\x1bG\x07\xc0\xc5\xd7\
\x10\xc8U\xa3\x814\x84\x15IC\xb9zCYv\xc0\
G?\x98\x8d\x0df\x99\x9e\x0cdO\x07\xb4\xc5\x0c+\
\x1e\xd0\xf2\x94A-4\x0c\x0c\xd7~d8Oc\x92\
\x11\xda\xcf!mf\xb8\xaeQ6\x06\xb8\xb3#\xbd{\
9a,\xef\xf4X\xde\xb7\x09D\x7fo\xf3\xfe\x5c\x0e\
\xa9\xb7\xb5\x09`k\xe1q\xbe\x86@\xceN\x5c\xceV\
4\x92\x8c\x9f\x9d\x1e\x96=\x1d\x96\x95r8}\xd0\xcb\
{}X\xe0\xf79g\x12\x90\xbb\xdb\xbc\x8f5\xc9f\
\x0b).\xbe\xfa\xcf\x84:S\xe3\xf7`r\xbe\xe79\
_!\x87\xc3\xe1pF\x8b\xdc\xbd\xd2\x07\xb0\xa6\x01\x14\
Ew\xb3#\x17_\xc3\xc7\xe4>\xb5C>\xfa!\xaf\
\x80\xc3\xe1p8\xb9\x22\xfb+9\xfb\x9c1\xc3\x18\xdb\
E\xee\xf3\xc5\xe9\x95\x9c\xdd\x1c9[\xd1xd\xe8\x07\
?\xf45L\x1cF\xba\xe5m\xe8\x8c\xbf=\x1e^\xf8\
\xdd\xdc\x1b\xfc\xec\xc8\x98\xa0'C\x02\xf0\xff\x01\x9dn\
8\xd1\x8c\x8fCc\x00\x00\x00\x00IEND\xaeB\
`\x82\
\x00\x00\x1f\xbe\
\x89\
PNG\x0d\x0a\x1a\x0a\x00\x00\x00\x0dIHDR\x00\
\x00\x02\x00\x00\x00\x02\x00\x08\x03\x00\x00\x00\xc3\xa6$\xc8\
\x00\x00\x02\xfdPLTE\x00\x00\x00\x00\x00\x00\x00\x00\
\x00\x00\x00\x00\x00\x00\x00\x00\x00\x00\x00\x00\x00\x00\x00\x00\
\x00\x00\x00\x00\x00\x00\x00\x00\x00\x00\x00\x00\x00\x00\x00\x00\
\x00\x00\x00\x00\x00\x00\x00\x00\x00\x00\x00\x00\x00\x00\x00\x00\
\x00\x00\x00\x00\x00\x00\x00\x00\x00\x00\x00\x00\x00\x00\x00\x00\
\x00\x00\x00\x00\x00\x00\x00\x00\x00\x00\x00\x00\x00\x00\x00\x00\
\x00\x00\x00\x00\x00\x00\x00\x00\x00\x00\x00\x00\x00\x00\x00\x00\
\x00\x00\x00\x00\x00\x00\x00\x00\x00\x00\x00\x00\x00\x00\x00\x00\
\x00\x00\x00\x00\x00\x00\x00\x00\x00\x00\x00\x00\x00\x00\x00\x00\
\x00\x00\x00\x00\x00\x00\x00\x00\x00\x00\x00\x00\x00\x00\x00\x00\
\x00\x00\x00\x00\x00\x00\x00\x00\x00\x00\x00\x00\x00\x00\x00\x00\
\x00\x00\x00\x00\x00\x00\x00\x00\x00\x00\x00\x00\x00\x00\x00\x00\
\x00\x00\x00\x00\x00\x00\x00\x00\x00\x00\x00\x00\x00\x00\x00\x00\
\x00\x00\x00\x00\x00\x00\x00\x00\x00\x00\x00\x00\x00\x00\x00\x00\
\x00\x00\x00\x00\x00\x00\x00\x00\x00\x00\x00\x00\x00\x00\x00\x00\
\x00\x00\x00\x00\x00\x00\x00\x00\x00\x00\x00\x00\x00\x00\x00\x00\
\x00\x00\x00\x00\x00\x00\x00\x00\x00\x00\x00\x00\x00\x00\x00\x00\
\x00\x00\x00\x00\x00\x00\x00\x00\x00\x00\x00\x00\x00\x00\x00\x00\
\x00\x00\x00\x00\x00\x00\x00\x00\x00\x00\x00\x00\x00\x00\x00\x00\
\x00\x00\x00\x00\x00\x00\x00\x00\x00\x00\x00\x00\x00\x00\x00\x00\
\x00\x00\x00\x00\x00\x00\x00\x00\x00\x00\x00\x00\x00\x00\x00\x00\
\x00\x00\x00\x00\x00\x00\x00\x00\x00\x00\x00\x00\x00\x00\x00\x00\
\x00\x00\x00\x00\x00\x00\x00\x00\x00\x00\x00\x00\x00\x00\x00\x00\
\x00\x00\x00\x00\x00\x00\x00\x00\x00\x00\x00\x00\x00\x00\x00\x00\
\x00\x00\x00\x00\x00\x00\x00\x00\x00\x00\x00\x00\x00\x00\x00\x00\
\x00\x00\x00\x00\x00\x00\x00\x00\x00\x00\x00\x00\x00\x00\x00\x00\
\x00\x00\x00\x00\x00\x00\x00\x00\x00\x00\x00\x00\x00\x00\x00\x00\
\x00\x00\x00\x00\x00\x00\x00\x00\x00\x00\x00\x00\x00\x00\x00\x00\
\x00\x00\x00\x00\x00\x00\x00\x00\x00\x00\x00\x00\x00\x00\x00\x00\
\x00\x00\x00\x00\x00\x00\x00\x00\x00\x00\x00\x00\x00\x00\x00\x00\
\x00\x00\x00\x00\x00\x00\x00\x00\x00\x00\x00\x00\x00\x00\x00\x00\
\x00\x00\x00\x00\x00\x00\x00\x00\x00\x00\x00\x00\x00\x00\x00\x00\
\x00\x00\x00\x00\x00\x00\x00\x00\x00\x00\x00\x00\x00\x00\x00\x00\
\x00\x00\x00\x00\x00\x00\x00\x00\x00\x00\x00\x00\x00\x00\x00\x00\
\x00\x00\x00\x00\x00\x00\x00\x00\x00\x00\x00\x00\x00\x00\x00\x00\
\x00\x00\x00\x00\x00\x00\x00\x00\x00\x00\x00\x00\x00\x00\x00\x00\
\x00\x00\x00\x00\x00\x00\x00\x00\x00\x00\x00\x00\x00\x00\x00\x00\
\x00\x00\x00\x00\x00\x00\x00\x00\x00\x00\x00\x00\x00\x00\x00\x00\
\x00\x00\x00\x00\x00\x00\x00\x00\x00\x00\x00\x00\x00\x00\x00\x00\
\x00\x00\x00\x00\x00\x00\x00\x00\x00\x00\x00\x00\x00\x00\x00\x00\
\x00\x00\x00\x00\x00\x00\x00\x00\x00\x00\x00\x00\x00\x00\x00\x00\
\x00\x00\x00\x00\x00\x00\x00\x00\x00\x00\x00\x00\x00\x00\x00\x00\
\x00\x00\x00\x00\x00\x00\x00\x00\x00\x00\x00\x00\x00\x00\x00\x00\
\x00\x00\x00\x00\x00\x00\x00\x00\x00\x00\x00\x00\x00\x00\x00\x00\
\x00\x00\x00\x00\x00\x00\x00\x00\x00\x00\x00\x00\x00\x00\x00\x00\
\x00\x00\x00\x00\x00\x00\x00\x00\x00\x00\x00\x00\x00\x00\x00\x00\
\x00\x00\x00\x00\x00\x00\x00\x00\x00\x00\x00\x00\x00\x00\x00\x00\
\x00\x00\x00\x00\x00\x00\x00\x00\x00\x00\x00\x00\x00\x00\x00\x00\
\x00\x00\x00\x00\x00\xe6\x9f;\x1b\x00\x00\x00\xfetRN\
S\x00\x01\x02\x03\x04\x05\x06\x07\x08\x09\x0a\x0b\x0c\x0d\x0e\
\x0f\x10\x11\x12\x13\x14\x15\x16\x17\x18\x19\x1a\x1b\x1c\x1d\x1e\
\x1f !\x22#$%&'()*+,-.\
/0123456789:;<=>\
?@ABCDEFGHIJKLMN\
OPQRSTUVWXYZ[\x5c]^\
_`abcdefghijklmn\
opqrstuvwxyz{|}~\
\x7f\x80\x82\x83\x84\x85\x86\x87\x88\x89\x8a\x8b\x8c\x8d\x8e\x8f\
\x90\x91\x92\x93\x94\x95\x96\x97\x98\x99\x9a\x9b\x9c\x9d\x9e\x9f\
\xa0\xa1\xa2\xa3\xa4\xa5\xa6\xa7\xa8\xa9\xaa\xab\xac\xad\xae\xaf\
\xb0\xb1\xb2\xb3\xb4\xb5\xb6\xb7\xb8\xb9\xba\xbb\xbc\xbd\xbe\xbf\
\xc0\xc1\xc2\xc3\xc4\xc5\xc6\xc7\xc8\xc9\xca\xcb\xcc\xcd\xce\xcf\
\xd0\xd1\xd2\xd3\xd4\xd5\xd6\xd7\xd8\xd9\xda\xdb\xdc\xdd\xde\xdf\
\xe0\xe1\xe2\xe3\xe4\xe5\xe6\xe7\xe8\xe9\xea\xeb\xec\xed\xee\xef\
\xf0\xf1\xf2\xf3\xf4\xf5\xf6\xf7\xf8\xf9\xfa\xfb\xfc\xfd\xfe\x8c\
\xd1\xda\xe0\x00\x00\x1brIDATx\xda\xed\x9d\x87\
\x7f\x16U\xd6\xc7'\x09!\x09\x81\x10 \x09BB1\
\x08\x12\x0d\xe0\x8a\x08\x08&H\xa4\xb3\x94 -\x86\x0e\
\x22\xc5%\x8b+\xe0\x8b\xa1\xa9 \x1d\xb1\x10\x5c5\xa0\
\x14)\x82tP\x0c\xc1W\x8a\x08*\xc2\xa2\x80\xd2\x96\
nH#\x09y\x122\x9f\x15\xfd\xbc\xfb.\x8b\xc0\x9c\
;\xf7\xce\xdc;\xf3\xfb\xfe\x03\xcf\xef\x9c\xf3{f\xe6\
\xb6s5\x0d\x00\x00\x00\x00\x00\x00\x00\x00\x00\x00\x00\x00\
\x00\x00\x00\x00\x00\x00\x00\x00\x00\x00\x00\x00\x00\x00\x00\x00\
\x00\x00\x00\x00\x00\x00\x00\x00\x00\x00\x00\x00\x00\x00\x00\x00\
\x00\x00\x00\x00\x00\x00\x00\x00l\xc1?4\x222\xaaA\
\xa3\xe6-\xdbv\xee\xde\xbds\xdb\x96\xcd\x1b5\xa8\x1b\
\x19\x11\xea\x8f\xcc8\x98\x80\xa8V\xbdGN\x9a\xbfl\
\xdb\x81Sy\xfam\xc8;u`\xdb\xb2\xf9\x93F\xf6\
~2*\x00\x19s\x08~u\xda\x0c\x9d\xb6|\xcfE\
\x9d\xc8\x85=\xcb\xa6\x0em]\xc7\x0f\x19T\x96\xd2\x0d\
\x12\xa7o9S\xa2\x9b\xa2\xe4\xcc\xe6\xd7\x12\xeb\xfb\x22\
\x9bj\x11\xd1~\xdc\x92\xef=:7<\x07\x97\x8cm\
\x17\x8e\xbc\xaa\x80o\xe3\xd1\xab\xcf\xebB8\xb72\xa9\
Q)dXb*tx5=_\x17J^\xda\xcb\
\xed\x82\x91i\x09)\xdb\xf9\xed\xc3%\xba%\x94|\xff\
\xe6\x9f\x03\x91q\x99\x88~\xe1s\x8fn)\x85\x9f=\
\xff\x00\xf2.\x05A\xf1\xef\x9c\xd1m\xe1TJ\x97r\
\xc8\xbf\xbd\x84\x0dO+\xd2m\xc4\xb3\xfd\xd9PT\xc1\
.B\x86n/\xd6m\xa7\xf8\xd3\xc1\x15Q\x0b\x1b\xbe\
\xf8\x07m+\xd2%\xa1h\xf3\x00\x8c\x0c,% q\
\x93G\x97\x8a\xc2\x0d\x09XK\xb2\x8a\xfa\xf33u\x09\
\xc9\x98\x17\x8d\xdaX0\xde\x1f\xbcW\x97\x96]\x03\xca\
\xa0BBi\xb40G\x97\x9a\xec\xb7\x1fF\x95D\xe1\
7\xf8\x1b]\x01\x0e\x0c\xc4\x1a\xb2\x08*%_\xd0\x15\
\xe1\xfcx\x0c\x0cyS\xfb\xad<]!\xf2\xde\x88D\
\xcd8\xd2|\xcdu]1\xae\xafj\x82\xba\xf1\xc1+\
~\x8f\xae$_vF\xf18\xd0\xf9[]Y\xf6w\
@\xfdL\xd2n\x9f\xae4\xbb[\xa1\x86&h\xf9\xa5\
\xae<\xe91\xa8#\xeb\xa7_\x9a\xee\x08>\xc5\xe7 \
\x0b\xd1[t\xc7\xb0\x01\xbb\x87\xa8\x84\xbcU\xac;\x88\
\xa2\xd7+\xa0\xa6\x04|\x932u\x87\x911\xd2\x07u\
5J\xfb\x1ft\x07r\x08\x03\x02c\xd4\xdd\xac;\x94\
u\xb5Q\xdd\xbbRvN\x91\xeeX\x0a\xa7c\xbf\xc0\
]\xe8pZw4?\xb7F\x8d\xef@\xe82\xdd\xf1\
,\xae\x84:\xdf\x8e~\xbf\xe8.\xe0R\x02*\xfd\x87\
\xdc\xbbMw\x09\x1b\xab\xa3\xda\xb7\xe0\xf3|\x9e\xee\x1a\
r\xff\xe2\x8d\x8a\xdfL\xe4.\xddU\xec\xac\x81\x9a\xdf\
\xf4\xf6\xcf\xd1]FVoT\xfd\xdf\x04\x7f\xa4\xbb\x90\
\x0f\x83P\xf9\xdf\x89=\xad\xbb\x92\x13\xcdP\xfb\x1b\x0b\
?\xd3\xae\xeb.\xa5x2Z\x0eiu\xbe\xd6]\xcc\
n\xd7\xef\x1e\xef\x91ku\xce=\x17\x0e\xedX\x9d2\
}J\xf2\x98\xa4\xe1\x83\xfa\xf4\xec\xd9g\xd0\xf0\xa41\
\xc9S\xa6/\x5c\x9d~\xe8\x82\xe5\xeb\x10\xd9]\xdc=\
\xf8\x9feY\xa6\xaf\x1d\xdd\xba`\x5c\xcf&\x91\xe5\xef\
\xac\xa8|d\x93^\xe3R\xb6\x1e-\xb4JW\xc9\xab\
.\x9e\x12\x08K\xb3d+F\xda\xbcA\xcd\xc2\xbdh\
\xd2\xbc\xc2\x9b\x0f~}G\x86\x15\xfa\xb6\xb9vq\xa0\
\xb1\xe8\xe6N%\xff0\xdb\xe0\xf3\xd7\x96\xa3K\x8f\x88\
\xee>w\xb2\xa1;\xeb\xff\xac\xd0\xc7l~\xfa\xab\x1d\
8\x1d\xd1\xac\xd8q\xea\xce\x02\x91Z\x0b\x06\xb8\xb0\xfc\
\xfe\xef\x09\xfc\xb2Z\xf3|c\xce\xfd\x9dK7\xfd\xdb\
Z\x81\xb3\x95\x0bJ\xbb\xad\xfeU\x84\x9d\xf8\xf9vj\
\x8c\xa0\xd1\xb5o\x8b\xd7\xbe\x136\x1e\x0csW\xfd\xa3\
\xc5L\xfee\xad\x1cXU\xac\xf0\xf0A\xab\xb2\xc5l\
\x15\x8arS\xfd[\x89Hb\xe6\xfbm-\x99X\xf3\
m\x97\x9a%B~\x0b\xf7\xd4\x7f\x10\xff\xf9\x96\x9c\x0f\
:Z\xf8\x1a\xf5\xeb\xb4\x84\xff\x04Va\x1f\x97\x94\xdf\
\xeb\x15\xee\x93<\x1fu\xb5\xbcI_@\xb7\x95\xdcG\
1\x13]Q\x7f\xbf\xa5\x9c\xd3v8\xc9\xa6\x99\x94\x90\
\xd1G8\x87\x92\xea\x82\xbbi*\xee\xe4;\xdcO}\
\xcc\xceh\x1e_\xcc\xf7\x82\x8a\xed\xc1N\xaf\x7f\xd5\xc3\
<\xf3upxy\xbb\x03\x0a\x1ey\x88kD\x95\x9d\
]\xff\x1a\xc79&k\xab$\x87\xed\xda~\xc61\xa8\
\x1f#\x9c\x5c\xff\xda\xfc\x86\xff\x85\xa9\xf5\xe4\x89\xab\xc1\
\x07\xfczW\x9fp\xf0\x16\x81hn\xd7yeN\xab\
*Wh\x113\xb8Mm\x9cu\xec\x94PC^\x07\
\x7f2\xc6\x95\x95/\xba\xa0\xf1\x99\x9c\xc2\xbb\xf4\x903\
\xeb\xdf\x8c\xd3\x7f$k\x82\xa4\xdbi\x83'sZ.\
\xcatdS\xa1'\xf9\x9c\xfc\xc9}E\xe2f+\x95\
^\xe3\x14\xa4\x03\xa7\x85\xe3\xb8\xac\xa8\xe7\xcf\x94\xfc\x8e\
\xa6\xcas\xf8\xc4\xe98\x074\xbb\xca#/K\xab\xc9\
\x1fi\xcd\x15\x5c\x9e\x01\x0e{\x0b4\xe4\xf1\xfe\xdf\xa7\
\xc8A\x8a\x98ox|\x078\xeaK0\x9a\xc3\xf7\xff\
\xf9\xfe^\xaa\x84\xeb=\xe4\x22\x87\xb1@]\x07\xcd\xff\
\x98\xbf\xea\xe1\xdaT\xa5.\xe9\x0c\x9ai~f\xe8\xac\
cf\x84j\x98\x9f\xffKS\xae\xbfV\xdd/\xcc\xcf\
\x09:dV\xb8\xaa\xe9\xf9\xff\xcc!^\xea\x85\xed5\
\xcc\xf4w\xcf\x0f\x8e\xd8(X\xd1\xf4\xfa\xdf\xea*j\
F\x1e\xb1\xcel\xe4\xdf\x95W\xbf\xfe~f\xd7\xff\xcf\
\xc5\xab\x1b|\x0f\xb3\x1f?\x9f)\xbfC\xc4\xcb\xec\xfe\
\x9f\xf7\x82U\x0e\xbf\xc2b\xb3\xe1\xabn\x00\x93\xfb\xff\
2\xba\xa9\x9e\x80^&\x97\x88\x92\xd5\x0e\x7f\x90\xc9\x1d\
R\xe1\x9a\xf2TO7\x97\x83\xa7U\x0e\xbe\x95\xa9\xfd\
\xdf\x85c\x1cqr\xda{\xbc\xb9,(|\xe5L\xb4\
\xa9\x81\xd0\x11\xc7\xdc\xc2\xdb\xe8\x98\x99<\x5cQvJ\
\xb0\x8a\xa9\x09\xa0E\x0ej\xac\x1d\xb8\xc4\xd4\xa91E\
\xa7\x03\xfc\xcd\x9c\xff\xf4\x0c\xd7\x1c\xc5(3\xaf\x81]\
j\x9e\x1d6s\xfe\xfblS\xcda\xc4\x98\x99\x12x\
K\xc5\x88\x87\x9a\x08x\xa7\x03w\xc7W5\xd3\x0c\xb7\
\x9fz\xf166qrn\xae#\xdb\xe7\xf9\xbe\xc9\x9e\
\x91\x82?\xa9\x16m\x18{\xff\x1f\xe7\x9e\x92\x1d\xc0\xbe\
F|\xa2\xa2Z\xa1\xfa\xa4\xb1\x8fz\x1c|\xd5jK\
\xf6\xc6\x02[\xd5\x9a\x13\x99\xc9\x1c\xe8Ou5\x07\xf3\
\xe0I\xe6\xc4\xbc\xacR\x9c=\x98\xc3\xdc\x13\xaa9\x9a\
{\x98;\xe3\x96tR'\xca:\xcc\xed3V\x07h\
\x0e'\x90y\x93@\xb62[\xc4|\x99g\x80\xe6\xb8\
\xa0m\xaa\xf7|\xe6\xf9 U.\x9f\x9d\xea\xd2\xa5O\
\xa3La\xcd\xcf$5\xe2\x8be\xed\xff?Zs\x09\
c\x19\x13T\xac\xc4\xfch0\xe3\x12\xd0\xf5g4\xd7\
0\x82\xb1\xfd\xf0\xcf*\xec\x8dg\xbc\xff\xa78Qs\
\x11\xfd\x8b\xd9\xb2\xb4X\xfe\xd0\xfa1N\xff\xc5k\xae\
\xa2\x07\xe3\xa4`/\xd9\x03\x8bd;\x22_\xd8As\
\x19\x9d\xd8\x1c\x90)\xf9\xa5\xa3>lK^\xc5\xf1\x9a\
\xeb\xe8\xc1\xf6\xad\x9c.\xf7\x19\x99\xd1l\xdf\x7f\x89\x9a\
\x0b\x19\xc0\xf6%8B\xe6\x98\xeeek\x90\xf1\x8c\xe6\
JF2%+G\xe6\x13\x83[\x99B\xfa\xab\xe6R\
\xd8\xe6\x03\xd6\xc9\x1bP_\xa6\x80&h\xae\xe5e\xa6\
\x84\xf5\x945\x9c0\xa6K\xb6\xe6h.\xe6\x0d\x96\x8c\
]\x94us\xc82\xa6\xf5?o7\x1b\xc0\x87im\
\xf0}9\x83\xe9\xc0\xb4\xfe\x1f\xa0\xb9\x9a\xc0\xfd,Y\
\x8b\x931\x94\xb2,k\x00?\x85i.\xa7\xca)\x96\
\xb4\xc9\xf8\xb7\x99\xc3\xb2\xff\xef~\xcd\xf5D\xb3\xec\x13\
\x9c*_\x1cu\x19\x8e\xbe\x14\xc6\xa0\xfe\xbf\xb6\xd0d\
\x98\x14\xbe&\xdf\xee\xa0M\x0c>\xee\x83\xea\xdf\x80\xe5\
\x0c\xfd\xc7\xb2\x05\xd1\x8e!\x88y\xa8\xfd\xef,`H\
\xde\x13r\x85\xe0\xcbp}R\xba\xc5\xe7\x7f\x9a\xad2\
\x8c\xc5}ZK\xeff\xe8\x1f%\xd7\x06\xc1$\x86\xf3\
\x9fV\x9f\xff\xebe\x5c\xdbS\x16K\x0bg\xe8,\xfa\
\xacL\xf5\x0f\xa17\xc2)\xb4|\x7f\x9b\xc4\x06\xd0b\
\xe9\x9f\xd0\x97\x83%2\xc0[t\x03[\x7f\xfe_f\
\x03\xb0\xac\xa3\xcf\x96\xa7\xfe\xf5\xe8;\xdc\x16i0\xc0\
M,\xa7\xf7\xd0\x90g\x12e\x0b\xbd\xffO\x19\x18\xe0\
f\xca\xd1\x1b\xea\xae\x95\xa5\xfe\xcd\xe9\x1f\x00v\x1cw\
\x97\xdb\x00Z\x13\xfag@#I\x0c@?\x0a>F\
\x83\x01na\x029\x8d\x9b\xe5\xa8\x7fK\xb2\xf0\xed^\
0\xc0\xad\xf8\xd0\x1b\xcc?&\x85\x01\xbe\xa4\xca\xce\xb0\
gW\x9b\xec\x06\xd0j\x90\x97\x85\xb6\xcbP\xff\xb6d\
\xdf\xda\x93^\xf9\x0d\xa0=MNe\x0b\x09\x0c\xf0\x95\
*\xfbY\xe47\x80F\xee'\xf9\x85\xfd\xf5\xefD\xd5\
|.\x18\x06\xb8\x1d\x95.Q\xb3\xd9\xda\xee\xfa{}\
K\x95l\xdb! \x05\x0c\xa0%P\xb3\xb9\xd7n\x03\
\xc4\xab\xb3\x90\xad\x82\x01\xb4\x8d\xd4|\xda}\xa8r\x0f\
\xf5pc\x15\x18\xe0NT\xa3\xb6W\xda\xa1\xd8$\xe0\
\x10\x0d\x06\xb8#\xcfQ3\xfa\x88\xad\x06XCT\x9b\
\xe6\x05\x03\xdc\x19o\xea\xf9\xea\xe5v\xd6\xbf6\xf1\x88\
\xf35;\xef\x7fT\xc3\x00\xda\x03\xc45\x81\xe2\x1a6\
\x8a\xa5\xee\x03\x98\xa6\xc1\x00we\xae:g\xebB\xf2\
iR\xcf\x97\x85\x01\xeeN\xf0eZVs\x83m\x93\
\x9aL\xf4\xea\x00\x0d\x060\xc00bZ\xc7\xda%\xd4\
\x8f\xb8\x95q\x9f\x17\x0c`\x04\x9f\x83\xb4\xbc\xfe\xd3\xae\
\xebE\x07\xab\xb5x\xa9\x8c\x01\xc8\x0b\xec}m\xd2\xf9\
\x0dM\xe6R\x0d\x06\x103\xba\xb6i>\xf8\x11\x9a\xca\
\xfcj0\x80Qj\x11\xef\xdb\xa9o\x8b\xca\x854\x91\
35\x18\xc00\xc4\xeb\x85\xe6\xdb\xa1\xb1,m\xd6:\
7\x14\x060N\xd5\x02\xda\x0a\x8b\xbf\xfc\x9f\x80\xafh\
0\x00\x81\xd9\xb4\xec\xda\xd1hq/IaV\x05\x18\
\x80B\xd8U\xdaA[\xeb\x15\xd6\xa7Yt\xa2\x06\x03\
\x90 \xde\xbaa\xfd)!\xda\xc5'\x19A0\x00\x8d\
\x8a\xb4\x9b\xd7gX\xad/\x80v\x1ex\x9c\x06\x03\x10\
\x99DJ\xf0%\xabg\x03\x13i_\xa9ea\x00*\
\xc1\xb4QV7\x8b\xe5\xd1Z\x02M\xd3`\x002\xb4\
e\xe1\xd5\x16\xbf\xa1H\x9d\xad<Ua\x00:5H\
\x87\xee\xf3\xad}\xc8\xd2\x1a[-\xd2`\x00\x06h-\
\x03\x12,\xd5F\xeb\x0b_\x0f\x06`\xa1!)\xc9\x9f\
X)-\x84\xb4om\xab\x06\x030\xb1\x83\xb4\xdf\xb2\
\xbc\x85\xca\x9e!y\xb3\x15\x0c\xc0FGiw\x05l\
\xa7\x08;\xa8\xc1\x00lx\x91\xba/n\xb4NX\x18\
\xe9\xfbt8\x0c\xc0\x0a\xa9\xfd\xa2\xc7\xba\xe5\x96\xe1\x14\
]y\xe5a\x00V*]\xa3dz\xa0e\xba\xd2(\
\xb2R5\x18\x80\x99\xa5\x94L[\xd62(\x884\x06\
h\x06\x03\xb0\xf3\x04i\x1c`U\xef=\xd2\x91\xf0\xc3\
\x1a\x0c`\xe23\xf0\x18%\xd7\xed-R\xf5\x0eET\
\x12\x0c`\x06\xd2\xd5\x82Vm\x0d<Cy,U\x82\
\x01\xccP\x99\xb2\xe8r\xdc\x1aM\xd1\x14S~\xa4\xc1\
\x00\xa6 \x1d\x11\xb8\xcf\x12I/P$u\x85\x01,\
S\xad\xeb\xcfY\x22\xe9s\x82\xa2\x1c\x7f\x18\xc0\x1c\x81\
\x94\xfb\xb87Y\xa1\xa8,\xe5\xd4\xca\x07\x1a\x0c`\x92\
\x15\x94M\x01V\xfc\xdf:S\x9eI\x1da\x00\xb3t\
\xa3\xe4\xbb\x8d\x05\x82\xde\xa6\xec\x05,\x0d\x03\x98%\x80\
\xb27\xd0\x8an!\x87\x09z\xa4\xba\xe5XQ\x03\x90\
\xa6\x83\xf7\x8b\x97S\xa1\x84\xa0\xa7-\x0c`\xed;\xb7\
X\xfc\xce@\xca\x1d\xe1Y\xa5`\x00\xf3\xf8QN\x89\
\x89\xbfW\xfcU\x82\x9a\x95\x1a\x0c\xc0\x81u\x84\x94O\
\x10\xae&]\xca\x05jG\x1b\x80\xd24J\xf8\xfeK\
_Jg\xb8\xaa0\x00\x0fj\x12R\x9e\xed-XL\
c\x82\x98o5\x18\x80\x0b?\x10\x92\xde@\xb0\x16\xca\
\x0d\x97Sa\x00>\xcc\x91h\x07\xe6*\x82\x96\x18\x18\
\x80\x0f\xad\x09I_\x22X\xcbyU\x07\x81*\x1b\xc0\
\x8f\xb0 tR\xac\x94\x08\x82\x17\xd7h0\x00'6\
\x13\xd2.\xb6\x19W{\x82\x92\xe7a\x00^\x8c\x97f\
*h\x1cAI\x13\x18\x80\x17\xb1\xd2l\xc2$\x5cl\
\x97\xef\x0b\x03\xf0\x22\x80\xb03\xf0=\xa1J\xbe7.\
$]\x83\x01\xb8A\xb8\x9b\xebk\x91:J\x13\x9c\xf8\
*\x0c\xc0\x8fY\x84'\xaf\xc8\xb9\xc0\x06\x84wQ\x07\
\x18\x80\x1f\x94\xb38\x22[\x06\x12z\x83\x95T\x80\x01\
\xf8\x11F0@w\x81:\xa6\x1b\x97\xf1\x0f\x0d\x06\xe0\
\x08\xe1\x88\xd8d\x812\xb6\xc83%\xe92\x03\xac4\
.~\xad@\x19\x84Caca\x00\x9eL\x90\xe2\x80\
\x98\x1fa?`;\x18\x80']\x8c\x8b\xf7\xf8\x08S\
Q\x87\xf0)\x12\x0e\x03\xf0$\x92\x90\xfa\xea\xc2T\xb4\
1.\xe2\x17\x0d\x06\xe0\x89\x17\xe1t@\xac0\x15C\
\x8d\x8bH\x83\x01\xf8\xb2\xdb\xb8\xfa~\xc2D\x10.1\
\x98\x07\x03\xf0%\xc5\xb8\xfaI\xc2D\x10\x9a\xd7\x0e\x82\
\x01\xf82\xc2\xb8zqm\xb9\x08K\x12\xcd`\x00\xbe\
\xc4\xc9\xb0\x0cwQ\xe5A\x80\xe2\x06 \x0c\x03N\x89\
\xd2\x10`\x5c\xc35/\x18\x80/\xbe\xc6\xbb\xb3\x16\x8b\
\xda\x89\x11e<\x83G5\x18\x803\xa7\x8c\xcb\x8f\x14\
$\xa1\x95e'\x94\x9a\xf5\x12\xc0<\xc21{\x11\xbf\
\xdf\xd4\x5cNv\xd8?\x11\xd0\xdb\xb8\x84\x05\xe6~\x89\
r\xfa@\x19\x96\x9b\xcbI\xaa\xf1_\x8a\x17d\x80\x91\
\xc6%\x8c\x83\x01x\x1b`\xa2\xf1_\x1a\x22\xc8\x00\x84\
\x9b\xecz\xc2\x00\xbc\x0d\xd0\xd7\xf8/\xbd(\xc8\x00\x84\
\xcbB\x9b\xc0\x00\xbc\x0d\x10c\xfc\x97f\x0a2\xc02\
\xcb\xbeCa\x00Sc0QS\x81\xdb\x8cK(\x0f\
\x03\xf06\x00a[\xe0zA\x068`|O\x82\x06\
\x03\xf06\x80\x8f\xf1\xdd8\xbbm\x9f\x8a\xb8\x00\x03p\
7\x80\x96i\xfb4\x9c\xf1C\xca\x87`\x00\xfe\x060\
\xbe1\xf8\x8a\x98\xfa\xfb[\xb7\x1e\x05\x03\x98Z\x8b-\
\x11\xb3+0\xd4x\xac\xaba\x00\xfe\x06\xd8`\xfc\xa7\
\x82\x84\x18\x80\xd0\x1c\x22\x05\x06\xe0o\x00\xc2\x5c\xb0\x98\
&\x11\x84\x15\xe9\xe90\x00\x7f\x03\xcc5\xfeS\x11v\
\xaf\x06O\x81\x01\xf8\x1b\x80p.O\xccz0\xe1h\
p2\x0c\xc0\xdf\x00S\x8c\xffT\x94\x10\x0342.\
`\x0c\x0c\xc0\xdf\x00\xc9\xc6\x7fJL\xb7\xc8\xe6\xc6\x05\
$\xc1\x00\xfc\x0d0\xc6\xf8O=*\xc4\x00-\x8d\x0b\
\x18\x0e\x03\xf07\xc0(\xe3?\xd5\x5c\x88\x01\xda\x1a\x17\
0\x08\x06\xe0o\x00B\xd3p1\xad\xe2\x087W\xf4\
\x81\x01\xf8\x1b`\xa0\xf1\x9f\x12s4\xbb\xbbq\x01=\
a\x00\xfe\x06x\xda\xf8Ou\x81\x01`\x00\xbc\x02\xf0\
\x0a\xc0G >\x021\x0c\xc40\x10\x13A\x98\x08\xc2\
T0\xa6\x82\xb1\x18\x84\xc5 \xb3\xd45.\x00\xcb\xc1\
\x02\x0c`\xfbr06\x84\xd8k\x00\xc2\x86\x101\xed\
9\x08[\xc2\x16\xc2\x00\xfc\x0d\xb0\xc8\xf8O\x89\xd9\x12\
\x86M\xa1\xf6\x1a\xc0\xf6M\xa1\xd8\x16n\xaf\x01l\xdf\
\x16\x8e\x83!\xf6\x1a\xc0\xf6\x83!8\x1af\xaf\x012\
\x0d\xff\x92\xa8\xa3a8\x1cj\xa7\x01$8\x1c\x8a\xe3\
\xe1v\x1a@\x82\xe3\xe1h\x10a\xa7\x01$h\x10\x81\
\x161v\x1a\x80p{\xa8\xa8\x161\x84&Q\xbd`\
\x00\xde\x06\xe8g\xfc\x97D5\x89B\x9b8;\x0d \
A\x9b8B\xa3\xc8\x14\x18\x80\xb7\x01$h\x14\xf9\xa4\
q\x09&[\xc56yJ\x00s\x08/Q\x11\xbf\xdf\
\xd8\x5cN\xd2\x8d\xcb\x8f\x11d\x004\x8b\xb6\x93\xd3v\
\xaf\x06\x93\xda\xc5\x17\xa2]<g|\xaf\x1bV_\x5c\
J\x94\x88\x0bv\xafH\xbb\xd8\x00\xb5\x8c\xab?%L\
\x04\xe1\xca\x98\xe60\x00_\x08W\xc6\xec\x10&\x820\
\x158\x18\x06\xb0m\x0c.\xee\xd2(\xc2\xb5q\xaf\xc3\
\x00|Yh\x5c\xfdDa\x22\x86\xca\xf0\x18r\xa9\x01\
\xa4\xb88\xb2\xb5q\x11\x190\x00W(W\xc7\xc6\x08\
SA\xb9<:\x02\x06\xb0i\x10 \xf0\xf2h\xca\xf5\
\xf1\xeda\x00\x9et5.\xde\xe3-N\xc6\x19\xcb\x96\
\x83`\x80\x9b\x99`\x5c\xfc1\x8126\x1b\x97\xb1\x14\
\x06\xe0\x09ayl\x8d@\x19\xaf\x19\x97q\x04\x06\xe0\
\xc9q\xe3\xe2'\x0b\x94\x91h\x5cFIE\x18\x80\x1f\
\x95u9\xc4\xd7'\xe8\xe8\x08\x03\xf0\xa3\x1b!\xf1u\
\x04\xea\xf0\xf5\x18\xd71\x15\x06\xe0\xc7l\xe3\xda\xf3\xbd\
E\x0a9h\x5c\xc8N\x18\x80\x1f{\x8dk\xdf'T\
\xc8\x12\xe3B\x0aJ\xc3\x00\xbc(Cx\xf2\xbe+T\
\xc9X\xc2\xbb\xa8)\x0c\xc0\x8b\x16\x84\xb4'\x09U\xd2\
\x8e\xa0\xe4o0\x00/^\x22\xa4\xbd\xa5P%\xe1\x04\
%ka\x00^l!\xa4=D\xac\x94s\xc6\x95\xe4\
\xf8\xc2\x00|\xf0\xcf7.\xfd\xa4`-+\x09^l\
\x01\x03\xf0\xa1\x0d!\xe9\x1f\x0a\xd6\x92D\xd02\x0d\x06\
\xe0\x03\xa1=\x94>L\xb0\x16B\xb7H\xfd;\x18\x80\
\x0f?\x12\x92^_\xb0\x96Ry\x041\xe10\x00\x0f\
\x08\xfd\xf9\xf4,o\xd1j\xd2\x08j\x06\xc1\x00<\x18\
NH\xf9\x16\xe1j^&\xa8Y\x05\x03\xf0`=!\
\xe5\xc9\xc2\xd5P\xa6\x82\xb2}a\x00\xf3\xf8]\x95f\
\x1a\xe8\x06\xc1\x84}\x81\x82n\xaep\x99\x01\xba\x10\x12\
^\x14(^\xcf\xf7\x04=\xa90\x80y\x08\xe7\xb1\xf4\
\xaf-\xd0\xf3&\xe5\x9b\xd4\x0f\x060K\x19\xca\x1b`\
\x96\x05\x82\xfeL\xe9\x8a\xd1\x09\x060KwJ\xbe[\
Y (\xb0\x90 h\x09\x0c`\x16J\xbb\x9c<K\
\x9e\xb8\x9f\x11\x14\xe5\xfa\xc3\x00\xe6(KX\x08\xd27\
X\x22\xe9y\xca3)\x1e\x060GoJ\xb6GX\
\x22\xe9A\x8a\xa4\x950\x809>\xa1d;\xd2\x1aM\
\x84vEza\x08\x0c`\x86{\x8a\x08\xc9\xb6\xaa5\
W\x0a\xc5\x94\xa3a\x003\xbcH\xc9\xf5<\x8bDu\
\xa5\x88:\x02\x03\x98\xc0\xeb'J\xae\xad\x9ax-\xe7\
\xa1\xa8j\x0e\x03\xb0\x13G\xc9tA\x80U\xb2\xb6S\
d-\x86\x01\xd8YN\xc9\xf4F\xcbd=K\x91\x95\
\x1f\x0c\x03\xb0\x12B\x99t\xd3\xfb[\xa6+\xb4\x98\xa2\
k$\x0c\xc0\xcahJ\x9e\x0b-\xfc\xa7}J\x11v\
\x08\x06`\xfd\x04\xfc\x81\x92\xe7\xf5\x16*\x1bL\x11\xa6\
\xb7\x81\x01\xd8\xe8DJs\xa2\x85\xca*R\xa6'\xf4\
Oa\x006v\x92\xc6\x00\xe5\xac\x94\xb6\x99\xe4\xcd\x06\
0\x00\x0b\x8f\x92\x92\xbc\xc6Rm\x03H\xda>\x80\x01\
XXAJr/K\xb5\x05\x93\xc6'\x9e\x08\x18\x80\
\xce\xbd\xa4\xb1V^\xa0\xb5\xea6\x90\xdc9\x03\x06\xa0\
\xf3:)\xc5V/\xbb&\x90\xd4e\x07\xc1\x00T*\
\x5c%\xa5\xb8\xab\xc5\xf2\xfc\xaf\x90\xe4\x8d\x87\x01\xa8L\
!%\xf8\x82\xe5G0\xe6\x91\xf4])\x0f\x03\x10g\
\x81sH\x09~\xcdr\x81\xd1$}B\xdbW:\xd2\
\x00\xd3i\xf9\xadm\xbd\xc2\xdd$\x819\x95`\x00\x0a\
\xf7\xe4\x91\xd2\x9bf\x83\xc4\x814\x8bN\x83\x01\xc4\xbd\
a\xf5\x04\x1b$\x06\xd2^Ry\x95a\x00\xe3D\x5c\
#%7\xc3\x96\x13X\x0bh&\x9d\x03\x03\x08\xcb\xed\
<[D6\xa4\x89,\xa8\x01\x03\x18\xa5\xb6\x87\x96\xdb\
h{d\x1e\xa0\xa9\x5c\x01\x03\x18e=-\xb3{l\
\x92I\xfc\x0c\x14x\x9b\x95\xc3\x0c\xd0\x9a\x98\xd8D\x9b\
t\xfa\x9d\xa7\xe9<\xe0\x0d\x03\x18\xa1\xd4aZ^\xcf\
\xd8\xd6\x88e<\xd1\xa9C`\x00#<GL\xeb\x0b\
\xb6)\xadH\x9b\xad\xd0/\x06\xc1\x00\x06\xb2\x9aA\xcb\
\xaa\x9d+mo\x10\xbd:\x13\x06\xe0\x9f\xd4Y6j\
\xadu\x9d\xa6\xd5S\x17\x06\xb8\x1b\xf5\x8bi9-\xaa\
f\xa7[W\x13\xdd\xfa\x85\x17\x0cpg\xbc\xbf\x22\xa6\
\xd4\xde&,M\x88j\x85\xf72V\xde\x00\x7f\xa5f\
\xf4a{\x87\xac_\x12\xe5f\x87\xc3\x00w\xa2\xe6U\
bB?\xb7y\xce\xaa3\xd5\xb0\xeb`\x80;\xb1\x85\
\x9a\xcf\xb66\x1b@\xdbOU\xdc\x03\x06\xb8=}\xa8\
\xd9\xdcew\xfd\xb5\x0eT\xc9\x17*\xc0\x00\xb7#\xf4\
\x17j6\xe3l7\x00qg\x90\x8d\x0d\x03\x140\xc0\
G\xd4\x5c\xee\xb0\xbf\xfeZ+\xaah\xbd'\x0c\xf0\xc7\
\xf4#\xa7\xf2q\x09\x0c@;\xc2x\x83\xcc\xea0\xc0\
\x1f\x11\x99C\xcd\xe46\x19\xea\xaf\xc5\x92}\x9b\xee\x0d\
\x03\xdcJ)\xf2\xcbTo,\x85\x01H\xbdc\x7f\xe7\
\x7f`\x80[\x99LN\xe3\x069\xea\xaf5%+\xf7\
4\x82\x01\xfe\x9bf\xc5\xe44>,\x89\x01\xb4\x8dd\
\xe9G\x03a\x80\x9b)\x7f\x82\x9c\xc4\xd5\xb2\xd4_{\
\xa0\x88,~\x09\x0cp3\xab\xc8),\xbcO\x1a\x03\
\x10O2\xff\xc6(\x18\xe0?\x19K\xcf\xe0ty\xea\
O\xde\xc4rc\x19\xfbq\x18\xe0\xff\x89\xa3\x7f\x00\x5c\
\x0c\x92\xc8\x00\xdaH\xba\x81\xcfW\x85\x01\xfe\x8f\xea\x97\
\xe9\xf9\x1b,S\xfd\xc9\x1bY\x7f[\xc7\xb0x3k\
\xd3\xe5\x86\xb1x|\xed\xb7\x8f\x9e\xbdo\xbc\xa52\x00\
y+\xfb\x0d\xde\xd4\xc0o\xfc\x9d!y1\xb2\x05\xb1\
\x8e!\x88\x01\xa8\xfd\x0d\x862\xa4n\x85tQ\xd4.\
\xa4G\xe1i\x89\xeakZ\x1b\xfa \xda\xfe\x83\x96\x7f\
\xc0\x0c\x06\x1fg=\x88\xfa\xd7\xcfaH\xdc\x14\x09\x03\
\x09<\xc1\x10\xc8\xc9{\xdc^\xff\xf03\x0ci;\xea\
/\xe5\xa3\x8c!\x12}_\x19w\xd7\xbf\xdc\xb7\x0cI\
+i!g0\x8bY\x1c\xf0\x89\xb7\x9b\xeb\xef\xb3\x89\
%g\xefH\x1aM\xa5K,\xd1\xccw\xb3\x01\x16\xb0\
d\xec\x5c\xb0\xac\xe1$\xb0\x84#\xe5\x07\x8dELc\
JX7y\x03\xda\xc8\x14\xd0X\xb7\xd6\xff%\xa6t\
},qD\xd5s\x99B\x1a\xe1\xce\xfa'1%+\
\xab\xaa\xcc1\xfd\x85)\xa6\x92\xfen\xac\xff\x10\xa6\x5c\
\xe9C\xa5\x0e\xca{'SP\xc5=\xdcW\xff\x84\xeb\
L\xa9\xda\xee%wX5\xb2\x98\xc2\xf2tr[\xfd\
\xe3\x8b\x98\x12\x95\x11.{`\xbd\xd9\x1el\x1e\x97=\
\x03\x12\xd8\xea\xaf\xc7\xcb\x1f\xda\x87l\x91\x15\xbb\xea;\
`\x08\xdb\xf3_\x7fW\x81\xd8\x82N\xb0\xc5V\xe2\xa2\
\xb1\x00\xdb\xf7\xbf=\x9b\xa9\xe90lpw\xd9|\xc0\
K\x8c\x09*j\xa4F|\x93\x19\xe3s\xcb\x9c\xe04\
\xd6\xfc\x8cW$\xc0R{X#|\xc3\xc7\xf9\xe5\xf7\
Ia\xcd\xceNe\xd6\xcdje\xb3\xc6\xb8.\xd0\xe9\
\xf5/\xbb\x8957W\xaa\xab\x13e\xd7\x12\xd6(\xbf\
v\xf8\x0e\x91\xf0oX3S\xd2^\xa58\xa7\xb2\x86\
\xa9\x9fr\xf4.\xb1\x06\xffdN\xccD\xa5\x02\xf5\xde\
\xc6\x1chV\x9cs\xeb\xdf6\x879-\xeb\xbd\xd4\x0a\
\xb5\xd2I\xe6P=\x83\x9cZ\xff\xa1E\xccI9\x1e\
\xacZ\xb0\x0d\x0b\x98\x83\xd5\x17\x94vb\xf9\xfd\xfe\xce\
\x9e\x91\xbcz\xea\xc5;\x90=\x5c}w\xb8\xf3\xea_\
\xfd+\x13\x09IP1\xe2\x14\x13\x01_\x88uZ\xfd\
\xe3.\x9bH\xc7<%C.\xbd\xc7D\xc8E\xa3\x9d\
U\xff\xb1\xc5&\x92\xb1\xd3W\xcd\xa0+\x9f0\x11\xb4\
\xbe\xac\xacs\xca\x1f\xb4\xcaL&\x8eUR5\xee\xa8\
L3q\x1fo\xec\x94\xfa73\xf5O\xb8|\x9f\xba\
\x91?Qh&\xf2\xa2dG,\x0d\x94\x9al\xe6\xf1\
\xaf\x17<\xa6r\xf0}uS|QC\xfd\xfaG\xee\
6\x95\x82\x12\xc5\xb7JM2\xe7\x80\xac\x04\xd5\xeb\xdf\
/\xc7\x5c\x06\xc6\xa9\x9e\x80E\xe6\xe2\xd7\x97TR9\
\xfa\xd0\x8fL\x86\x9f\xa2\xfc\x13\xd0w\xbb\xc9\x14\x5cR\
\xf8!\xd0\xe7\x17\x93\xc1o.\xa5\xfe;0\xf8\xa0\xc9\
$\xe8\x1b\xaa\xa9\x19y\xcd\xadf#\xdf_\xce\x09_\
\xc1\x95\x7f4\x9b\x87\xdc\x91\x0a\x9e!\xf7\xfe\xebU\xb3\
q\x1f\x0eq\xc608\xe2\x84\xd9L\xe8_>\xa0Z\
\xd0\xf5\xf7\x9a\x0e\xfax\x15\xa7L\x84\xd4:k:\x19\
\x9e9\xc1*E\x5c\xf1\x8db\xd3!\x9f\xae\xa19\x86\
\xa8\xcb\xa6\xd3\xa1_\x1e\xa6\xcc\xb4P\xa9\xe72\xcc\xc7\
{\xbe\xb6\xe6 \x1e\xca4\x9f\x11\xfd\xa0\x22]\xe5Z\
\x1f\xe6\x10lF\xb4\xe6(\x9a\xe4rH\x8a\xbe\xa6\x96\
\xfc\x91\xd6^\xcf#\xd2\xecG4\x87\xd1\x22\x9fG^\
\x0a\xdf\xac*w\x98\x11\x0b<<\xe2\xcc{\x5cs\x1c\
-\xb8<\x03\xf4\x82\xd9\xa1\xf2\xc6x\xcf\xbck\x5c\x82\
\xccv`\xfd\x7f}\x0bdrI\x8e~ujE9\
\x03\x0c\x99\x91\xc7'\xc2\x8cG4G\xf2\xd0%>\xf9\
\xd1\xb3'I8&\xac0%\x87Sx\x17\xeai\x0e\
%\xea,\xa7\x14\xe99s$\x1b$\xdf\xfb\xfaU^\
\xb1\x9d\xae\xad9\x96\xc8\x13\xbc\xb2\xa4\x17/o(O\
\x5c\x8dV\x14s\x0b\xecX\x0d\xcd\xc1D\xfc\xa0\xf3c\
GG)N\xcbxu\xda\xc91\xa8CU4G\x13\
\xf6\x1d\xc7d\xe9G\x92l\xff\x1e\x0c\x19\xcd\xd3\xd3\xfa\
\xfe\x10\xcd\xe1\x94\xff\x8cg\xbe\xf4kK\x9f\xb0\xf11\
\xe0\x15\xb7\xbc\x90k8\x9b\xcbi\x8e\xc7\xf7}\x9d/\
\xc7\xc6V\xb6i\xd4\xff\xe2q\xce\xa1\xa4\x94\xd2\xdc@\
2\xe7\xb4\xe9\x9e5\xbd,o,Q6\xe1\x93\x22\xce\
a\x94\xb8\xa6IRb!o\x0b\xe8y+\xba\x05X\
\x17@\x99\xee\xab\xf2\xb9\x87P\xe0\xa2V\x89\xb1Wt\
\xfe\xe4.\xed\xecg\x85x\xbf.\xcb\xae\x0a\x90\xffK\
3\xcdE\xd4\xfdY\x17\xc1\xd5u\xc3j\x0a\x9e\xc9\x18\
\xb1\xfe\xaa\x10\xe9\xc7jk\xae\x22l\x97.\x88#s\
Z\x0bz\x10\xf8\xb7\x99\xfb\xa3(\xd5;+i.\xa3\
\xf4[\xba0\xf26\x8f\x8f\xe5\xfcEP\xa6\xc5K[\
\xf2\xc5)\x9e[Js\x1f\xfd\x0at\x81x\xf6\xcc\x8a\
\x0f\xe3#\xb4r\xb7\xd9{=\x22\xb5\xe6%h\xae\xe4\
\xe1\x13\xba`\x8e\xad\x9c\xd0%\xd2\xc4D\x91W\xad\xae\
\x13V\x1d\x17\xad\xf2x=\xcd\xa5T\xdc\xaa[@\xee\
\xee\x94\x11q\x91\xc4g\xaco\xad\xb8\x91\x0bw\xe7Z\
\xa1oC\xb0\xe6Z\xbc_)\xd1-\xa2\xf8\xd4\x8e\xd4\
\x89}c\xa2\xc2\xee\xb8\xb7\xd8',*\xb6\xdf\xc4\xd4\
\xf4\xd3\xc5V\xe9\xba>\xc1Ks3\x9d\xb3u\x8b)\
\xc9<\xb6gC\xea\xdc\xe9S\x92\xc7\x8c\x1a6\xf0\xe9\
\xa7\x07\x0e\x1b5&y\xca\xf4\xb9\x8b6\xec9\x96Y\
b\xb5\x9a+\xed5\x97\x13\xb9Kw1\xe9\xd55\xd7\
\xe33\xa9\xd8\xad\xe5/\x1a\xef\x8d\xfa\xff\xcac?\xbb\
\xb3\xfe\xc7\x1a\xa1\xf6\xbfSn\xb1\x1b\xeb\xffn *\
\xffoze\xba\xad\xfc\x19\xddP\xf5\xff\xa4z\xba\xbb\
\xea\xbf=\x1c5\xff\xafI\xb7\x119\xee)\x7f\xd6P\
/T\xfc\x16\x22\xd6\xbb\xa5\xfek\xaa\xa2\xda\x7fH\xcf\
\x8bn(\xff9\xbc\xfdo\xbf8\xf0\xbe\xe3\xcb_\xb2\
0\x18u\xbe\x03O\xfe\xe4\xec\xfa\x1fm\x81\x1a\xdf\x99\
2S\xaf9\xb7\xfc\x05S\xfcQ\xe1\xbb\xaf\x0e\xacq\
j\xfdW\xd4Du\x0d\xd1\xf2\xa0\x13\xcb\x7f \x06\x95\
5\xbc@\xf4\xece\xa7\x95\xff\xe2`,\xfcP\x08\x9e\
\xedqR\xf9\x0b\xa7\x07\xa1\xa6D\xee_\xeb\x9c\xfa\xaf\
\xbe\x0f\xf5d\xa0\xd1fg\x94\x7f\xc3\xc3\xa8%#\xcd\
>W\xbf\xfc\xdb\x9a\xa0\x8e&x\xe2\x7f\xd5.\xff\x8e\
\xc7QC\x93\xb4\xf9J\xdd\xf2\xef\x8aC\xfd8\xd0A\
\xd1\xbd\x02\xdb\xdb\xa2v\x9cxd\xb9r\x1bG\x8b\x96\
\xfc\x09u\xe3H\xcd\xb9\xb9*\x95?gV5\xd4\x8c\
\xf7\xd4\xd0\xd8\xb3\xaa\x94\xff\xcc\x0b\xe5Q/\x01\xf8\xf6\
\xdd\xabB\xf9\xf7$\xfa\xa2V\xa2\xa8??S\xee\xea\
_\x99\x17\x8d*\x09\xc5?Q\xe21AZ\x02\xd6\xfb\
\xadX%\x98qI\xc6\xea_\x98V\x1b\xb5\xb1\xeak\
\xa0\xdb\xea\x02\xb9\xaa\x9f\xb7\xb2+\xde\xfc\x96\xf2k\xa3\
Fi\xf6\x8e\x15|\xdc\x0b\xc7\xbcl\xa0|\xdf\x8d\x12\
l\x1a(\x5c\x97X\x0e\xb5\xb0\x8b\x0a\x037\xdb\xfa\x1c\
(\xd8\xd8?\x18U\xb0\x972\xed\xe7\x1f\xb7\xa7\xfaG\
\xe7\xb5\x0d@\xfe\xa5\xe0\xbe\xe76\xe5[\xfc\xd1\xb7a\
D$\xf2.\xd5\xfc@\x9b9\xfb-Z1*\xda7\
\xab\x95\x1f2.\xe3\xc8 n\xc2V\xc1M\xa7\xb2\xb7\
$\xb7\xc4\x17\xbf\xccx7\x18\xbe\xe4\xa4\x98\xe2\x9f\xfc\
pX}\xec\xedV\x82\xd0\xb8\xa4\xf7\xbe\xe6\xf8U\x90\
\xbf\xef\xddQ-C\x90W\xc5\x9e\x05\xf7w\x9f\xbc\xf6\
\xb8\xc9k=<\xc7\xd6L~\xaa\x0e\xfe\xf7\xea\xe2S\
#\xb6\xff\xa4\xd4\xf4S\xd7i\x85\xff\xad\xb1h\xbf\x98\
\xea>\xc8\xa0C\xf0\x8d\x8c\x8d\x1f\xf2\xe2\xcc\xd4\xf5\xbb\
\x8f^\xb9M?\xd0\x92+Gw\xafO\x9d\xf9\xe2\x90\
\xf8\x98HL\xec;\xfa\xa9\x10\x14\x1a\x11\x19\xd5\xe0\xd1\
\xe6q\xed\xbati\x17\xd7\xfc\xd1\x06Q\x91\xe1\xa1A\
\xf8\xb7\x03\x00\x00\x00\x00\x00\x00\x00\x00\x00\x00\x00\x00\x00\
\x00\x00\x00\x00\x00\x00\x00\x00\x00\x00\x00\x00\x00\x00\x00\x00\
\x00\x00\x00\x00\x00\x00\x00\x00\x00\x00\x00\x00\x00\x00\x00\x00\
\x00\x00\x00\x00\x00\x00l\xe2_\x98\xf1S\xec\xe6\xe7\x13\
{\x00\x00\x00\x00IEND\xaeB`\x82\
\x00\x00!\xe7\
\x89\
PNG\x0d\x0a\x1a\x0a\x00\x00\x00\x0dIHDR\x00\
\x00\x02\x00\x00\x00\x02\x00\x08\x03\x00\x00\x00\xc3\xa6$\xc8\
\x00\x00\x00\x03sBIT\x08\x08\x08\xdb\xe1O\xe0\x00\
\x00\x00\x09pHYs\x00\x00\x7f9\x00\x00\x7f9\x01\
\x82\x19B\xd4\x00\x00\x00\x19tEXtSoft\
ware\x00www.inkscap\
e.org\x9b\xee<\x1a\x00\x00\x02\xe8PLT\
E\xff\xff\xff\x00\x00\x00\x00\x00\x00\x00\x00\x00\x00\x00\x00\
\x00\x00\x00\x00\x00\x00\x00\x00\x00\x00\x00\x00\x00\x00\x00\x00\
\x00\x00\x00\x00\x00\x00\x00\x00\x00\x00\x00\x00\x00\x00\x00\x00\
\x00\x00\x00\x00\x00\x00\x00\x00\x00\x00\x00\x00\x00\x00\x00\x00\
\x00\x00\x00\x00\x00\x00\x00\x00\x00\x00\x00\x00\x00\x00\x00\x00\
\x00\x00\x00\x00\x00\x00\x00\x00\x00\x00\x00\x00\x00\x00\x00\x00\
\x00\x00\x00\x00\x00\x00\x00\x00\x00\x00\x00\x00\x00\x00\x00\x00\
\x00\x00\x00\x00\x00\x00\x00\x00\x00\x00\x00\x00\x00\x00\x00\x00\
\x00\x00\x00\x00\x00\x00\x00\x00\x00\x00\x00\x00\x00\x00\x00\x00\
\x00\x00\x00\x00\x00\x00\x00\x00\x00\x00\x00\x00\x00\x00\x00\x00\
\x00\x00\x00\x00\x00\x00\x00\x00\x00\x00\x00\x00\x00\x00\x00\x00\
\x00\x00\x00\x00\x00\x00\x00\x00\x00\x00\x00\x00\x00\x00\x00\x00\
\x00\x00\x00\x00\x00\x00\x00\x00\x00\x00\x00\x00\x00\x00\x00\x00\
\x00\x00\x00\x00\x00\x00\x00\x00\x00\x00\x00\x00\x00\x00\x00\x00\
\x00\x00\x00\x00\x00\x00\x00\x00\x00\x00\x00\x00\x00\x00\x00\x00\
\x00\x00\x00\x00\x00\x00\x00\x00\x00\x00\x00\x00\x00\x00\x00\x00\
\x00\x00\x00\x00\x00\x00\x00\x00\x00\x00\x00\x00\x00\x00\x00\x00\
\x00\x00\x00\x00\x00\x00\x00\x00\x00\x00\x00\x00\x00\x00\x00\x00\
\x00\x00\x00\x00\x00\x00\x00\x00\x00\x00\x00\x00\x00\x00\x00\x00\
\x00\x00\x00\x00\x00\x00\x00\x00\x00\x00\x00\x00\x00\x00\x00\x00\
\x00\x00\x00\x00\x00\x00\x00\x00\x00\x00\x00\x00\x00\x00\x00\x00\
\x00\x00\x00\x00\x00\x00\x00\x00\x00\x00\x00\x00\x00\x00\x00\x00\
\x00\x00\x00\x00\x00\x00\x00\x00\x00\x00\x00\x00\x00\x00\x00\x00\
\x00\x00\x00\x00\x00\x00\x00\x00\x00\x00\x00\x00\x00\x00\x00\x00\
\x00\x00\x00\x00\x00\x00\x00\x00\x00\x00\x00\x00\x00\x00\x00\x00\
\x00\x00\x00\x00\x00\x00\x00\x00\x00\x00\x00\x00\x00\x00\x00\x00\
\x00\x00\x00\x00\x00\x00\x00\x00\x00\x00\x00\x00\x00\x00\x00\x00\
\x00\x00\x00\x00\x00\x00\x00\x00\x00\x00\x00\x00\x00\x00\x00\x00\
\x00\x00\x00\x00\x00\x00\x00\x00\x00\x00\x00\x00\x00\x00\x00\x00\
\x00\x00\x00\x00\x00\x00\x00\x00\x00\x00\x00\x00\x00\x00\x00\x00\
\x00\x00\x00\x00\x00\x00\x00\x00\x00\x00\x00\x00\x00\x00\x00\x00\
\x00\x00\x00\x00\x00\x00\x00\x00\x00\x00\x00\x00\x00\x00\x00\x00\
\x00\x00\x00\x00\x00\x00\x00\x00\x00\x00\x00\x00\x00\x00\x00\x00\
\x00\x00\x00\x00\x00\x00\x00\x00\x00\x00\x00\x00\x00\x00\x00\x00\
\x00\x00\x00\x00\x00\x00\x00\x00\x00\x00\x00\x00\x00\x00\x00\x00\
\x00\x00\x00\x00\x00\x00\x00\x00\x00\x00\x00\x00\x00\x00\x00\x00\
\x00\x00\x00\x00\x00\x00\x00\x00\x00\x00\x00\x00\x00\x00\x00\x00\
\x00\x00\x00\x00\x00\x00\x00\x00\x00\x00\x00\x00\x00\x00\x00\x00\
\x00\x00\x00\x00\x00\x00\x00\x00\x00\x00\x00\x00\x00\x00\x00\x00\
\x00\x00\x00\x00\x00\x00\x00\x00\x00\x00\x00\x00\x00\x00\x00\x00\
\x00\x00\x00\x00\x00\x00\x00\x00\x00\x00\x00\x00\x00\x00\x00\x00\
\x00\x00\x00\x00\x00\x00\x00\x00\x00\x00\x00\x00\x00\x00\x00\x00\
\x00\x00\x00\x00\x00\x00\x00\x00\x00\x00\x00\x00\x00\x00\x00\x00\
\x00\x00\x00\x00\x00\x00\x00\x00\x00\x00\x00\x00\x00\x00\x00\x00\
\x00\x00\x00\x00\x00\x00\x00\x00\x00\x00\x00\x00\x00\x00\x00\x00\
\x00\x00\x00\x00\x00\x00\x00\x00\x00\x00\x00\x00\x00\x00\x00\x00\
\x00\x00\x00\x00\x00\x00\x00\x00\x00\x8d\x84[\x09\x00\x00\x00\
\xf7tRNS\x00\x01\x02\x03\x04\x05\x06\x07\x08\x09\x0a\
\x0b\x0c\x0d\x0e\x0f\x10\x11\x12\x13\x14\x15\x16\x17\x18\x19\x1a\
\x1b\x1c\x1d\x1e\x1f !\x22#$%&'()*\
+,-./012345679:;\
<=>?@ABCDEFGHIJK\
MNOPQRSTUVWXYZ[\x5c\
]^_`abcdefghijkl\
mnpqrstuvwxyz{}~\
\x7f\x80\x81\x82\x83\x84\x86\x87\x88\x89\x8a\x8b\x8c\x8d\x8e\x8f\
\x90\x91\x92\x93\x94\x95\x97\x98\x99\x9a\x9b\x9c\x9d\x9e\x9f\xa0\
\xa1\xa2\xa3\xa4\xa5\xa6\xa7\xa8\xaa\xab\xac\xad\xae\xaf\xb0\xb1\
\xb2\xb3\xb4\xb5\xb6\xb7\xb8\xb9\xba\xbb\xbc\xbd\xbe\xbf\xc0\xc2\
\xc3\xc4\xc5\xc6\xc7\xc8\xc9\xca\xcb\xcc\xcd\xce\xcf\xd0\xd1\xd2\
\xd3\xd4\xd5\xd6\xd7\xd8\xd9\xda\xdb\xdc\xdd\xde\xdf\xe0\xe1\xe2\
\xe3\xe4\xe5\xe6\xe7\xe8\xe9\xea\xeb\xec\xed\xee\xef\xf0\xf1\xf2\
\xf3\xf4\xf5\xf6\xf7\xf8\xf9\xfa\xfb\xfc\xfd\xfe\xfcM\xcdE\
\x00\x00\x1dnIDAT\x18\x19\xed\xc1}`U\xf5\
\x9d&\xf0\xe7\xe6&\x92\x17`B\x15S\x88\x96\xed\x98\
&\x88\xe5\xd5B\x8a\x0b\x08\xb1 \xd2BX )\x05\
\xac\xdaX\x04Q\xe3\xa8\x05TFq\xa9R\xa8`*\
\x09\xa0\xc2\xe8\xb2\xa5N\x05k\xa1\xa1m\xc0\x9a*\x22\
!@\x91\x06\xa2d\xab\x09C\x02\x06\x92p\x13B\x9e\
\x7fw\xd0\xa2\x88\xbc|\x7f\xe7\x9es\xee9\xf7~?\
\x1f f$\xa6\xf7\x1b9i\xe6\xfc%/\xad\xdf\xb8\
\xb9\xac|\xc7\x9e\xaaCu\xc7\x9a\xdb\xdb\x9b\x8f\xd5\x1d\
\xaa\xda\xb3\xa3\xbcl\xf3\xc6\xf5/-\x99?s\xd2\xc8\
~\xe9\x89P\xd1\x22\xd8\xeb\xe6;\x9eX[\xba\xb3\xa6\
\x99\x06\x9akv\x96\xae}\xe2\x8e\x9b{\x05\xa1|\xea\
\xea\xec\xfc\xb9\xc5\xa5\x07\xdb\x18\x96\xb6\x83\xa5\xc5s\xf3\
\xb3\xaf\x86\xf2\x8f\x94\xec\x82ee\x0d\xb4UC\xd9\xb2\
\x82\xec\x14(o\x8b\xcb\x98\xb8\xe0\xd5\xaa\x0e:\xa4\xa3\
\xea\xd5\x05\x133\xe2\xa0\xbc\xa8\xc7\xa4\xa5\xe5\xcdtA\
s\xf9\xd2I=\xa0<$\xae\xdf\xcc\xb5\xd5tU\xf5\
\xda\x99\xfd\xe2\xa0\x22/e\xd4\xa3\x9b>aD|\xb2\
\xe9\xd1Q)P\x91\x13\x184\xff\xcdvFT\xfb\x9b\
\xf3\x07\x05\xa0\x22 u\xca\x0b\xb5\xf4\x84\xda\x17\xa6\xa4\
B\xb9)0p\xde\xb6vzH\xfb\xb6y\x03\x03P\
\xae\xe84~u-=\xa8v\xf5\xf8NP\x0eK\x18\
\xb7\xa6\x91\x9e\xd5\xb8f\x5c\x02\x94c\xe2\xc7\xac:J\
\x8f;\xbajL<\x94\x03\x829+\xea\xe9\x0b\xf5+\
r\x82P\xf6\xca.:L\x1f9\x5c\x94\x0de\x9b\xd4\
{w\xd1wv\xdd\x9b\x0ae\x87akZ\xe8K-\
k\x86A\x85\xe9\xaa\xc2}\xf4\xb1}\x85WAY\x16\
\xc8Y\xd7J\x9fk]\x97\x13\x80\xb2\x22yv\x15\xa3\
B\xd5\xecd(SiO\xd63j\xd4?\x99\x06e\
\xa2wI\x88Q%T\xd2\x1bJj\xc4\xc6\x0eF\x9d\
\x8e\x8d#\xa0\x04\x82y\xdb\x19\xa5\xb6\xe7\x05\xa1.-\
\xe1\xee\x0f\x18\xc5>\xb8;\x01\xea\xe2\x82?\xaef\x94\
\xab\xfeq\x10\xea\xc2\xe2\xa6\xeeg\x0c\xd8?5\x0e\xea\
\xab\x02\x93\xf62F\xec\x9d\x14\x80:\xcf\xf8\x0a\xc6\x90\
\x8a\xf1P\xe7\x1a\xbb\x9d1f\xfbX\xa8\xb3\xbe\xbd\x85\
1h\xcb\xb7\xa1\xce\xb8\xb2\xa8\x9d1\xa9\xbd\xe8J\xa8\
\xf89G\x19\xb3\x8e\xce\x89G\x8c\x1b\xbd\x971m\xef\
h\xc4\xb2\x8c\x0d\x8cy\x1b2\x10\xab\xba>\xddJ\xc5\
\xd6\xa7\xbb\x22&M\xae\xa5\xfaT\xedd\xc4\x9e\xf4\xd7\
\xa8>\xf7Z:bK`f#\xd59\x1ag\x06\x10\
C\xb2\xb6R\x9dgk\x16bE\xc2\xfc\x10#\xa5\xe9\
\xc3w7\xbd\xfc\xec\xc2\xc7\x1e\xb9\x7f\xd6]\xd3\xa7L\
\x18\x9b\x933v\xc2\x94\xe9w\xcd\xba\xff\x91\xc7\x16>\
\xfb\xf2\xe6w?lb\xa4\x84\xe6' &\x0c\xa9\xa4\
\xdb\x9a\xf7\xbc\xbe\xbc0/\xa7\x7fz\x22.+\xf1\x9a\
\x01\xb7\xe4=\xf8\xdc\xeb{\x9b\xe9\xb6\xca!\x88~\xc9\
KO\xd3=\x1f\x97\x16\xcf\xcd\xcf\xbe\x1a\x96\xa4e\xe7\
\xcf-.\xfd\x98\xee9\xbd4\x19Qn\xe0>\xba\xa3\
\xe9\xed\x95\xf7\x8d\xbc\x126\xb8r\xe4}+\xdfn\xa2\
;\xf6\x0dD4\x0b<\xd4J\xe7\x1dy\xed\xf1\xdc\x8c\
8\xd8*.#\xf7\xf1\xd7\x8e\xd0y\xad\x0f\x05\x10\xb5\
zn\xa1\xd3\xf6\xaf\xbe3\x0b\x8e\xc9\xbas\xf5~:\
mKOD\xa9\xdcz:\xa9\xb5\xfc\x99\x09\xdd\xe1\xb8\
\xee\x13\x9e)o\xa5\x93\xeas\x11\x8d\x92\x8b\xe9\xa0\x03\
\xcboK\x82k\x92n[~\x80\x0e*NF\xd4\xb9\
q?\x9dr\xf2\xf7\xf7}\x0b\xae\xfb\xd6}\xbf?I\
\xa7\xec\xbf\x11\xd1%\xf0p\x1b\x9dQ\xb5ll\x12\x22\
$i\xec\xb2*:\xa3\xed\xe1\x00\xa2H\xb77\xe8\x88\
\xaa\x85\xfd\x10a\xfd\x16V\xd1\x11otC\xd4\x18P\
M\x07T/\x1a\x04O\x18\xb4\xa8\x9a\x0e\xa8\x1e\x80(\
1\xa3\x85\xb6\xabY<\x04\x1e2dq\x0dm\xd72\
\x03\xd1\xe0\x8a\x22\xda\xedD\xc9\xd0\x00<&0\xb4\xe4\
\x04\xedVt\x05|/\xfd-\xda\xec\x9d\x82\xce\xf0\xa4\
\xce\x05\xef\xd0fo\xa5\xc3\xe7F\xd4\xd1V\xc7\x9e\xeb\
\x0f\x0f\xeb\xff\xdc1\xda\xaan\x04|\xad\xf0\x14\xed\xb4\
mF\x12<.i\xc66\xda\xe9T!\xfc+i\x1d\
m\x14Z\xd9\x07\xbe\xd0\xa7$D\x1b\xadK\x82Ou\
/\xa7}\x1a\x16\xa6\xc17\xd2\x9e\xac\xa7}\xca\xbb\xc3\
\x972\x0f\xd26\xd5sR\xe0+\xc9\xb3\x0f\xd06\x07\
3\xe1C\xc3\x1ah\x97\xb7'\x07\xe1;q\x13\xdf\xa2\
]\x1a\x86\xc1w\xf2C\xb4\xc9\xe6a\xf0\xa9\xa1\xbf\xa3\
MB\xf9\xf0\x99\xb9\x1d\xb4\xc7\x9f\xff'|\xec\xbb[\
h\x8f\x8e\xb9\xf0\x93\xf8b\xda\xe3/\xa3\xe0s7o\
\xa3=\x8a\xe3\xe1\x1b]6\xd1\x16\xef\xdc\x8a(0\xfa\
m\xdabS\x17\xf8D\x8f\x0a\xda\xa1\xe2\x07\x88\x12\xdf\
\xdfI;T\xf4\x80/\xf4:@\x1b\xd4\xfc0\x80\xa8\
\x11\xc8\xaf\xa1\x0d\x0e\xf4\x82\x0fd\xd60|-\x0b\x92\
\x11U\x92\x1eof\xf8j2\xe1y}\xeb\x18\xbeu\
\xdf@\xd4\xb9\xf6\x15\x86\xaf\xae/<np\x03\xc3\xf6\
\xde0D\xa5\xa1\xdb\x19\xb6\x86\xc1\xf0\xb4\xe1\xc7\x19\xae\
\xc3?\x89C\x94\x0a\xdcQ\xcbp\x1d\x1f\x0e\x0f\x1b\xd3\
\xc20\x9d~\xf6_\x10\xc5\xba,ng\x98Z\xc6\xc0\
\xb3r[\x19\xa6\xca!\x88r7\xeed\x98Zs\xe1\
Q\xd3\xda\x19\x9e\x93\xf3\x12\x10\xf5\xe2\x1fiax\xda\
\xa7\xc1\x93\xa6\x9dfx\xca2\x11\x132\xfe\xc4\xf0\x9c\
\x9e\x06\x0f\xcamgX\x8e\xfd$\x80Xq\xd7Q\x86\
\xa5=\x17\x9e3\xa6\x95a\xf9\xf5\xd7\x11C\xbe\xfek\
\x86\xa5u\x0c<fx\x0b\xc3\xd14\x1d1fz\x13\
\xc3\xd12\x1c\x9e2\xf88\xc3\xb1\xbb7bN\xefJ\
\x86\xe3\xf8`xH\xdf\x06\x86ce\x12bPR\x09\
\xc3\xd1\xd0\x17\x9e\x91Y\xc70\x9c\x98\x86\x185\xf5\x04\
\xc3P\x97\x09\x8f\xe8U\xc30Tf!feV0\
\x0c5\xbd\xe0\x09=\x0e0\x0c%I\x88a\x89\xcf3\
\x0c\x07z\xc0\x03\xbaT\xd0\xba\x13S\x11\xe3\xf2\x8e\xd3\
\xba\x8a.\x88\xb8\xf8M\xb4nW\x16b^\xc6{\xb4\
nS<\x22\xad\x98\xd6\xadH\x84B\xa7\x22ZW\x8c\
\x08\x9bK\xcb\x8e\xff\x10\xeaS\x93\x1bi\xd9\x5cDT\
~\x07\xad\xaa\xc8\x84\xfa\xa7\xeb\xde\xa5U\x1d\xf9\x88\xa0\
a!Z\xf5|\x22\xd4\xe7\xaeXF\xabB\xc3\x101\
\x99\x0d\xb4\xa8m:\xd4\x97\xe4\x85hQC&\x22\xa4\
\xfbAZtb4\xd4yF6\xd2\xa2\x83\xdd\x11\x11\
I\xe5\xb4\xe8\xbf\x06C}\xc5\x80:ZT\x9e\x84H\
XG\x8b>\xc8\x84\xba\x80\xeb\x0e\xd0\xa2u\x88\x80B\
ZT\xd9\x13\xea\x82\xd2\xde\xa3E\x85p\xdd\x88S\xb4\
fk*\xd4Et\xfd\x13\xad95\x02.K\xaf\xa3\
5\xff\x99\x08uQ\x9d\xd6\xd3\x9a\xbat\xb8\xea\x8a\xb7\
hMI\x10\xea\x12\xe2~Ek\xde\xba\x02n*\xa2\
5OB]\xc6\x02ZS\x04\x17\xcd\xa0%\xa7\xef\x85\
\xba\xacY\xa7i\xc9\x0c\xb8f@\x0b\xadh\x9d\x02%\
0\xb9\x95V\xb4\x0c\x80K\xbaU\xd3\x8a\xe39P\x22\
\xa3\x8e\xd3\x8a\xeanpE\xe0\x0dZqx\x10\x94\xd0\
\xa0\xc3\xb4\xe2\x8d\x00\xdc\xf00\xad\xa8\xce\x80\x12\xcb8\
H+\x1e\x86\x0bnl\xa3\x05\xd5=\xa0\x0c\xf48H\
\x0b\xdan\x84\xe3\x92\xf7\xd3\x82\xc3\x19PF2\x0e\xd3\
\x82\xfd\xc9pZ1-8~#\x94\xa1A\xc7iA\
1\x1c\x96K\x0bZs\xa0\x8c\x8dj\xa5\x05\xb9pT\
\xcfz\x9a;\x9d\x07e\xc1\xe4\xd34W\xdf\x13\x0e\x0a\
l\xa1\x05\xf7BY2\x8b\x16l\x09\xc09\x0f\xd1\x82\
\x85P\x16-\xa0\x05\x0f\xc11\x03[i\xae\x04\xca\xb2\
_\xd1\x5c\xeb@8$y\x1f\xcd\xfd6\x08eY\xdc\
z\x9a\xdb\x97\x0cg,\xa5\xb9\xad\x89Pa\xe8\xf4'\
\x9a[\x0aG\x0c9Mc\x95\xa9Pa\xe9\xfa\x1e\x8d\
\x9d\x1e\x02\x07$T\xd2\xd8\x87=\xa1\xc2\x94v\x80\xc6\
*\x13`\xbf\xf94v$\x13*l\xd7\xd5\xd1\xd8|\
\xd8.+DSM\x83\xa1l0\xa0\x91\xa6BY\xb0\
Y`+M\xb5\x8d\x86\xb2\xc5\xc8\x10Mm\x0d\xc0^\
3il\x06\x94M\xf2hl&l\x95\xdeHS\xc5\
P\xb6YFS\x8d\xe9\xb0\xd3k4U\x99\x04e\x9b\
+\xde\xa5\xa9\xd7`\xa3\xc94\xd5\xd4\x1b\xcaF\xd75\
\xd2\xd4d\xd8\xa6k-MM\x83\xb2\xd5d\x9a\xaa\xed\
\x0a\xbb<MS\xab\xa0lVDSO\xc3&\x19\xad\
4\xb4'\x19\xcaf\x9d\xde\xa3\xa1\xd6\x0c\xd8c\x03\x0d\
5_\x0fe\xbb\x8c\xe34\xb4\x01\xb6\x18MS\xb7C\
9 \x8f\xa6F\xc3\x06\xf1{i\xe8E(G<O\
C{\xe3\x11\xbe94\xf4\xb7\x14(G$V\xd0\xd0\
\x1c\x84\xed\xca\xa34\xd3r\x03\x94C2O\xd0\xcc\xd1\
+\x11\xae\x22\x1a\xba\x13\xca1Si\xa8\x08a\xfav\
;\xcd\xac\x85rP\x09\xcd\xb4\x7f\x1b\xe1\xd9B3\xef\
w\x86rPR%\xcdlAX\xc6\xd2LK_(\
G\xf5n\xa2\x99\xb1\x08\xc7v\x9a)\x80r\xd8t\x9a\
\xd9\x8e0\x8c\xa7\x99\x0dP\x8e\xfb\xbf43\x1e\x96\x05\
*h\xa4\xf1\x1a(\xc7\xa5\x1d\xa5\x91\x8a\x00\xac\x9aD\
3\xf7@\xb9\xe0\x0e\x9a\x99\x04\x8b\xe2\xf6\xd2\xc8\xd6\x00\
\x94\x1bJido\x1c\xac\x99J#\xa1,(W|\
\xb3\x99F\xa6\xc2\x92\xe0~\x1a\x99\x07\xe5\x92B\x1a\xd9\
\x1f\x84\x15?\xa6\x91\x8ax(\x97\x04\xdf\xa1\x91\x1f\xc3\
\x82\x84j\x9ah\xff\x0e\x94k\xfa\xb5\xd1Du\x02\xcc\
\xddM#\x8b\xa1\x5c\xb4\x90F\xee\x86\xb1\xe0\x074Q\
\xdb\x05\xcaE\xc9\xff\x8f&>\x08\xc2T\x1e\x8d\xdc\x01\
\xe5\xaa\xa94\x92\x07S\xdbib{\x00\xcaU\x81r\
\x9a\xd8\x0eC#hd(\x94\xcb\x86t\xd0\xc4\x08\x98\
\xd9H\x13\xaf@\xb9n\x0dMl\x84\x91\xde\x1d4\xd0\
|-\x94\xeb\xd2\x9bh\xa0\xa37L\x94\xd0\xc4\xe3P\
\x11\xf0(M\x94\xc0@Z\x88\x06j\x92\xa0\x22 \xe9\
\x10\x0d\x84\xd2 \xf7$M\xe4CED>M<\x09\
\xb1\xe4z\x1a\xd8\x19\x80\x8a\x88\xc0N\x1a\xa8O\x86\xd4\
l\x9a\xf8>T\x84|\x9f&fC(PE\x03o\
CE\xcc\xdb4P\x15\x80L\x0eM\x8c\x86\x8a\x98\xd1\
4\x91\x03\x99u4\xb0\x0d*\x82\xb6\xd1\xc0:\x88\x5c\
\xd5J\x037CE\xd0\xcd4\xd0z\x15$\x0ai`\
\x0bTDm\xa1\x81BH\xec\xa3\x81\xefBE\xd4w\
i`\x1f\x04\x86\xd1\xc0\xef\xa0\x22\xecw40\x0c\x97\
\xb7\x86\x06\x86BE\xd8P\x1aX\x83\xcbJm\xa1\xdc\
[P\x11\xf7\x16\xe5ZRq9\xf7\xd2\xc0D\xa8\x88\
\x9bH\x03\xf7\xe2rvQ\xee@\x1cT\xc4\xc5\x1d\xa0\
\xdc.\x5cF6\x0d\xcc\x86\xf2\x80\xd94\x90\x8dK+\
\xa2\x5c}2\x94\x07$\xd7S\xae\x08\x97\x14<L\xb9\
'\xa1<\xe1I\xca\x1d\x0e\xe2Rr(\x17J\x83\xf2\
\x84\xb4\x10\xe5rp)+(W\x02\xe5\x11%\x94[\
\x81K\x88\xaf\xa7\x5c\x1f(\x8f\xe8C\xb9\xfax\x5c\xdc\
\x18\xcam\x83\xf2\x8cm\x94\x1b\x83\x8b[E\xb9\x19P\
\x9e1\x83r\xabpQ\x09G)v,\x09\xca3\x92\
\x8eQ\xech\x02.f\x1c\xe5\x9e\x83\xf2\x90\xe7(7\
\x0e\x17\xb3\x86r\xfd\xa1<\xa4?\xe5\xd6\xe0\x22:5\
R\xec\x1d(Oy\x87b\x8d\x9dpa\xe3)W\x00\
\xe5)\x05\x94\x1b\x8f\x0b[M\xb1\x13\x9d\xa1<\xa5\xf3\
\x09\x8a\xad\xc6\x05\x05j)V\x02\xe51%\x14\xab\x0d\
\xe0B\x06Rn(\x94\xc7\x0c\xa5\xdc@\x5c\xc8<\x8a\
\xd5\x04\xa0<&PC\xb1y\xb8\x90m\x14[\x0c\xe5\
9\x8b)\xb6\x0d\x17\x90\xdaN\xb1!P\x9e3\x84b\
\xed\xa9\xf8\xaa)\x14\xab\x86\xf2\xa0j\x8aM\xc1W\xbd\
@\xb1EP\x1e\xb4\x88b/\xe0+\x02\xb5\x14\x1b\x04\
\xe5A\x83(V\x1b\xc0\xf9\x06Q\xac\x0a\xca\x93\xaa(\
6\x08\xe7\x9bO\xb1\x85P\x9e\xb4\x90b\xf3q\xbe7\
)\xd6\x0f\xca\x93\xfaQ\xecM\x9c'\xa5\x9dRUP\
\x1eUE\xa9\xf6\x14|\xd9(\x8a-\x83\xf2\xa8e\x14\
\x1b\x85/{\x94b\xb7By\xd4\xad\x14{\x14_\xb6\
\x89R-\x89P\x1e\x95\xd8B\xa9M\xf8\x92\xb8O(\
\xf5\x06\x94g\xbdA\xa9O\xe2p\xae~\x14\x9b\x03\xe5\
Ys(\xd6\x0f\xe7\x9aI\xb1\xeb\xa0<\xeb:\x8a\xcd\
\xc4\xb9\xd6R\xea\xefP\x1e\xf6wJ\xad\xc5\xb9\xaa)\
\xf5,\x94\x87=K\xa9j\x9c\xa3\x07\xc5n\x85\xf2\xb0\
[)\xd6\x03_\x98D\xa9P\x22\x94\x87%\x86(5\
\x09_XJ\xa9\xbf@y\xda_(\xb5\x14_(\xa7\
\xd4\xd3P\x9e\xf64\xa5\xca\xf1\xb9\xb8fJ\x8d\x87\xf2\
\xb4\xf1\x94j\x8e\xc3Y\x19\x14\xbb\x0a\xca\xd3\xae\xa2X\
\x06\xce\x9aH\xa9\xf7\xa1<\xee}JM\xc4Y\x0b(\
\xb5\x0a\xca\xe3VQj\x01\xcez\x95RwBy\xdc\
\x9d\x94z\x15gUQ*\x0b\xca\xe3\xb2(U\x85\x7f\
J\xe9\xa0\xd0\x11(\xcf;B\xa1\x8e\x14|&\x9bR\
\xbf\x85\xf2\xbc\xdfR*\x1b\x9f)\xa0\xd4\xe3P\x9e\xf7\
\x18\xa5\x0a\xf0\x99e\x94\xca\x85\xf2\xbc\x09\x94Z\x86\xcf\
\x94Q*\x03\xca\xf3\xfe\x95Re\xf8L\x03\x85\x9a\xe2\
\xa0</p\x9cB\x0d\xf8\xd4\xd5\x94z\x1b\xca\x07\xfe\
B\xa9\xabqF6\xa5VB\xf9\xc0\xaf(\x95\x8d3\
\xf2)u\x1f\x94\x0f\xdcC\xa9|\x9c1\x97R#\xa1\
|\xe0&J\xcd\xc5\x19\xc5\x94\xba\x12\xca\x07\xbavP\
\xa8\x18g\x94R\xe8c(_\xa8\xa6P)\xce8H\
\xa1R(_\xd8H\xa1\x83\xf8o\xc16\x0a\x15C\xf9\
\xc22\x0a\xb5\x05\x01\xf4\xa2\xd4\x5c(_(\xa4T/\
\x007S*\x1f\xca\x17&R\xeaf\x00wP*\x1b\
\xca\x17\x06Q\xea\x0e\x00OP\xeaj(_\xf8\x1a\xa5\
\x9e\x00\xb0\x96B\xcdP>q\x9cBk\x01\x94Rh\
\x0f\x94OTR\xa8\x14\xc0N\x0a\xbd\x0e\xe5\x13\x1b(\
\xb4\x13@\x0d\x85\x96C\xf9\xc42\x0a\xd5\x00h\xa6P\
!\x94O\x14R\xa8\x19H\xa4T\x1e\x94O\xe4Q*\
\x11\xe9\x94\xca\x81\xcbn\xf8\xc1O\x17<\xff\xa2\xcf\xad\
\xf8\xf7\x99\xe3\xfb\xc2e9\x94JG?J\xf5\x87\x8b\
\x82\xc3\x97~\xc0\xa8q\xe8\x97#\x82pQ\x7fJ\xf5\
\xc3HJ\xa5\xc35\x81\xfc\x03\x8c2\x07\xa6\x06\xe0\x9a\
tJ\x8d\xc4$J%\xc2-\xdf{\x8fQ\xa8b,\
\xdc\x92H\xa9I\x98I\xa1&\xb8$\xee\x7f3J\xfd\
\x22\x0e.i\xa2\xd0L\xcc\xa7\xd0\x87pG\x97\x0d\x8c\
Z\xafw\x81;>\xa4\xd0|,\xa1\xd0\xbbpE\xb7\
JF\xb1\xcanp\xc5\xbb\x14Z\x82\x97(\xb4\x09n\
\x88/eT+\x8d\x87\x1b6Q\xe8%\xac\xa7\xd0\xcb\
p\xc3rF\xb9\xe5p\xc3\xcb\x14Z\x8f\x8d\x14z\x16\
.\x98\xc6\xa87\x0d.x\x96B\x1b\xb1\x99B\x0b\xe1\
\xbc\xa4\x7f0\xea}\x94\x0c\xe7-\xa4\xd0f\x94Q\xe8\
18\xefa\xc6\x80\xf9p\xdec\x14*C9\x85\x1e\
\x81\xe3R\x8f2\x064^\x05\xc7=B\xa1r\xec\xa0\
\xd0\xfdp\xdc,\xc6\x84\x07\xe0\xb8\xfb)\xb4\x03{(\
4\x0b\x8e+eL(\x83\xe3fQh\x0f\xaa(t\
\x17\x9c\x96\xda\xc6\x98\xd0\xfe58\xed.\x0aU\xe1\x10\
\x85\xa6\xc3i?b\x8c\x98\x06\xa7M\xa7\xd0!\xd4Q\
h\x0a\x9c\xb6\x881\xe2\xe7p\xda\x14\x0a\xd5\xe1\x18\x85\
&\xc0i/1F\xfc\x07\x9c6\x81B\xc7\xd0L\xa1\
\xb1p\xda\x1f\x18#\xfe\x0c\xa7\x8d\xa5P3\xda)\x94\
\x03\xa7\xedf\x8c\xf8;\x9c\x96C\xa1v\xb4S(\x07\
N\xdb\xcd\x18\xf1w8-\x87B\xedh\xa6\xd0X8\
\xed\x0f\x8c\x11\x7f\x86\xd3\xc6R\xa8\x19\xc7(4\x01N\
{\x891\xe2?\xe0\xb4\x09\x14:\x86:\x0aM\x81\xd3\
\x161F\xfc\x1cN\x9bB\xa1:\x1c\xa2\xd0t8\xed\
G\x8c\x11\xd3\xe0\xb4\xe9\x14:\x84*\x0a\xdd\x05\xa7\xa5\
\xb61&\xb4\x7f\x0dN\xbb\x8bBU\xd8C\xa1Yp\
\x5c)cB\x19\x1c7\x8bB{\xb0\x83B\xf7\xc3q\
\xb3\x18\x13\x1e\x80\xe3\xee\xa7\xd0\x0e\x94S\xe8\x118.\
\xf5(c@\xe3Up\xdc#\x14*G\x19\x85\x1e\x83\
\xf3\x1ef\x0c\x98\x0f\xe7=F\xa12l\xa6\xd0B8\
/\xe9\x1f\x8cz\x1f%\xc3y\x0b)\xb4\x19\x1b)\xf4\
,\x5c0\x8dQo\x1a\x5c\xf0,\x856b=\x85^\
\x86\x1b\x963\xca-\x87\x1b^\xa6\xd0z\xbcD\xa1\xcd\
pC|)\xa3Zi<\xdc\xb0\x99B/a\x09\x85\
\xde\x85+\xbaU2\x8aUv\x83+\xde\xa5\xd0\x12\xcc\
\xa7\xd0\x87pG\xe7\xffd\xd4z\xad\x0b\xdc\xf1!\x85\
\xe6c&\x85\x9a\xe0\x92\xc0\xbfw0:=\x15\x07\x97\
4Qh&&Q*\x11n\x19\xfe6\xa3\xd0\xbb\xa3\
\xe0\x96DJM\xc2HJ]\x03\xf7L\xa9b\x949\
\x90\x17\x80k\xae\xa1\xd4H\xf4\xa3\xd4\x00\xb8(8|\
\xe9\x07\x8c\x1a\x87~9\x22\x08\x17\x0d\xa0T?\xa4S\
\xea\x16\xb8\xec\x86\x1f\xfct\xc1\xf3/\xfa\xdc\x8a\x7f\x9f\
9\xbe/\x5cv\x0b\xa5\xd2\x91H\xa9<(\x9f\xc8\xa3\
T\x22\xd0L\xa1\x07\xa1|\xe2A\x0a5\x03\xa8\xa1\xd0\
sP>\xb1\x9cB5\x00vR\xe8u(\x9f\xd8H\
\xa1\x9d\x00J)\xb4\x17\xca'vS\xa8\x14\xc0Z\x0a\
5C\xf9\xc4q\x0a\xad\x05\xf0\x04\xa5\xd2\xa0|\xe1J\
J=\x01\xe0\x0eJeC\xf9\xc2\x8d\x94\xba\x03\xc0\xcd\
\x94\xca\x87\xf2\x85\xffE\xa9\x9b\x01\xf4\xa2\xd4\x5c(_\
x\x90R\xbd\x00\x04\xdb(T\x0c\xe5\x0b\xcb)\xd4\x16\
\xc4\x7f;H\xa1R(_\xd8H\xa1\x838\xa3\x94B\
\x1fC\xf9B5\x85JqF1\xa5\xae\x84\xf2\x81\xae\
\x1d\x14*\xc6\x19s)5\x12\xca\x07n\xa2\xd4\x5c\x9c\
\x91O\xa9\xfb\xa0|\xe0\x1eJ\xe5\xe3\x8clJ\xad\x84\
\xf2\x81_Q*\x1bg\x5cM\xa9\xb7\xa1|\xe0/\x94\
\xba\x1a\x9fj\xa0PS\x1c\x94\xe7\x05\x8eS\xa8\x01\x9f\
)\xa3T\x06\x94\xe7\xfd+\xa5\xca\xf0\x99e\x94\xca\x85\
\xf2\xbc\x09\x94Z\x86\xcf\x14P\xeaq(\xcf{\x8cR\
\x05\xf8L6\xa5^\x83\xf2\xbc\xd7(\x95\x8d\xcf\xa4t\
P\xe8\x08\x94\xe7\x1d\xa1PG\x0a\xfe\xa9\x8aRYP\
\x1e\x97E\xa9*\x9c\xf5*\xa5\xee\x84\xf2\xb8;)\xf5\
*\xceZ@\xa9\xd5P\x1e\xb7\x9aR\x0bp\xd6DJ\
\xed\x87\xf2\xb8\xfd\x94\x9a\x88\xb32(\xd6\x1d\xca\xd3\xba\
S,\x03g\xc55Sj\x02\x94\xa7M\xa0Ts\x1c\
>WN\xa9g\xa0<\xed\x19J\x95\xe3\x0bK)U\
\x0e\xe5i\xe5\x94Z\x8a/L\xa2Tk\x12\x94\x87%\
\xb5Rj\x12\xbe\xd0\x83b\xb7Ay\xd8m\x14\xeb\x81\
sTSj9\x94\x87-\xa7T5\xce\xb5\x96R\x07\
\xa0<\xec\x00\xa5\xd6\xe2\x5c3)\xf6-(\xcf\xfa\x16\
\xc5f\xe2\x5c\xfd(v\x1f\x94g\xddG\xb1~8W\
\xdc'\x94\xfa=\x94g\xfd\x9eR\x9f\xc4\xe1K6Q\
\xead\x12\x94G%\x9d\xa4\xd4&|\xd9\xa3\x14\x1b\x0b\
\xe5Qc)\xf6(\xbel\x14\xc5\x96Ay\xd42\x8a\
\x8d\xc2\x97\xa5\xb4S\xaa\x0a\xca\xa3\xaa(\xd5\x9e\x82\xf3\
\xbcI\xb1~P\x9e\xd4\x8fbo\xe2|\xf3)\xb6\x10\
\xca\x93\x16Rl>\xce7\x88bUP\x9eTE\xb1\
A8_\xa0\x96b\x83\xa0<h\x10\xc5j\x03\xf8\x8a\
\x17(\xb6\x08\xca\x83\x16Q\xec\x05|\xd5\x14\x8aUC\
yP5\xc5\xa6\xe0\xabR\xdb)6\x04\xcas\x86P\
\xac=\x15\x17\xb0\x8db\x8b\xa1<g1\xc5\xb6\xe1B\
\xe6Q\xac&\x00\xe51\x81\x1a\x8a\xcd\xc3\x85\x0c\xa4\xdc\
P(\x8f\x19J\xb9\x81\xb8\x90@-\xc5J\xa0<\xa6\
\x84b\xb5\x01\x5c\xd0j\x8a\x9d\xe8\x0c\xe5)\x9dOP\
l5.l<\xe5\x0a\xa0<\xa5\x80r\xe3qa\x9d\
\x1a)\xf6\x0e\x94\xa7\xbcC\xb1\xc6N\xb8\x885\x94\xeb\
\x0f\xe5!\xfd)\xb7\x06\x173\x8er\xcfAy\xc8s\
\x94\x1b\x87\x8bI8J\xb1cIP\x9e\x91t\x8cb\
G\x13pQ\xab(7\x03\xca3fPn\x15.n\
\x0c\xe5\xb6Ay\xc66\xca\x8d\xc1\xc5\xc5\xd7S\xae\x0f\
\x94G\xf4\xa1\x5c}<.a\x05\xe5VBy\xc4J\
\xca\xad\xc0\xa5\xe4P.\x94\x06\xe5\x09i!\xca\xe5\xe0\
R\x82\x87)\xb7\x10\xca\x13\x16R\xeep\x10\x97TD\
\xb9\x86\x14(\x0fHi\xa0\x5c\x11.-\x9b\x06\xe6@\
y\xc0\x1c\x1a\xc8\xc6e\xec\xa2\x5cu\x10*\xe2\x82\xd5\
\x94\xdb\x85\xcb\xb9\x97\x06&CE\xdcd\x1a\xb8\x17\x97\
\x93\xdaB\xb9\xb7\xa1\x22\xeem\xca\xb5\xa4\xe2\xb2\xd6\xd0\
\xc00\xa8\x08\x1bF\x03kpy\xc3h`3T\x84\
m\xa6\x81a\x10\xd8G\x03\xc3\xa0\x22j\x18\x0d\xec\x83\
D!\x0d\x94AET\x19\x0d\x14B\xe2\xaaV\x1a\xb8\
\x05*\x82n\xa1\x81\xd6\xab \xb2\x8e\x06\xca\xa1\x22\xa8\
\x9c\x06\xd6A&\x87&\xc6AE\xcc8\x9a\xc8\x81L\
\xa0\x8a\x06v\x04\xa0\x22$\xb0\x83\x06\xaa\x02\x10\x9aM\
\x13\xb9P\x11\x92K\x13\xb3!\x95\x5cO\x03\xbb\xe3\xa0\
\x22\x22n7\x0d\xd4'C\xecI\x9a\x98\x0e\x15\x11\xd3\
i\xe2I\xc8\xa5\x85h\xe0\x1f)P\x11\x90\xfc\x0f\x1a\
\x08\xa5\xc1@\x09M,\x84\x8a\x80'h\xa2\x04&z\
w\xd0\xc0\xc9\xff\x01\xe5\xbao\xb4\xd0@Go\x18\xd9\
H\x13\xbf\x86r\xdd\xff\xa1\x89\x8d03\x82FF@\
\xb9l(\x8d\x8c\x80\xa1\xed4\xb13\x0e\xcaU\x81\xed\
4\xb1\x1d\xa6\xf2h\xa4\x00\xcaU\xb7\xd3H\x1eL\x05\
?\xa0\x89\xff\xfa\x17(\x17u\xfe\x98&>\x08\xc2X\
\x01\x8d<\x0b\xe5\xa2\x9f\xd3H\x01\xcc%\x1c\xa4\x89\xd3\
C\xa0\x5c3\xf0\x14M\x1cL\x80\x05\xb7\xd3He\x02\
\x94K\x82;h\xe4vX\x11|\x9fF\xe6A\xb9\xe4\
!\x1ay?\x08K\xf2i\xe4d&\x94+\xaek\xa1\
\x91|X\x13\xb7\x9bF\xca\x02Pn\xf8#\x8d\xec\x8e\
\x83E\x13i\xe6'P.\xb8\x93f&\xc2\xaa\xc0{\
4r\xec\xebP\x8e\xfb\xfaQ\x1ay/\x00\xcb\xc6\xd1\
\xcc\xaf\xa1\x1c\xf7k\x9a\x19\x870\xfc\x95f\xa6C9\
l:\xcd\xfc\x15\xe1\xf8\x1e\xcd4\xf5\x86rT\xef&\
\x9a\xf9\x1e\xc2\xb2\x89fv'A9(i7\xcdl\
Bx\xae?E3+\xa1\x1c\xb4\x92fN]\x8f0\
\xfd\x92\x86\xa6A9f\x1a\x0d\xfd\x12\xe1J=B3\
'\xb2\xa0\x1c\x92u\x82f\x8e\xa4\x22l\xf7\xd0Pe\
\x12\x94#\x92*i\xe8\x1e\x84/XIC%P\x8e\
(\xa1\xa1\xca l0\x92\xa6\xa6B9`*M\x8d\
\x84-~CC'\xb2\xa0l\x97u\x82\x86~\x03{\
|3DC\xbb\x12\xa1l\x96\xb8\x8b\x86B\xdf\x84M\
\x9e\xa2\xa9\x15P6[ASO\xc1.\x9d?\xa2\xa9\
\x1fB\xd9\xea\x874\xf5Qg\xd8f\x02M\x1d\xcf\x84\
\xb2Q\xe6q\x9a\x9a\x00\x1b\xad\xa7\xa9\x8aD(\xdb$\
V\xd0\xd4z\xd8\xa9\xc71\x9az\x1e\xca6\xcf\xd3\xd4\
\xb1\x1e\xb0U\x01\x8dM\x87\xb2\xc9t\x1a+\x80\xbd\x02\
e4\xd56\x1a\xca\x16\xa3\xdbh\xaa,\x00\x9be\x9e\
\xa4\xa9\xa6\xc1P6\x18\xdcDS'3a\xbby4\
v$\x0b*lYGhl\x1e\xec\x17\xbf\x8b\xc6>\
\xec\x09\x15\xa6\x9e\x1f\xd2\xd8\xaex8`\xf0i\x1a\xdb\
\xdd\x0d*,\xddv\xd3\xd8\xe9\xc1p\xc4\x12\x9a{3\
\x09*\x0cIo\xd2\xdc\x128#y\x1f\xcdm\x08B\
Y\x16\xdc@s\xfb\x92\xe1\x90\x81\xad4\xb7\x1a\xca\xb2\
\xd54\xd7:\x10\x8ey\x88\x16,\x82\xb2h\x11-x\
\x08\xce\x09l\xa1\x05\x0f@Y\xf2\x00-\xd8\x12\x80\x83\
z\xd6\xd3\x5c\xc7\x8f\xa0,\xf8Q\x07\xcd\xd5\xf7\x84\xa3\
riA\xdb\xadP\xc6nm\xa3\x05\xb9pX1-\
h\xca\x862\x94\xddD\x0b\x8a\xe1\xb4\xe4\xfd\xb4\xa0\xbe\
7\x94\x91\xde\xf5\xb4`\x7f2\x1cwc\x1b-8t\
-\x94\x81k\x0f\xd1\x82\xb6\x1b\xe1\x82\x87iEMo\
(\xb1\xde5\xb4\xe2a\xb8!\xf0\x06\xad\xa8\xcf\x86\x12\
\xca\xae\xa7\x15o\x04\xe0\x8an\xd5\xb4\xa2\xe9V(\x91\
[\x9bhEu7\xb8d@\x0b\xadh\x9b\x06%0\
\xad\x8dV\xb4\x0c\x80kf\xd0\x92\x8e\x07\xa0.\xeb\x81\
\x0eZ2\x03.*\xa25\x8b\xa0.c\x11\xad)\x82\
\x9b\xaex\x8b\xd6\xbc\x10\x0fu\x09\xf1/\xd0\x9a\xb7\xae\
\x80\xab\xd2\xebh\xcd\xc6$\xa8\x8bJ\xdaHk\xea\xd2\
\xe1\xb2\x11\xa7h\xcd\x9b\xdd\xa0.\xa2\xdb\x9b\xb4\xe6\xd4\
\x08\xb8\xae\x90\x16\xedI\x87\xba\xa0\xf4=\xb4\xa8\x10\x11\
\xb0\x8e\x16\x1d\xca\x82\xba\x80\xacC\xb4h\x1d\x22!\xa9\
\x9c\x16\x1d\x19\x02\xf5\x15C\x8e\xd0\xa2\xf2$DD\xf7\
\x83\xb4\xa8i\x0c\xd4y\xc64\xd1\xa2\x83\xdd\x11!\x99\
\x0d\xb4\xa8m\x06\xd4\x97\xcch\xa3E\x0d\x99\x88\x98a\
!ZU\x9c\x04\xf5\xb9\xa4bZ\x15\x1a\x86\x08\xca\xef\
\xa0U\x95\xbd\xa1\xfe\xa9w%\xad\xea\xc8GD\xcd\xa5\
eM\xd3\xa0>5\xad\x89\x96\xcdE\x84\x15\xd3\xbaU\
\xc9PH^E\xeb\x8a\x11i\xf1\x9bh\xdd\x9e\xeb\x11\
\xf3\xae\xdfC\xeb6\xc5#\xe2\xbaT\xd0\xba\xe6\xdb\x11\
\xe3no\xa6u\x15]\xe0\x01=\x0e0\x0c/\xa6 \
\x86\xa5\xbc\xc80\x1c\xe8\x01O\xe8U\xc30\xfc\xed\x06\
\xc4\xac\x1b\xfe\xc60\xd4\xf4\x82Gd\xd61\x0c-w\
\x22F\xdd\xd9\xc20\xd4e\xc23\xfa60\x1ck;\
#\x06u^\xcbp4\xf4\x85\x87\x0c>\xcep\xbc\xdf\
\x171\xa7\xef\xfb\x0c\xc7\xf1\xc1\xf0\x94\xe1-\x0cGK\
\x01bLA\x0b\xc3\xd12\x1c\x1e3\xa6\x95a\xd9p\
\x0db\xc85\x1b\x18\x96\xd61\xf0\x9c\xdcv\x86\xa5\xf1\
\x9e\x00bD\xe0\x9eF\x86\xa5=\x17\x1e4\xed4\xc3\
\xb35\x0b1!k+\xc3sz\x1a<iZ;\xc3\
\x13\x9a\x17\x8f\xa8\x17?/\xc4\xf0\xb4O\x83G\xe5\xb6\
2L\x15\xdfA\x94\xfbN\x05\xc3\xd4\x9a\x0b\xcf\x1a\xd3\
\xc20\xb5/\xee\x82(\xd6eq;\xc3\xd42\x06\x1e\
6\xfc8\xc3U{G\x00Q*pG-\xc3u|\
8<mp\x03\xc3\xb6}(\xa2\xd2\xd0\xed\x0c[\xc3\
`x\x5c\xdf:\x86\xef\x95k\x11u\xae}\x85\xe1\xab\
\xeb\x0b\xcf\xcb\xaca\xf8\x9a\x1fOBTIz\xbc\x99\
\xe1\xab\xc9\x84\x0f\xf4:@\x1b\xd4\xe4\x07\x105\x02\xf9\
5\xb4\xc1\x81^\xf0\x85\x1e\x15\xb4C\xc5xD\x89\xf1\
\x15\xb4CE\x0f\xf8D\x97M\xb4\xc5\xbb\xb7!\x0a\xdc\
\xf6.m\xb1\xa9\x0b|#\xbe\x98\xf6(\xbf\x05>w\
K9\xedQ\x1c\x0f?\x99\xdbA{l\x1d\x01\x1f\x1b\
\xb1\x95\xf6\xe8\x98\x0b\x9f\xc9\x0f\xd1&\x7f\x1c\x05\x9f\x1a\
\xf5G\xda$\x94\x0f\xdf\x19\xd6@\xbb\xbc75\x1e\xbe\
\x13?\xf5=\xda\xa5a\x18|(\xf3 mS\xf3`\
W\xf8J\xd7\x07kh\x9b\x83\x99\xf0\xa5\xee\xe5\xb4O\
\xe33\xd7\xc07\xaey\xa6\x91\xf6)\xef\x0e\x9fJZ\
G\x1b\xb5\xad\x1d\x08_\x18\xb8\xb6\x8d6Z\x97\x04\xff\
*<E;m\xbf\xbb\x0b<\xae\xcb\xdd\xdbi\xa7S\
\x85\xf0\xb5\x11u\xb4\xd5\x89\x95\xd9\xf0\xb0\xec\x95'h\
\xab\xba\x11\xf0\xb9\xf4\xb7h\xb3\xca9\xdd\xe0I\xdd\xe6\
T\xd2fo\xa5\xc3\xf7\xae(\xa2\xddN\xae\x1d\x15\x07\
\x8f\x89\x1b\xb5\xf6$\xedVt\x05\xa2\xc1\x8c\x16\xda\xae\
v\xf9M\x01xF\xe0\xa6\xe5\xb5\xb4]\xcb\x0cD\x89\
\x01\xd5t@\xcd\xe2\xc1\xf0\x84\xc1\x8bk\xe8\x80\xea\x01\
\x88\x1a\xdd\xde\xa0#\x0e>\xd5\x0f\x11\xd6\xef\xa9\x83t\
\xc4\x1b\xdd\x10E\x02\x0f\xb7\xd1\x19U\xcb\xc7%#B\
\x92\xc7-\xaf\xa23\xda\x1e\x0e \xba\xdc\xb8\x9fN\x09\
\xfd\xa1\xb0\x0f\x5c\xd7\xa7\xf0\x0f!:e\xff\x8d\x88:\
\xc9\xc5t\xd0\xa1\x15\xb9]\xe1\x9a\xae\xb9+\x0e\xd1A\
\xc5\xc9\x88F\xb9\xf5tR\xfb\xce\xe5\xf9\xd7\xc0q\xd7\
\xe4/\xdf\xd9N'\xd5\xe7\x22J\xf5\xdcB\xa7\x1dz\
eV\xff88$\xae\xff\xacW\x0e\xd1i[z\x22\
j\x05\x1ej\xa5\xf3\x1a7?\x95\xdf'\x1e\xb6\x8a\xef\
\x93\xff\xd4\xe6F:\xaf\xf5\xa1\x00\xa2\xd9\xc0}tG\
h\xc7\x0b\x0f\xe4t\x87\x0d\xba\xe7<\xf0\xc2\x8e\x10\xdd\
\xb1o \xa2\x5c\xf2\xd2\xd3t\xcf\xc7\xa5\xc5s\xf3\xb3\
\xaf\x86%i\xd9\xf9s\x8bK?\xa6{N/IF\
\xf4\x1bRI\xb75\xefy}ya\xde-\x03\xbf\x91\
\x82\xcbJ\xf9\xc6\xc0\xef\xe5?\xf8\xdc\xeb{\x9b\xe9\xb6\
]\x83\x11\x13\x12\xe6\x87\x18)\xa1\x8f*\xff\xbc\xfe\xf9\
\xc5O=\xfe\xb3\xc2\xd9\x053\xf2s\xc7\x8d\xcb\xcd\x9f\
Q0\xbb\xf0g\x8f?\xb5\xf8\xf9\xf5\x7f\xae\xfc(\xc4\
H99/\x1e\xb1\x22k+\xd5y\xca2\x11C\x02\
3\x1b\xa9\xceq\xac \x80\xd8\x92\xfe\x1a\xd5\xe7\xd6\xf7\
@\xec\x99\x5cK\xf5\xa9\x8f& &u}\xba\x95\x8a\
\xa1\xa7:#Vel`\xcc\xfb\xcd7\x11\xcbF\xef\
eL\xab\x1c\x89\x18\x17?\xe7(c\xd6\x91{\x82P\
W\x16\xb53&\x9d\xfae*\xd4\x19\xdf\xde\xc2\x18\xb4\
\xe9z\xa8\xb3\xc6ng\x8c\xf9\xeb\xf7\xa0\xce5\xbe\x82\
1\xe4\xbdqP\xe7\x09L\xda\xcb\x18\xb1{b\x00\xea\
\xab\xe2\xa6\xeeg\x0cx??\x0e\xea\xc2\x82?\xaef\
\x94;x{\x10\xea\xe2\x12\xee\xfe\x80Q\xec\x83\x82\x04\
\xa8K\x0b\xe6mg\x94z'/\x08%0bc\x07\
\xa3N\xc7\x86\xe1PR\xbdKB\x8c*'WdA\
\x99H{\xb2\x9eQ\xe3\xc8\x82\xeeP\xa6\x92gW1\
*\xbc\xff\xd3$(+\x029\xebZ\xe9s\xa1Wn\
\x86\xb2\xee\xaa\xc2}\xf4\xb1\xbd\xf7_\x09\x15\xa6ak\
Z\xe8K-/\xdd\x04e\x87\xd4{w\xd1wv\xdd\
\x9b\x0ae\x9b\xec\xa2\xc3\xf4\x91\xc3EC\xa0\xec\x15\xcc\
YQO_\xa8_\x91\x13\x84r@\xfc\x98UG\xe9\
qGW\x8d\x89\x87rL\xc2\xb85\x8d\xf4\xac\xc65\
\xe3\x12\xa0\x1c\xd6i\xfc\xea\x8f\xe9A\x1f\xaf\x1e\xdf\x09\
\xca\x1d\xfd\x7fVv\x8a\x1er\xaa\xecg\xfd\xa1\x5c\xd5\
ubq\x0d=\xa1\xa6xbW\xa8H\xb8\xe1\xdf\xb6\
\x84\x18Q\xa1-\xffv\x03T\x04u\xba\xe9\x91\x0d\xf5\
\x8c\x88\xfa\x0d\x8f\xdc\xd4\x09*\xf2\x02\xd7\x17\xbcXE\
WU\xbdXp}\x00\xcaC\xd2&.)o\xa6\x0b\
\x9a\xcb\x97LL\x83\xf2\xa2\xb8\x8c\x89\x0b^\xad\xea\xa0\
C:\xaa^]01#\x0e\xca\xdbR\xb2\x0b\x96\x95\
5\xd0V\x0de\xcb\x0a\xb2S\xa0\xfc\xe3\xea!y\x8f\
<\xbfi\x7f\x88a\x09\xed\xdf\xf4\xfc#yC\xae\x86\
\xf2\xa9@\x8f\xa1S\xe7\x97\xbc\xfe\xd7\xaac\x1d\x14\xeb\
8V\xf5\xd7\xd7K\xe6O\x1d\xda#\x00\x15-\xe2\xd3\
\xfa\x0c\x9fX0\xf7\x17/\xad\xdf\xb8\xb9\xac|\xc7\x9e\
\xaaCu\xc7\x9a\xdb\xdb\x9b\x8f\xd5\x1d\xaa\xda\xb3\xa3\xbc\
l\xf3\xc6\xf5/\xfdbn\xc1\xc4\xe1}\xd2\xe2\x113\
\xfe?\x99\x05\xf8\xb4h|\x13n\x00\x00\x00\x00IE\
ND\xaeB`\x82\
"

qt_resource_name = b"\
\x00\x09\
\x0cxT\x88\
\x00n\
\x00e\x00w\x00P\x00r\x00e\x00f\x00i\x00x\
\x00\x06\
\x07\x03}\xc3\
\x00i\
\x00m\x00a\x00g\x00e\x00s\
\x00\x13\
\x00\x07\xe1\x87\
\x00r\
\x00o\x00b\x00o\x00t\x00i\x00c\x00 \x00a\x00r\x00m\x00 \x00i\x00d\x00p\x00.\x00p\
\x00n\x00g\
\x00\x08\
\x03\xc6Y\xa7\
\x00p\
\x00l\x00u\x00s\x00.\x00p\x00n\x00g\
\x00\x0a\
\x0c\xa0\xd7\xe7\
\x00m\
\x00i\x00n\x00u\x00s\x00_\x00.\x00p\x00n\x00g\
"

qt_resource_struct = b"\
\x00\x00\x00\x00\x00\x02\x00\x00\x00\x01\x00\x00\x00\x01\
\x00\x00\x00\x00\x00\x00\x00\x00\
\x00\x00\x00\x00\x00\x02\x00\x00\x00\x01\x00\x00\x00\x02\
\x00\x00\x00\x00\x00\x00\x00\x00\
\x00\x00\x00\x18\x00\x02\x00\x00\x00\x03\x00\x00\x00\x03\
\x00\x00\x00\x00\x00\x00\x00\x00\
\x00\x00\x00*\x00\x00\x00\x00\x00\x01\x00\x00\x00\x00\
\x00\x00\x01\x9b\xabjL\xd9\
\x00\x00\x00V\x00\x00\x00\x00\x00\x01\x00\x01\xcb'\
\x00\x00\x01\x9b\xabjL\xd7\
\x00\x00\x00l\x00\x00\x00\x00\x00\x01\x00\x01\xea\xe9\
\x00\x00\x01\x9b\xabjL\xd6\
"

def qInitResources():
    QtCore.qRegisterResourceData(0x03, qt_resource_struct, qt_resource_name, qt_resource_data)

def qCleanupResources():
    QtCore.qUnregisterResourceData(0x03, qt_resource_struct, qt_resource_name, qt_resource_data)

qInitResources()
